  0
SECTION
  2
HEADER
  9
$ACADVER
  1
AC1027
  9
$ACADMAINTVER
 70
   125
  9
$DWGCODEPAGE
  3
ANSI_1252
  9
$REQUIREDVERSIONS
160
                 0
  9
$INSBASE
 10
0.0
 20
0.0
 30
0.0
  9
$EXTMIN
 10
1.000000000000000E+20
 20
1.000000000000000E+20
 30
1.000000000000000E+20
  9
$EXTMAX
 10
-1.000000000000000E+20
 20
-1.000000000000000E+20
 30
-1.000000000000000E+20
  9
$LIMMIN
 10
0.0
 20
0.0
  9
$LIMMAX
 10
12.0
 20
9.0
  9
$ORTHOMODE
 70
     0
  9
$REGENMODE
 70
     1
  9
$FILLMODE
 70
     1
  9
$QTEXTMODE
 70
     0
  9
$MIRRTEXT
 70
     0
  9
$LTSCALE
 40
1.0
  9
$ATTMODE
 70
     1
  9
$TEXTSIZE
 40
0.2
  9
$TRACEWID
 40
0.05
  9
$TEXTSTYLE
  7
Standard
  9
$CLAYER
  8
0
  9
$CELTYPE
  6
ByLayer
  9
$CECOLOR
 62
   256
  9
$CELTSCALE
 40
1.0
  9
$DISPSILH
 70
     0
  9
$DIMSCALE
 40
1.0
  9
$DIMASZ
 40
0.18
  9
$DIMEXO
 40
0.0625
  9
$DIMDLI
 40
0.38
  9
$DIMRND
 40
0.0
  9
$DIMDLE
 40
0.0
  9
$DIMEXE
 40
0.18
  9
$DIMTP
 40
0.0
  9
$DIMTM
 40
0.0
  9
$DIMTXT
 40
0.18
  9
$DIMCEN
 40
0.09
  9
$DIMTSZ
 40
0.0
  9
$DIMTOL
 70
     0
  9
$DIMLIM
 70
     0
  9
$DIMTIH
 70
     1
  9
$DIMTOH
 70
     1
  9
$DIMSE1
 70
     0
  9
$DIMSE2
 70
     0
  9
$DIMTAD
 70
     0
  9
$DIMZIN
 70
     0
  9
$DIMBLK
  1

  9
$DIMASO
 70
     1
  9
$DIMSHO
 70
     1
  9
$DIMPOST
  1

  9
$DIMAPOST
  1

  9
$DIMALT
 70
     0
  9
$DIMALTD
 70
     2
  9
$DIMALTF
 40
25.4
  9
$DIMLFAC
 40
1.0
  9
$DIMTOFL
 70
     0
  9
$DIMTVP
 40
0.0
  9
$DIMTIX
 70
     0
  9
$DIMSOXD
 70
     0
  9
$DIMSAH
 70
     0
  9
$DIMBLK1
  1

  9
$DIMBLK2
  1

  9
$DIMSTYLE
  2
Standard
  9
$DIMCLRD
 70
     0
  9
$DIMCLRE
 70
     0
  9
$DIMCLRT
 70
     0
  9
$DIMTFAC
 40
1.0
  9
$DIMGAP
 40
0.09
  9
$DIMJUST
 70
     0
  9
$DIMSD1
 70
     0
  9
$DIMSD2
 70
     0
  9
$DIMTOLJ
 70
     1
  9
$DIMTZIN
 70
     0
  9
$DIMALTZ
 70
     0
  9
$DIMALTTZ
 70
     0
  9
$DIMUPT
 70
     0
  9
$DIMDEC
 70
     4
  9
$DIMTDEC
 70
     4
  9
$DIMALTU
 70
     2
  9
$DIMALTTD
 70
     2
  9
$DIMTXSTY
  7
Standard
  9
$DIMAUNIT
 70
     0
  9
$DIMADEC
 70
     0
  9
$DIMALTRND
 40
0.0
  9
$DIMAZIN
 70
     0
  9
$DIMDSEP
 70
    46
  9
$DIMATFIT
 70
     3
  9
$DIMFRAC
 70
     0
  9
$DIMLDRBLK
  1

  9
$DIMLUNIT
 70
     2
  9
$DIMLWD
 70
    -2
  9
$DIMLWE
 70
    -2
  9
$DIMTMOVE
 70
     0
  9
$DIMFXL
 40
1.0
  9
$DIMFXLON
 70
     0
  9
$DIMJOGANG
 40
0.7853981633974483
  9
$DIMTFILL
 70
     0
  9
$DIMTFILLCLR
 70
     0
  9
$DIMARCSYM
 70
     0
  9
$DIMLTYPE
  6

  9
$DIMLTEX1
  6

  9
$DIMLTEX2
  6

  9
$DIMTXTDIRECTION
 70
     0
  9
$LUNITS
 70
     2
  9
$LUPREC
 70
     4
  9
$SKETCHINC
 40
0.1
  9
$FILLETRAD
 40
0.0
  9
$AUNITS
 70
     0
  9
$AUPREC
 70
     0
  9
$MENU
  1
.
  9
$ELEVATION
 40
0.0
  9
$PELEVATION
 40
0.0
  9
$THICKNESS
 40
0.0
  9
$LIMCHECK
 70
     0
  9
$CHAMFERA
 40
0.0
  9
$CHAMFERB
 40
0.0
  9
$CHAMFERC
 40
0.0
  9
$CHAMFERD
 40
0.0
  9
$SKPOLY
 70
     0
  9
$TDCREATE
 40
2461215.969594908
  9
$TDUCREATE
 40
2461215.969594908
  9
$TDUPDATE
 40
2461215.969594908
  9
$TDUUPDATE
 40
2461215.969594908
  9
$TDINDWG
 40
0.0000000000
  9
$TDUSRTIMER
 40
0.0000000000
  9
$USRTIMER
 70
     1
  9
$ANGBASE
 50
0.0
  9
$ANGDIR
 70
     0
  9
$PDMODE
 70
     0
  9
$PDSIZE
 40
0.0
  9
$PLINEWID
 40
0.0
  9
$SPLFRAME
 70
     0
  9
$SPLINETYPE
 70
     6
  9
$SPLINESEGS
 70
     8
  9
$HANDSEED
  5
7D8
  9
$SURFTAB1
 70
     6
  9
$SURFTAB2
 70
     6
  9
$SURFTYPE
 70
     6
  9
$SURFU
 70
     6
  9
$SURFV
 70
     6
  9
$UCSBASE
  2

  9
$UCSNAME
  2

  9
$UCSORG
 10
0.0
 20
0.0
 30
0.0
  9
$UCSXDIR
 10
1.0
 20
0.0
 30
0.0
  9
$UCSYDIR
 10
0.0
 20
1.0
 30
0.0
  9
$UCSORTHOREF
  2

  9
$UCSORTHOVIEW
 70
     0
  9
$UCSORGTOP
 10
0.0
 20
0.0
 30
0.0
  9
$UCSORGBOTTOM
 10
0.0
 20
0.0
 30
0.0
  9
$UCSORGLEFT
 10
0.0
 20
0.0
 30
0.0
  9
$UCSORGRIGHT
 10
0.0
 20
0.0
 30
0.0
  9
$UCSORGFRONT
 10
0.0
 20
0.0
 30
0.0
  9
$UCSORGBACK
 10
0.0
 20
0.0
 30
0.0
  9
$PUCSBASE
  2

  9
$PUCSNAME
  2

  9
$PUCSORG
 10
0.0
 20
0.0
 30
0.0
  9
$PUCSXDIR
 10
1.0
 20
0.0
 30
0.0
  9
$PUCSYDIR
 10
0.0
 20
1.0
 30
0.0
  9
$PUCSORTHOREF
  2

  9
$PUCSORTHOVIEW
 70
     0
  9
$PUCSORGTOP
 10
0.0
 20
0.0
 30
0.0
  9
$PUCSORGBOTTOM
 10
0.0
 20
0.0
 30
0.0
  9
$PUCSORGLEFT
 10
0.0
 20
0.0
 30
0.0
  9
$PUCSORGRIGHT
 10
0.0
 20
0.0
 30
0.0
  9
$PUCSORGFRONT
 10
0.0
 20
0.0
 30
0.0
  9
$PUCSORGBACK
 10
0.0
 20
0.0
 30
0.0
  9
$USERI1
 70
     0
  9
$USERI2
 70
     0
  9
$USERI3
 70
     0
  9
$USERI4
 70
     0
  9
$USERI5
 70
     0
  9
$USERR1
 40
0.0
  9
$USERR2
 40
0.0
  9
$USERR3
 40
0.0
  9
$USERR4
 40
0.0
  9
$USERR5
 40
0.0
  9
$WORLDVIEW
 70
     1
  9
$SHADEDGE
 70
     3
  9
$SHADEDIF
 70
    70
  9
$TILEMODE
 70
     1
  9
$MAXACTVP
 70
    64
  9
$PINSBASE
 10
0.0
 20
0.0
 30
0.0
  9
$PLIMCHECK
 70
     0
  9
$PEXTMIN
 10
1.000000000000000E+20
 20
1.000000000000000E+20
 30
1.000000000000000E+20
  9
$PEXTMAX
 10
-1.000000000000000E+20
 20
-1.000000000000000E+20
 30
-1.000000000000000E+20
  9
$PLIMMIN
 10
0.0
 20
0.0
  9
$PLIMMAX
 10
12.0
 20
9.0
  9
$UNITMODE
 70
     0
  9
$VISRETAIN
 70
     1
  9
$PLINEGEN
 70
     0
  9
$PSLTSCALE
 70
     1
  9
$TREEDEPTH
 70
  3020
  9
$CMLSTYLE
  2
Standard
  9
$CMLJUST
 70
     0
  9
$CMLSCALE
 40
1.0
  9
$PROXYGRAPHICS
 70
     1
  9
$MEASUREMENT
 70
     0
  9
$CELWEIGHT
370
    -1
  9
$ENDCAPS
280
     0
  9
$JOINSTYLE
280
     0
  9
$LWDISPLAY
290
     0
  9
$INSUNITS
 70
     5
  9
$HYPERLINKBASE
  1

  9
$STYLESHEET
  1

  9
$XEDIT
290
     1
  9
$CEPSNTYPE
380
     0
  9
$PSTYLEMODE
290
     1
  9
$FINGERPRINTGUID
  2
{519F3879-A5FA-2249-B971-54AF311AB634}
  9
$VERSIONGUID
  2
{C9E55070-7799-B945-B75D-AE8AB61A7147}
  9
$EXTNAMES
290
     1
  9
$PSVPSCALE
 40
0.0
  9
$OLESTARTUP
290
     0
  9
$SORTENTS
280
   127
  9
$INDEXCTL
280
     0
  9
$HIDETEXT
280
     1
  9
$XCLIPFRAME
280
     2
  9
$HALOGAP
280
     0
  9
$OBSCOLOR
 70
   257
  9
$OBSLTYPE
280
     0
  9
$INTERSECTIONDISPLAY
280
     0
  9
$INTERSECTIONCOLOR
 70
   257
  9
$DIMASSOC
280
     2
  9
$PROJECTNAME
  1

  9
$CAMERADISPLAY
290
     0
  9
$LENSLENGTH
 40
50.0
  9
$CAMERAHEIGHT
 40
0.0
  9
$STEPSPERSEC
 40
2.0
  9
$STEPSIZE
 40
6.0
  9
$3DDWFPREC
 40
2.0
  9
$PSOLWIDTH
 40
0.25
  9
$PSOLHEIGHT
 40
4.0
  9
$LOFTANG1
 40
1.570796326794896
  9
$LOFTANG2
 40
1.570796326794896
  9
$LOFTMAG1
 40
0.0
  9
$LOFTMAG2
 40
0.0
  9
$LOFTPARAM
 70
     7
  9
$LOFTNORMALS
280
     1
  9
$LATITUDE
 40
37.795
  9
$LONGITUDE
 40
-122.394
  9
$NORTHDIRECTION
 40
0.0
  9
$TIMEZONE
 70
 -8000
  9
$LIGHTGLYPHDISPLAY
280
     1
  9
$TILEMODELIGHTSYNCH
280
     1
  9
$CMATERIAL
347
11
  9
$SOLIDHIST
280
     0
  9
$SHOWHIST
280
     1
  9
$DWFFRAME
280
     2
  9
$DGNFRAME
280
     0
  9
$REALWORLDSCALE
290
     1
  9
$INTERFERECOLOR
 62
     1
  9
$INTERFEREOBJVS
345
33
  9
$INTERFEREVPVS
346
30
  9
$CSHADOW
280
     0
  9
$SHADOWPLANELOCATION
 40
0.0
  0
ENDSEC
  0
SECTION
  2
CLASSES
  0
CLASS
  1
ACDBDICTIONARYWDFLT
  2
AcDbDictionaryWithDefault
  3
ObjectDBX Classes
 90
        0
 91
        1
280
     0
281
     0
  0
CLASS
  1
MATERIAL
  2
AcDbMaterial
  3
ObjectDBX Classes
 90
     1153
 91
        3
280
     0
281
     0
  0
CLASS
  1
VISUALSTYLE
  2
AcDbVisualStyle
  3
ObjectDBX Classes
 90
     4095
 91
       24
280
     0
281
     0
  0
CLASS
  1
SCALE
  2
AcDbScale
  3
ObjectDBX Classes
 90
     1153
 91
       17
280
     0
281
     0
  0
CLASS
  1
TABLESTYLE
  2
AcDbTableStyle
  3
ObjectDBX Classes
 90
     4095
 91
        1
280
     0
281
     0
  0
CLASS
  1
MLEADERSTYLE
  2
AcDbMLeaderStyle
  3
ACDB_MLEADERSTYLE_CLASS
 90
     4095
 91
        1
280
     0
281
     0
  0
CLASS
  1
ACDBSECTIONVIEWSTYLE
  2
AcDbSectionViewStyle
  3
ObjectDBX Classes
 90
     1025
 91
        1
280
     0
281
     0
  0
CLASS
  1
ACDBDETAILVIEWSTYLE
  2
AcDbDetailViewStyle
  3
ObjectDBX Classes
 90
     1025
 91
        1
280
     0
281
     0
  0
CLASS
  1
DICTIONARYVAR
  2
AcDbDictionaryVar
  3
ObjectDBX Classes
 90
        0
 91
        5
280
     0
281
     0
  0
CLASS
  1
CELLSTYLEMAP
  2
AcDbCellStyleMap
  3
ObjectDBX Classes
 90
     1152
 91
        1
280
     0
281
     0
  0
ENDSEC
  0
SECTION
  2
TABLES
  0
TABLE
  2
VPORT
  5
8
330
0
100
AcDbSymbolTable
 70
     1
1001
ACAD
1000
DbSaveVer
1071
      471
  0
VPORT
  5
57
330
8
100
AcDbSymbolTableRecord
100
AcDbViewportTableRecord
  2
*Active
 70
     0
 10
0.0
 20
0.0
 11
1.0
 21
1.0
 12
500.0
 22
500.0
 13
0.0
 23
0.0
 14
1.0
 24
1.0
 15
0.0
 25
0.0
 16
0.0
 26
0.0
 36
1.0
 17
0.0
 27
0.0
 37
0.0
 40
12.0
 41
1.0
 42
50.0
 43
0.0
 44
0.0
 50
0.0
 51
0.0
 71
     0
 72
   100
 73
     1
 74
     1
 75
     0
 76
     0
 77
     0
 78
     0
281
     0
 65
     1
110
0.0
120
0.0
130
0.0
111
1.0
121
0.0
131
0.0
112
0.0
122
1.0
132
0.0
 79
     0
146
0.0
 60
     3
 61
     5
292
     1
282
     1
141
0.0
142
0.0
 63
   250
421
  3355443
  0
ENDTAB
  0
TABLE
  2
LTYPE
  5
5
330
0
100
AcDbSymbolTable
 70
     1
  0
LTYPE
  5
5B
330
5
100
AcDbSymbolTableRecord
100
AcDbLinetypeTableRecord
  2
ByBlock
 70
     0
  3

 72
    65
 73
     0
 40
0.0
  0
LTYPE
  5
5C
330
5
100
AcDbSymbolTableRecord
100
AcDbLinetypeTableRecord
  2
ByLayer
 70
     0
  3

 72
    65
 73
     0
 40
0.0
  0
LTYPE
  5
5D
330
5
100
AcDbSymbolTableRecord
100
AcDbLinetypeTableRecord
  2
Continuous
 70
     0
  3
Solid line
 72
    65
 73
     0
 40
0.0
  0
ENDTAB
  0
TABLE
  2
LAYER
  5
2
330
0
100
AcDbSymbolTable
 70
     5
  0
LAYER
  5
54
330
2
100
AcDbSymbolTableRecord
100
AcDbLayerTableRecord
  2
0
 70
     0
 62
     7
  6
Continuous
370
    -3
390
F
347
21
348
0
  0
LAYER
  5
7A
330
2
100
AcDbSymbolTableRecord
100
AcDbLayerTableRecord
  2
W-S-A v1_1_ANYTOOL_1MMDEEP_LABELS_S
 70
     0
 62
     7
  6
Continuous
370
    -3
390
F
347
21
348
0
1001
NFusion_SketchTransform
1000
1.000000;0.000000;0.000000;0.000000;0.000000;1.000000;0.000000;0.000000;0.000000;0.000000;1.000000;0.000000;0.000000;0.000000;0.000000;1.000000
  0
LAYER
  5
7B
330
2
100
AcDbSymbolTableRecord
100
AcDbLayerTableRecord
  2
W-S-A v1_5_ANYTOOL_HALF_MILL_9MM_IN
 70
     0
 62
     7
  6
Continuous
370
    -3
390
F
347
21
348
0
1001
NFusion_SketchTransform
1000
1.000000;0.000000;0.000000;0.000000;0.000000;1.000000;0.000000;0.000000;0.000000;0.000000;1.000000;0.000000;0.000000;0.000000;0.000000;1.000000
  0
LAYER
  5
114
330
2
100
AcDbSymbolTableRecord
100
AcDbLayerTableRecord
  2
W-S-A v1_3_ANYTOOL_CUTTHROUGH_INSID
 70
     0
 62
     7
  6
Continuous
370
    -3
390
F
347
21
348
0
1001
NFusion_SketchTransform
1000
1.000000;0.000000;0.000000;0.000000;0.000000;1.000000;0.000000;0.000000;0.000000;0.000000;1.000000;0.000000;0.000000;0.000000;0.000000;1.000000
  0
LAYER
  5
151
330
2
100
AcDbSymbolTableRecord
100
AcDbLayerTableRecord
  2
W-S-A v1_4_ANYTOOL_CUTTHROUGH_OUTSI
 70
     0
 62
     7
  6
Continuous
370
    -3
390
F
347
21
348
0
1001
NFusion_SketchTransform
1000
1.000000;0.000000;0.000000;0.000000;0.000000;1.000000;0.000000;0.000000;0.000000;0.000000;1.000000;0.000000;0.000000;0.000000;0.000000;1.000000
  0
ENDTAB
  0
TABLE
  2
STYLE
  5
3
330
0
100
AcDbSymbolTable
 70
     2
  0
STYLE
  5
55
330
3
100
AcDbSymbolTableRecord
100
AcDbTextStyleTableRecord
  2
Standard
 70
     0
 40
0.0
 41
1.0
 50
0.0
 71
     0
 42
0.2
  3
txt
  4

  0
STYLE
  5
5A
330
3
100
AcDbSymbolTableRecord
100
AcDbTextStyleTableRecord
  2
Annotative
 70
     0
 40
0.0
 41
1.0
 50
0.0
 71
     0
 42
0.2
  3
txt
  4

1001
AcadAnnotative
1000
AnnotativeData
1002
{
1070
     1
1070
     1
1002
}
  0
ENDTAB
  0
TABLE
  2
VIEW
  5
6
330
0
100
AcDbSymbolTable
 70
     0
  0
ENDTAB
  0
TABLE
  2
UCS
  5
7
330
0
100
AcDbSymbolTable
 70
     0
  0
ENDTAB
  0
TABLE
  2
APPID
  5
9
330
0
100
AcDbSymbolTable
 70
     4
  0
APPID
  5
56
330
9
100
AcDbSymbolTableRecord
100
AcDbRegAppTableRecord
  2
ACAD
 70
     0
  0
APPID
  5
5E
330
9
100
AcDbSymbolTableRecord
100
AcDbRegAppTableRecord
  2
AcadAnnotative
 70
     0
  0
APPID
  5
78
330
9
100
AcDbSymbolTableRecord
100
AcDbRegAppTableRecord
  2
EDIT_IN_FUSION_ACAD_ADDIN
 70
     0
  0
APPID
  5
79
330
9
100
AcDbSymbolTableRecord
100
AcDbRegAppTableRecord
  2
NFusion_SketchTransform
 70
     0
  0
ENDTAB
  0
TABLE
  2
DIMSTYLE
  5
A
330
0
100
AcDbSymbolTable
 70
     2
100
AcDbDimStyleTable
 71
     0
  0
DIMSTYLE
105
58
330
A
100
AcDbSymbolTableRecord
100
AcDbDimStyleTableRecord
  2
Standard
 70
     0
340
55
  0
DIMSTYLE
105
59
330
A
100
AcDbSymbolTableRecord
100
AcDbDimStyleTableRecord
  2
Annotative
 70
     0
340
55
1001
AcadAnnotative
1000
AnnotativeData
1002
{
1070
     1
1070
     1
1002
}
  0
ENDTAB
  0
TABLE
  2
BLOCK_RECORD
  5
1
330
0
100
AcDbSymbolTable
 70
     1
  0
BLOCK_RECORD
  5
70
330
1
100
AcDbSymbolTableRecord
100
AcDbBlockTableRecord
  2
*Model_Space
340
73
 70
     0
280
     1
281
     0
  0
BLOCK_RECORD
  5
6C
330
1
100
AcDbSymbolTableRecord
100
AcDbBlockTableRecord
  2
*Paper_Space
340
6F
 70
     0
280
     1
281
     0
  0
BLOCK_RECORD
  5
74
330
1
100
AcDbSymbolTableRecord
100
AcDbBlockTableRecord
  2
*Paper_Space0
340
77
 70
     0
280
     1
281
     0
  0
ENDTAB
  0
ENDSEC
  0
SECTION
  2
BLOCKS
  0
BLOCK
  5
71
330
70
100
AcDbEntity
  8
0
100
AcDbBlockBegin
  2
*Model_Space
 70
     0
 10
0.0
 20
0.0
 30
0.0
  3
*Model_Space
  1

  0
ENDBLK
  5
72
330
70
100
AcDbEntity
  8
0
100
AcDbBlockEnd
  0
BLOCK
  5
6D
330
6C
100
AcDbEntity
 67
     1
  8
0
100
AcDbBlockBegin
  2
*Paper_Space
 70
     0
 10
0.0
 20
0.0
 30
0.0
  3
*Paper_Space
  1

  0
ENDBLK
  5
6E
330
6C
100
AcDbEntity
 67
     1
  8
0
100
AcDbBlockEnd
  0
BLOCK
  5
75
330
74
100
AcDbEntity
 67
     1
  8
0
100
AcDbBlockBegin
  2
*Paper_Space0
 70
     0
 10
0.0
 20
0.0
 30
0.0
  3
*Paper_Space0
  1

  0
ENDBLK
  5
76
330
74
100
AcDbEntity
 67
     1
  8
0
100
AcDbBlockEnd
  0
ENDSEC
  0
SECTION
  2
ENTITIES
  0
ARC
  5
7C
330
70
100
AcDbEntity
  8
W-S-A v1_5_ANYTOOL_HALF_MILL_9MM_IN
100
AcDbCircle
 10
-95.12000423757767
 20
-22.44000001355043
 30
0.0
 40
0.0599999999999998
100
AcDbArc
 50
270.0
 51
0.0
  0
ARC
  5
7D
330
70
100
AcDbEntity
  8
W-S-A v1_5_ANYTOOL_HALF_MILL_9MM_IN
100
AcDbCircle
 10
-103.7825042375574
 20
-28.25000001284757
 30
0.0
 40
0.059999999999857
100
AcDbArc
 50
270.0
 51
0.0000000001357037
  0
LINE
  5
7E
330
70
100
AcDbEntity
  8
W-S-A v1_5_ANYTOOL_HALF_MILL_9MM_IN
100
AcDbLine
 10
-101.1200042375777
 20
-22.31500001319679
 30
0.0
 11
-101.7575042375779
 21
-22.31500001319682
 31
0.0
  0
LINE
  5
7F
330
70
100
AcDbEntity
  8
W-S-A v1_5_ANYTOOL_HALF_MILL_9MM_IN
100
AcDbLine
 10
-83.83250423757678
 20
-22.31500001284688
 30
0.0
 11
-84.09500423757714
 21
-22.31500001284684
 31
0.0
  0
ARC
  5
80
330
70
100
AcDbEntity
  8
W-S-A v1_5_ANYTOOL_HALF_MILL_9MM_IN
100
AcDbCircle
 10
-101.1200042375776
 20
-22.37500001319668
 30
0.0
 40
0.0599999999998914
100
AcDbArc
 50
359.9999999998609
 51
90.00000000010857
  0
ARC
  5
81
330
70
100
AcDbEntity
  8
W-S-A v1_5_ANYTOOL_HALF_MILL_9MM_IN
100
AcDbCircle
 10
-101.1200042375763
 20
-28.25000001283579
 30
0.0
 40
0.0599999999998563
100
AcDbArc
 50
269.9999999998236
 51
0.0000000001357037
  0
LINE
  5
82
330
70
100
AcDbEntity
  8
W-S-A v1_5_ANYTOOL_HALF_MILL_9MM_IN
100
AcDbLine
 10
-97.60672423757997
 20
-22.81500001285369
 30
0.0
 11
-97.18172423758009
 21
-22.81500001285369
 31
0.0
  0
LINE
  5
83
330
70
100
AcDbEntity
  8
W-S-A v1_5_ANYTOOL_HALF_MILL_9MM_IN
100
AcDbLine
 10
-91.60672423757997
 20
-22.81500001285383
 30
0.0
 11
-91.18172423757995
 21
-22.81500001285383
 31
0.0
  0
LINE
  5
84
330
70
100
AcDbEntity
  8
W-S-A v1_5_ANYTOOL_HALF_MILL_9MM_IN
100
AcDbLine
 10
-93.69578423758037
 20
-27.81000001284946
 30
0.0
 11
-93.2707842375804
 21
-27.81000001284962
 31
0.0
  0
LINE
  5
85
330
70
100
AcDbEntity
  8
W-S-A v1_5_ANYTOOL_HALF_MILL_9MM_IN
100
AcDbLine
 10
-99.27078423758052
 20
-22.81500001285427
 30
0.0
 11
-99.27078423758047
 21
-22.87750001285427
 31
0.0
  0
LINE
  5
86
330
70
100
AcDbEntity
  8
W-S-A v1_5_ANYTOOL_HALF_MILL_9MM_IN
100
AcDbLine
 10
-103.7825042375574
 20
-28.12500001285118
 30
0.0
 11
-104.0450042375577
 21
-28.12500001285121
 31
0.0
  0
LINE
  5
87
330
70
100
AcDbEntity
  8
W-S-A v1_5_ANYTOOL_HALF_MILL_9MM_IN
100
AcDbLine
 10
-101.7575042375779
 20
-22.50000001355007
 30
0.0
 11
-101.1200042375777
 21
-22.50000001355014
 31
0.0
  0
ARC
  5
88
330
70
100
AcDbEntity
  8
W-S-A v1_5_ANYTOOL_HALF_MILL_9MM_IN
100
AcDbCircle
 10
-103.7825042375573
 20
-28.18500001285107
 30
0.0
 40
0.0599999999998914
100
AcDbArc
 50
359.9999999998609
 51
90.00000000010857
  0
LINE
  5
89
330
70
100
AcDbEntity
  8
W-S-A v1_5_ANYTOOL_HALF_MILL_9MM_IN
100
AcDbLine
 10
-95.06000423757649
 20
-28.25000001283608
 30
0.0
 11
-95.06000423757646
 21
-28.18500001284365
 31
0.0
  0
LINE
  5
8A
330
70
100
AcDbEntity
  8
W-S-A v1_5_ANYTOOL_HALF_MILL_9MM_IN
100
AcDbLine
 10
-101.0600042375764
 20
-28.25000001283564
 30
0.0
 11
-101.0600042375765
 21
-28.18500001284321
 31
0.0
  0
LINE
  5
8B
330
70
100
AcDbEntity
  8
W-S-A v1_5_ANYTOOL_HALF_MILL_9MM_IN
100
AcDbLine
 10
-95.12000423757646
 20
-28.12500001284361
 30
0.0
 11
-95.75750423757689
 21
-28.12500001284364
 31
0.0
  0
LINE
  5
8C
330
70
100
AcDbEntity
  8
W-S-A v1_5_ANYTOOL_HALF_MILL_9MM_IN
100
AcDbLine
 10
-95.06000423757766
 20
-22.44000001355043
 30
0.0
 11
-95.06000423757766
 21
-22.37500001319711
 31
0.0
  0
ARC
  5
8D
330
70
100
AcDbEntity
  8
W-S-A v1_5_ANYTOOL_HALF_MILL_9MM_IN
100
AcDbCircle
 10
-95.12000423757635
 20
-28.1850000128435
 30
0.0
 40
0.0599999999998911
100
AcDbArc
 50
359.9999999998609
 51
90.00000000010857
  0
LINE
  5
8E
330
70
100
AcDbEntity
  8
W-S-A v1_5_ANYTOOL_HALF_MILL_9MM_IN
100
AcDbLine
 10
-93.69578423758044
 20
-22.81500001285441
 30
0.0
 11
-93.27078423758043
 21
-22.81500001285441
 31
0.0
  0
LINE
  5
8F
330
70
100
AcDbEntity
  8
W-S-A v1_5_ANYTOOL_HALF_MILL_9MM_IN
100
AcDbLine
 10
-91.60672423757997
 20
-27.81000001284932
 30
0.0
 11
-91.18172423757997
 21
-27.81000001284932
 31
0.0
  0
LINE
  5
90
330
70
100
AcDbEntity
  8
W-S-A v1_5_ANYTOOL_HALF_MILL_9MM_IN
100
AcDbLine
 10
-103.7225042375575
 20
-28.25000001284743
 30
0.0
 11
-103.7225042375574
 21
-28.18500001285121
 31
0.0
  0
LINE
  5
91
330
70
100
AcDbEntity
  8
W-S-A v1_5_ANYTOOL_HALF_MILL_9MM_IN
100
AcDbLine
 10
-104.1050042375583
 20
-22.37500001284598
 30
0.0
 11
-104.1050042375583
 21
-22.44000001284597
 31
0.0
  0
ARC
  5
92
330
70
100
AcDbEntity
  8
W-S-A v1_5_ANYTOOL_HALF_MILL_9MM_IN
100
AcDbCircle
 10
-101.1200042375776
 20
-22.44000001355014
 30
0.0
 40
0.0599999999999991
100
AcDbArc
 50
269.9999999999321
 51
0.0
  0
LINE
  5
93
330
70
100
AcDbEntity
  8
W-S-A v1_5_ANYTOOL_HALF_MILL_9MM_IN
100
AcDbLine
 10
-104.1050042375577
 20
-28.18500001285121
 30
0.0
 11
-104.1050042375577
 21
-28.25000001284743
 31
0.0
  0
LINE
  5
94
330
70
100
AcDbEntity
  8
W-S-A v1_5_ANYTOOL_HALF_MILL_9MM_IN
100
AcDbLine
 10
-99.69578423758044
 20
-27.81000001284932
 30
0.0
 11
-99.2707842375804
 21
-27.81000001284932
 31
0.0
  0
ARC
  5
95
330
70
100
AcDbEntity
  8
W-S-A v1_5_ANYTOOL_HALF_MILL_9MM_IN
100
AcDbCircle
 10
-89.757504237578
 20
-22.44000001355058
 30
0.0
 40
0.0599999999999284
100
AcDbArc
 50
180.0
 51
270.0000000000678
  0
LINE
  5
96
330
70
100
AcDbEntity
  8
W-S-A v1_5_ANYTOOL_HALF_MILL_9MM_IN
100
AcDbLine
 10
-97.60672423758004
 20
-22.87750001285427
 30
0.0
 11
-97.60672423757997
 21
-22.81500001285369
 31
0.0
  0
ARC
  5
97
330
70
100
AcDbEntity
  8
W-S-A v1_5_ANYTOOL_HALF_MILL_9MM_IN
100
AcDbCircle
 10
-89.75750423757807
 20
-22.37500001319711
 30
0.0
 40
0.0599999999998527
100
AcDbArc
 50
89.9999999998643
 51
180.0000000001425
  0
ARC
  5
98
330
70
100
AcDbEntity
  8
W-S-A v1_5_ANYTOOL_HALF_MILL_9MM_IN
100
AcDbCircle
 10
-95.75750423757702
 20
-28.25000001283623
 30
0.0
 40
0.0599999999998904
100
AcDbArc
 50
179.9999999998609
 51
270.0000000001086
  0
LINE
  5
99
330
70
100
AcDbEntity
  8
W-S-A v1_5_ANYTOOL_HALF_MILL_9MM_IN
100
AcDbLine
 10
-95.81750423757787
 20
-22.37500001319711
 30
0.0
 11
-95.81750423757787
 21
-22.44000001355043
 31
0.0
  0
ARC
  5
9A
330
70
100
AcDbEntity
  8
W-S-A v1_5_ANYTOOL_HALF_MILL_9MM_IN
100
AcDbCircle
 10
-95.75750423757794
 20
-22.44000001355058
 30
0.0
 40
0.0599999999999273
100
AcDbArc
 50
179.9999999998609
 51
270.0000000000678
  0
LINE
  5
9B
330
70
100
AcDbEntity
  8
W-S-A v1_5_ANYTOOL_HALF_MILL_9MM_IN
100
AcDbLine
 10
-87.69578423758035
 20
-22.81500001285485
 30
0.0
 11
-87.27078423758033
 21
-22.81500001285485
 31
0.0
  0
ARC
  5
9C
330
70
100
AcDbEntity
  8
W-S-A v1_5_ANYTOOL_HALF_MILL_9MM_IN
100
AcDbCircle
 10
-83.83250423757676
 20
-22.44000001284714
 30
0.0
 40
0.0600000000000019
100
AcDbArc
 50
269.9999999999593
 51
0.0
  0
ARC
  5
9D
330
70
100
AcDbEntity
  8
W-S-A v1_5_ANYTOOL_HALF_MILL_9MM_IN
100
AcDbCircle
 10
-95.75750423757787
 20
-22.37500001319711
 30
0.0
 40
0.0599999999999994
100
AcDbArc
 50
90.0
 51
180.0
  0
LINE
  5
9E
330
70
100
AcDbEntity
  8
W-S-A v1_5_ANYTOOL_HALF_MILL_9MM_IN
100
AcDbLine
 10
-99.69578423758054
 20
-22.81500001285427
 30
0.0
 11
-99.27078423758052
 21
-22.81500001285427
 31
0.0
  0
ARC
  5
9F
330
70
100
AcDbEntity
  8
W-S-A v1_5_ANYTOOL_HALF_MILL_9MM_IN
100
AcDbCircle
 10
-101.7575042375781
 20
-22.37500001319668
 30
0.0
 40
0.0599999999998584
100
AcDbArc
 50
89.9999999998643
 51
180.0000000001357
  0
ARC
  5
A0
330
70
100
AcDbEntity
  8
W-S-A v1_5_ANYTOOL_HALF_MILL_9MM_IN
100
AcDbCircle
 10
-95.12000423757635
 20
-28.25000001283623
 30
0.0
 40
0.0599999999998541
100
AcDbArc
 50
269.9999999998914
 51
0.0000000001390963
  0
ARC
  5
A1
330
70
100
AcDbEntity
  8
W-S-A v1_5_ANYTOOL_HALF_MILL_9MM_IN
100
AcDbCircle
 10
-84.09500423757723
 20
-22.44000001284728
 30
0.0
 40
0.059999999999927
100
AcDbArc
 50
179.9999999998609
 51
270.0000000000678
  0
ARC
  5
A2
330
70
100
AcDbEntity
  8
W-S-A v1_5_ANYTOOL_HALF_MILL_9MM_IN
100
AcDbCircle
 10
-84.09500423757725
 20
-22.37500001284685
 30
0.0
 40
0.0600000000000019
100
AcDbArc
 50
89.99999999989144
 51
180.0
  0
LINE
  5
A3
330
70
100
AcDbEntity
  8
W-S-A v1_5_ANYTOOL_HALF_MILL_9MM_IN
100
AcDbLine
 10
-101.7575042375769
 20
-28.31000001283564
 30
0.0
 11
-101.1200042375765
 21
-28.31000001283565
 31
0.0
  0
LINE
  5
A4
330
70
100
AcDbEntity
  8
W-S-A v1_5_ANYTOOL_HALF_MILL_9MM_IN
100
AcDbLine
 10
-99.69578423758065
 20
-27.74750001284932
 30
0.0
 11
-99.69578423758044
 21
-27.81000001284932
 31
0.0
  0
ARC
  5
A5
330
70
100
AcDbEntity
  8
W-S-A v1_5_ANYTOOL_HALF_MILL_9MM_IN
100
AcDbCircle
 10
-104.0450042375577
 20
-28.25000001284758
 30
0.0
 40
0.059999999999927
100
AcDbArc
 50
179.9999999998609
 51
270.0000000000678
  0
LINE
  5
A6
330
70
100
AcDbEntity
  8
W-S-A v1_5_ANYTOOL_HALF_MILL_9MM_IN
100
AcDbLine
 10
-103.782504237558
 20
-22.31500001284594
 30
0.0
 11
-104.0450042375584
 21
-22.31500001284597
 31
0.0
  0
ARC
  5
A7
330
70
100
AcDbEntity
  8
W-S-A v1_5_ANYTOOL_HALF_MILL_9MM_IN
100
AcDbCircle
 10
-95.75750423757702
 20
-28.18500001284365
 30
0.0
 40
0.0599999999999998
100
AcDbArc
 50
89.99999999989144
 51
180.0
  0
ARC
  5
A8
330
70
100
AcDbEntity
  8
W-S-A v1_5_ANYTOOL_HALF_MILL_9MM_IN
100
AcDbCircle
 10
-101.7575042375771
 20
-28.25000001283579
 30
0.0
 40
0.0599999999998545
100
AcDbArc
 50
179.9999999998609
 51
270.0000000001357
  0
LINE
  5
A9
330
70
100
AcDbEntity
  8
W-S-A v1_5_ANYTOOL_HALF_MILL_9MM_IN
100
AcDbLine
 10
-99.2707842375804
 20
-27.81000001284932
 30
0.0
 11
-99.27078423758045
 21
-27.74750001284932
 31
0.0
  0
ARC
  5
AA
330
70
100
AcDbEntity
  8
W-S-A v1_5_ANYTOOL_HALF_MILL_9MM_IN
100
AcDbCircle
 10
-83.83250423757734
 20
-28.18500001285223
 30
0.0
 40
0.0599999999999611
100
AcDbArc
 50
0.0
 51
90.00000000004071
  0
LINE
  5
AB
330
70
100
AcDbEntity
  8
W-S-A v1_5_ANYTOOL_HALF_MILL_9MM_IN
100
AcDbLine
 10
-83.77250423757676
 20
-22.44000001284714
 30
0.0
 11
-83.77250423757677
 21
-22.37500001284685
 31
0.0
  0
ARC
  5
AC
330
70
100
AcDbEntity
  8
W-S-A v1_5_ANYTOOL_HALF_MILL_9MM_IN
100
AcDbCircle
 10
-104.0450042375584
 20
-22.44000001284612
 30
0.0
 40
0.0599999999999255
100
AcDbArc
 50
179.9999999998609
 51
270.0000000000814
  0
ARC
  5
AD
330
70
100
AcDbEntity
  8
W-S-A v1_5_ANYTOOL_HALF_MILL_9MM_IN
100
AcDbCircle
 10
-104.0450042375585
 20
-22.37500001284583
 30
0.0
 40
0.0599999999998552
100
AcDbArc
 50
89.9999999998643
 51
180.000000000139
  0
ARC
  5
AE
330
70
100
AcDbEntity
  8
W-S-A v1_5_ANYTOOL_HALF_MILL_9MM_IN
100
AcDbCircle
 10
-104.0450042375578
 20
-28.18500001285107
 30
0.0
 40
0.0599999999998573
100
AcDbArc
 50
89.9999999998643
 51
180.0000000001357
  0
LINE
  5
AF
330
70
100
AcDbEntity
  8
W-S-A v1_5_ANYTOOL_HALF_MILL_9MM_IN
100
AcDbLine
 10
-104.0450042375584
 20
-22.50000001284605
 30
0.0
 11
-103.782504237558
 21
-22.50000001284597
 31
0.0
  0
LINE
  5
B0
330
70
100
AcDbEntity
  8
W-S-A v1_5_ANYTOOL_HALF_MILL_9MM_IN
100
AcDbLine
 10
-84.09500423757714
 20
-22.50000001284721
 30
0.0
 11
-83.83250423757678
 21
-22.50000001284714
 31
0.0
  0
ARC
  5
B1
330
70
100
AcDbEntity
  8
W-S-A v1_5_ANYTOOL_HALF_MILL_9MM_IN
100
AcDbCircle
 10
-83.83250423757676
 20
-22.37500001284685
 30
0.0
 40
0.0599999999999625
100
AcDbArc
 50
0.0
 51
90.00000000004071
  0
ARC
  5
B2
330
70
100
AcDbEntity
  8
W-S-A v1_5_ANYTOOL_HALF_MILL_9MM_IN
100
AcDbCircle
 10
97.39422423758007
 20
-22.87750001285397
 30
0.0
 40
0.2124999999999641
210
0.0
220
0.0
230
-1.0
100
AcDbArc
 50
179.9999999999214
 51
359.9999999999214
  0
LINE
  5
B3
330
70
100
AcDbEntity
  8
W-S-A v1_5_ANYTOOL_HALF_MILL_9MM_IN
100
AcDbLine
 10
-95.75750423757787
 20
-22.50000001355051
 30
0.0
 11
-95.12000423757767
 21
-22.50000001355043
 31
0.0
  0
ARC
  5
B4
330
70
100
AcDbEntity
  8
W-S-A v1_5_ANYTOOL_HALF_MILL_9MM_IN
100
AcDbCircle
 10
-101.757504237578
 20
-22.44000001355014
 30
0.0
 40
0.059999999999927
100
AcDbArc
 50
180.0
 51
270.0000000000678
  0
LINE
  5
B5
330
70
100
AcDbEntity
  8
W-S-A v1_5_ANYTOOL_HALF_MILL_9MM_IN
100
AcDbLine
 10
-101.8175042375779
 20
-22.37500001319682
 30
0.0
 11
-101.8175042375779
 21
-22.44000001355014
 31
0.0
  0
LINE
  5
B6
330
70
100
AcDbEntity
  8
W-S-A v1_5_ANYTOOL_HALF_MILL_9MM_IN
100
AcDbLine
 10
-101.0600042375776
 20
-22.44000001355014
 30
0.0
 11
-101.0600042375777
 21
-22.37500001319682
 31
0.0
  0
ARC
  5
B7
330
70
100
AcDbEntity
  8
W-S-A v1_5_ANYTOOL_HALF_MILL_9MM_IN
100
AcDbCircle
 10
-89.12000423757751
 20
-22.37500001319711
 30
0.0
 40
0.05999999999989
100
AcDbArc
 50
359.9999999998609
 51
90.00000000010857
  0
ARC
  5
B8
330
70
100
AcDbEntity
  8
W-S-A v1_5_ANYTOOL_HALF_MILL_9MM_IN
100
AcDbCircle
 10
-99.48328423758056
 20
-27.74750001284946
 30
0.0
 40
0.2125000000001087
100
AcDbArc
 50
0.0000000000392742
 51
180.0000000000392
  0
ARC
  5
B9
330
70
100
AcDbEntity
  8
W-S-A v1_5_ANYTOOL_HALF_MILL_9MM_IN
100
AcDbCircle
 10
-103.7825042375579
 20
-22.44000001284612
 30
0.0
 40
0.0599999999998531
100
AcDbArc
 50
269.9999999999593
 51
0.0000000001390963
  0
LINE
  5
BA
330
70
100
AcDbEntity
  8
W-S-A v1_5_ANYTOOL_HALF_MILL_9MM_IN
100
AcDbLine
 10
-95.75750423757689
 20
-28.31000001283611
 30
0.0
 11
-95.12000423757646
 21
-28.31000001283608
 31
0.0
  0
LINE
  5
BB
330
70
100
AcDbEntity
  8
W-S-A v1_5_ANYTOOL_HALF_MILL_9MM_IN
100
AcDbLine
 10
-95.817504237577
 20
-28.18500001284365
 30
0.0
 11
-95.81750423757689
 21
-28.25000001283608
 31
0.0
  0
LINE
  5
BC
330
70
100
AcDbEntity
  8
W-S-A v1_5_ANYTOOL_HALF_MILL_9MM_IN
100
AcDbLine
 10
-84.15500423757725
 20
-22.37500001284685
 30
0.0
 11
-84.15500423757714
 21
-22.44000001284714
 31
0.0
  0
LINE
  5
BD
330
70
100
AcDbEntity
  8
W-S-A v1_5_ANYTOOL_HALF_MILL_9MM_IN
100
AcDbLine
 10
-101.817504237577
 20
-28.18500001284321
 30
0.0
 11
-101.8175042375769
 21
-28.25000001283564
 31
0.0
  0
LINE
  5
BE
330
70
100
AcDbEntity
  8
W-S-A v1_5_ANYTOOL_HALF_MILL_9MM_IN
100
AcDbLine
 10
-97.18172423758016
 20
-27.81000001284918
 30
0.0
 11
-97.18172423758012
 21
-27.74750001284917
 31
0.0
  0
LINE
  5
BF
330
70
100
AcDbEntity
  8
W-S-A v1_5_ANYTOOL_HALF_MILL_9MM_IN
100
AcDbLine
 10
-97.60672423757997
 20
-27.74750001284917
 30
0.0
 11
-97.60672423758013
 21
-27.81000001284918
 31
0.0
  0
LINE
  5
C0
330
70
100
AcDbEntity
  8
W-S-A v1_5_ANYTOOL_HALF_MILL_9MM_IN
100
AcDbLine
 10
-104.0450042375577
 20
-28.31000001284751
 30
0.0
 11
-103.7825042375574
 21
-28.31000001284743
 31
0.0
  0
ARC
  5
C1
330
70
100
AcDbEntity
  8
W-S-A v1_5_ANYTOOL_HALF_MILL_9MM_IN
100
AcDbCircle
 10
-95.12000423757761
 20
-22.37500001319711
 30
0.0
 40
0.0599999999999643
100
AcDbArc
 50
0.0
 51
90.00000000004071
  0
LINE
  5
C2
330
70
100
AcDbEntity
  8
W-S-A v1_5_ANYTOOL_HALF_MILL_9MM_IN
100
AcDbLine
 10
-101.1200042375765
 20
-28.12500001284321
 30
0.0
 11
-101.7575042375769
 21
-28.12500001284321
 31
0.0
  0
LINE
  5
C3
330
70
100
AcDbEntity
  8
W-S-A v1_5_ANYTOOL_HALF_MILL_9MM_IN
100
AcDbLine
 10
-83.93625423757788
 20
-25.10000001285471
 30
0.0
 11
-83.99875423757787
 21
-25.10000001285471
 31
0.0
  0
ARC
  5
C4
330
70
100
AcDbEntity
  8
W-S-A v1_5_ANYTOOL_HALF_MILL_9MM_IN
100
AcDbCircle
 10
-89.12000423757755
 20
-22.44000001355072
 30
0.0
 40
0.0599999999998534
100
AcDbArc
 50
269.9999999999321
 51
0.0000000001390963
  0
LINE
  5
C5
330
70
100
AcDbEntity
  8
W-S-A v1_5_ANYTOOL_HALF_MILL_9MM_IN
100
AcDbLine
 10
-103.8787542375571
 20
-25.52500001285354
 30
0.0
 11
-103.9412542375571
 21
-25.52500001285383
 31
0.0
  0
LINE
  5
C6
330
70
100
AcDbEntity
  8
W-S-A v1_5_ANYTOOL_HALF_MILL_9MM_IN
100
AcDbLine
 10
-85.60672423757994
 20
-27.74750001284976
 30
0.0
 11
-85.6067242375799
 21
-27.81000001284976
 31
0.0
  0
ARC
  5
C7
330
70
100
AcDbEntity
  8
W-S-A v1_5_ANYTOOL_HALF_MILL_9MM_IN
100
AcDbCircle
 10
-91.39422423757993
 20
-27.74750001284932
 30
0.0
 40
0.2124999999999638
100
AcDbArc
 50
0.0
 51
180.0
  0
ARC
  5
C8
330
70
100
AcDbEntity
  8
W-S-A v1_5_ANYTOOL_HALF_MILL_9MM_IN
100
AcDbCircle
 10
-87.48328423758051
 20
-27.74750001285005
 30
0.0
 40
0.2125000000000725
100
AcDbArc
 50
0.0000000000392742
 51
180.0000000000392
  0
LINE
  5
C9
330
70
100
AcDbEntity
  8
W-S-A v1_5_ANYTOOL_HALF_MILL_9MM_IN
100
AcDbLine
 10
-95.12000423757767
 20
-22.31500001319715
 30
0.0
 11
-95.75750423757787
 21
-22.31500001319711
 31
0.0
  0
LINE
  5
CA
330
70
100
AcDbEntity
  8
W-S-A v1_5_ANYTOOL_HALF_MILL_9MM_IN
100
AcDbLine
 10
-91.18172423757997
 20
-27.81000001284932
 30
0.0
 11
-91.18172423757997
 21
-27.74750001284932
 31
0.0
  0
LINE
  5
CB
330
70
100
AcDbEntity
  8
W-S-A v1_5_ANYTOOL_HALF_MILL_9MM_IN
100
AcDbLine
 10
-83.8325042375774
 20
-28.12500001285227
 30
0.0
 11
-84.09500423757753
 21
-28.12500001285223
 31
0.0
  0
ARC
  5
CC
330
70
100
AcDbEntity
  8
W-S-A v1_5_ANYTOOL_HALF_MILL_9MM_IN
100
AcDbCircle
 10
-89.75750423757697
 20
-28.25000001283651
 30
0.0
 40
0.05999999999989
100
AcDbArc
 50
179.9999999998609
 51
270.0000000001086
  0
LINE
  5
CD
330
70
100
AcDbEntity
  8
W-S-A v1_5_ANYTOOL_HALF_MILL_9MM_IN
100
AcDbLine
 10
-87.69578423758032
 20
-27.8100000128499
 30
0.0
 11
-87.2707842375804
 21
-27.8100000128499
 31
0.0
  0
ARC
  5
CE
330
70
100
AcDbEntity
  8
W-S-A v1_5_ANYTOOL_HALF_MILL_9MM_IN
100
AcDbCircle
 10
-101.757504237577
 20
-28.18500001284321
 30
0.0
 40
0.060000000000003
100
AcDbArc
 50
89.99999999989144
 51
180.0
  0
ARC
  5
CF
330
70
100
AcDbEntity
  8
W-S-A v1_5_ANYTOOL_HALF_MILL_9MM_IN
100
AcDbCircle
 10
-83.99875423757888
 20
-27.26150001284737
 30
0.0
 40
0.2124999999998536
100
AcDbArc
 50
89.99999999978543
 51
269.9999999997855
  0
ARC
  5
D0
330
70
100
AcDbEntity
  8
W-S-A v1_5_ANYTOOL_HALF_MILL_9MM_IN
100
AcDbCircle
 10
91.39422423757997
 20
-22.87750001285398
 30
0.0
 40
0.2125
210
0.0
220
0.0
230
-1.0
100
AcDbArc
 50
179.9999999999607
 51
359.9999999999607
  0
ARC
  5
D1
330
70
100
AcDbEntity
  8
W-S-A v1_5_ANYTOOL_HALF_MILL_9MM_IN
100
AcDbCircle
 10
-97.39422423758005
 20
-27.74750001284917
 30
0.0
 40
0.2124999999999279
100
AcDbArc
 50
0.0
 51
180.0
  0
LINE
  5
D2
330
70
100
AcDbEntity
  8
W-S-A v1_5_ANYTOOL_HALF_MILL_9MM_IN
100
AcDbLine
 10
-103.8787542375573
 20
-23.5760000128504
 30
0.0
 11
-103.9412542375573
 21
-23.57600001285054
 31
0.0
  0
LINE
  5
D3
330
70
100
AcDbEntity
  8
W-S-A v1_5_ANYTOOL_HALF_MILL_9MM_IN
100
AcDbLine
 10
-89.06000423757769
 20
-22.44000001355058
 30
0.0
 11
-89.06000423757761
 21
-22.37500001319726
 31
0.0
  0
LINE
  5
D4
330
70
100
AcDbEntity
  8
W-S-A v1_5_ANYTOOL_HALF_MILL_9MM_IN
100
AcDbLine
 10
-103.9412542375569
 20
-27.4740000128465
 30
0.0
 11
-103.9412542375569
 21
-27.04900001284665
 31
0.0
  0
LINE
  5
D5
330
70
100
AcDbEntity
  8
W-S-A v1_5_ANYTOOL_HALF_MILL_9MM_IN
100
AcDbLine
 10
-93.69578423758019
 20
-22.87750001285441
 30
0.0
 11
-93.69578423758044
 21
-22.81500001285441
 31
0.0
  0
LINE
  5
D6
330
70
100
AcDbEntity
  8
W-S-A v1_5_ANYTOOL_HALF_MILL_9MM_IN
100
AcDbLine
 10
-83.93625423757788
 20
-25.52500001285456
 30
0.0
 11
-83.93625423757788
 21
-25.10000001285471
 31
0.0
  0
LINE
  5
D7
330
70
100
AcDbEntity
  8
W-S-A v1_5_ANYTOOL_HALF_MILL_9MM_IN
100
AcDbLine
 10
-83.99875423757777
 20
-23.57600001285156
 30
0.0
 11
-83.93625423757777
 21
-23.57600001285156
 31
0.0
  0
LINE
  5
D8
330
70
100
AcDbEntity
  8
W-S-A v1_5_ANYTOOL_HALF_MILL_9MM_IN
100
AcDbLine
 10
-83.93625423757784
 20
-23.15100001285171
 30
0.0
 11
-83.99875423757784
 21
-23.15100001285156
 31
0.0
  0
LINE
  5
D9
330
70
100
AcDbEntity
  8
W-S-A v1_5_ANYTOOL_HALF_MILL_9MM_IN
100
AcDbLine
 10
-103.7225042375581
 20
-22.44000001284597
 30
0.0
 11
-103.722504237558
 21
-22.37500001284598
 31
0.0
  0
ARC
  5
DA
330
70
100
AcDbEntity
  8
W-S-A v1_5_ANYTOOL_HALF_MILL_9MM_IN
100
AcDbCircle
 10
-89.12000423757636
 20
-28.18500001284394
 30
0.0
 40
0.0599999999999291
100
AcDbArc
 50
0.0
 51
90.00000000006785
  0
LINE
  5
DB
330
70
100
AcDbEntity
  8
W-S-A v1_5_ANYTOOL_HALF_MILL_9MM_IN
100
AcDbLine
 10
-103.8787542375569
 20
-27.47400001284606
 30
0.0
 11
-103.9412542375569
 21
-27.4740000128465
 31
0.0
  0
LINE
  5
DC
330
70
100
AcDbEntity
  8
W-S-A v1_5_ANYTOOL_HALF_MILL_9MM_IN
100
AcDbLine
 10
-93.69578423758033
 20
-27.74750001284946
 30
0.0
 11
-93.69578423758037
 21
-27.81000001284946
 31
0.0
  0
LINE
  5
DD
330
70
100
AcDbEntity
  8
W-S-A v1_5_ANYTOOL_HALF_MILL_9MM_IN
100
AcDbLine
 10
-91.60672423757997
 20
-22.87750001285383
 30
0.0
 11
-91.60672423757997
 21
-22.81500001285383
 31
0.0
  0
LINE
  5
DE
330
70
100
AcDbEntity
  8
W-S-A v1_5_ANYTOOL_HALF_MILL_9MM_IN
100
AcDbLine
 10
-85.18172423758008
 20
-22.81500001285427
 30
0.0
 11
-85.18172423757997
 21
-22.87750001285427
 31
0.0
  0
LINE
  5
DF
330
70
100
AcDbEntity
  8
W-S-A v1_5_ANYTOOL_HALF_MILL_9MM_IN
100
AcDbLine
 10
-93.2707842375804
 20
-27.81000001284962
 30
0.0
 11
-93.2707842375804
 21
-27.74750001284961
 31
0.0
  0
ARC
  5
E0
330
70
100
AcDbEntity
  8
W-S-A v1_5_ANYTOOL_HALF_MILL_9MM_IN
100
AcDbCircle
 10
-84.09500423757759
 20
-28.25000001284831
 30
0.0
 40
0.0599999999999639
100
AcDbArc
 50
180.0
 51
270.0000000000407
  0
LINE
  5
E1
330
70
100
AcDbEntity
  8
W-S-A v1_5_ANYTOOL_HALF_MILL_9MM_IN
100
AcDbLine
 10
-89.75750423757686
 20
-28.31000001283641
 30
0.0
 11
-89.12000423757643
 21
-28.31000001283637
 31
0.0
  0
LINE
  5
E2
330
70
100
AcDbEntity
  8
W-S-A v1_5_ANYTOOL_HALF_MILL_9MM_IN
100
AcDbLine
 10
-99.6957842375804
 20
-22.87750001285427
 30
0.0
 11
-99.69578423758054
 21
-22.81500001285427
 31
0.0
  0
LINE
  5
E3
330
70
100
AcDbEntity
  8
W-S-A v1_5_ANYTOOL_HALF_MILL_9MM_IN
100
AcDbLine
 10
-89.81750423757693
 20
-28.18500001284394
 30
0.0
 11
-89.81750423757686
 21
-28.25000001283637
 31
0.0
  0
ARC
  5
E4
330
70
100
AcDbEntity
  8
W-S-A v1_5_ANYTOOL_HALF_MILL_9MM_IN
100
AcDbCircle
 10
-89.12000423757637
 20
-28.25000001283651
 30
0.0
 40
0.0599999999998545
100
AcDbArc
 50
269.9999999999593
 51
0.0000000001390963
  0
LINE
  5
E5
330
70
100
AcDbEntity
  8
W-S-A v1_5_ANYTOOL_HALF_MILL_9MM_IN
100
AcDbLine
 10
-89.12000423757762
 20
-22.31500001319722
 30
0.0
 11
-89.75750423757791
 21
-22.31500001319726
 31
0.0
  0
ARC
  5
E6
330
70
100
AcDbEntity
  8
W-S-A v1_5_ANYTOOL_HALF_MILL_9MM_IN
100
AcDbCircle
 10
-93.48328423758037
 20
-27.74750001284961
 30
0.0
 40
0.2124999999999637
100
AcDbArc
 50
0.0
 51
180.0
  0
LINE
  5
E7
330
70
100
AcDbEntity
  8
W-S-A v1_5_ANYTOOL_HALF_MILL_9MM_IN
100
AcDbLine
 10
-89.75750423757791
 20
-22.50000001355051
 30
0.0
 11
-89.12000423757762
 21
-22.50000001355058
 31
0.0
  0
ARC
  5
E8
330
70
100
AcDbEntity
  8
W-S-A v1_5_ANYTOOL_HALF_MILL_9MM_IN
100
AcDbCircle
 10
-83.83250423757733
 20
-28.25000001284845
 30
0.0
 40
0.0599999999998495
100
AcDbArc
 50
269.9999999999321
 51
0.0000000001458814
  0
LINE
  5
E9
330
70
100
AcDbEntity
  8
W-S-A v1_5_ANYTOOL_HALF_MILL_9MM_IN
100
AcDbLine
 10
-84.09500423757753
 20
-28.31000001284827
 30
0.0
 11
-83.8325042375774
 21
-28.3100000128483
 31
0.0
  0
ARC
  5
EA
330
70
100
AcDbEntity
  8
W-S-A v1_5_ANYTOOL_HALF_MILL_9MM_IN
100
AcDbCircle
 10
103.8787542375566
 20
-23.36350001285055
 30
0.0
 40
0.2124999999998543
210
0.0
220
0.0
230
-1.0
100
AcDbArc
 50
89.99999999982374
 51
269.9999999998237
  0
LINE
  5
EB
330
70
100
AcDbEntity
  8
W-S-A v1_5_ANYTOOL_HALF_MILL_9MM_IN
100
AcDbLine
 10
-87.69578423758058
 20
-27.74750001284991
 30
0.0
 11
-87.69578423758032
 21
-27.8100000128499
 31
0.0
  0
ARC
  5
EC
330
70
100
AcDbEntity
  8
W-S-A v1_5_ANYTOOL_HALF_MILL_9MM_IN
100
AcDbCircle
 10
-103.7825042375579
 20
-22.37500001284583
 30
0.0
 40
0.05999999999989
100
AcDbArc
 50
359.9999999998609
 51
90.00000000010857
  0
ARC
  5
ED
330
70
100
AcDbEntity
  8
W-S-A v1_5_ANYTOOL_HALF_MILL_9MM_IN
100
AcDbCircle
 10
-84.09500423757767
 20
-28.18500001285208
 30
0.0
 40
0.0599999999998556
100
AcDbArc
 50
89.9999999998643
 51
180.000000000139
  0
LINE
  5
EE
330
70
100
AcDbEntity
  8
W-S-A v1_5_ANYTOOL_HALF_MILL_9MM_IN
100
AcDbLine
 10
-87.2707842375804
 20
-27.8100000128499
 30
0.0
 11
-87.27078423758044
 21
-27.74750001284991
 31
0.0
  0
LINE
  5
EF
330
70
100
AcDbEntity
  8
W-S-A v1_5_ANYTOOL_HALF_MILL_9MM_IN
100
AcDbLine
 10
-85.60672423757983
 20
-22.87750001285427
 30
0.0
 11
-85.60672423758004
 21
-22.81500001285427
 31
0.0
  0
LINE
  5
F0
330
70
100
AcDbEntity
  8
W-S-A v1_5_ANYTOOL_HALF_MILL_9MM_IN
100
AcDbLine
 10
-89.12000423757643
 20
-28.12500001284401
 30
0.0
 11
-89.75750423757686
 21
-28.12500001284394
 31
0.0
  0
LINE
  5
F1
330
70
100
AcDbEntity
  8
W-S-A v1_5_ANYTOOL_HALF_MILL_9MM_IN
100
AcDbLine
 10
-97.18172423758009
 20
-22.81500001285369
 30
0.0
 11
-97.18172423758012
 21
-22.87750001285369
 31
0.0
  0
LINE
  5
F2
330
70
100
AcDbEntity
  8
W-S-A v1_5_ANYTOOL_HALF_MILL_9MM_IN
100
AcDbLine
 10
-103.9412542375573
 20
-23.57600001285054
 30
0.0
 11
-103.9412542375573
 21
-23.15100001285069
 31
0.0
  0
LINE
  5
F3
330
70
100
AcDbEntity
  8
W-S-A v1_5_ANYTOOL_HALF_MILL_9MM_IN
100
AcDbLine
 10
-83.77250423757748
 20
-28.25000001284831
 30
0.0
 11
-83.7725042375774
 21
-28.18500001285223
 31
0.0
  0
ARC
  5
F4
330
70
100
AcDbEntity
  8
W-S-A v1_5_ANYTOOL_HALF_MILL_9MM_IN
100
AcDbCircle
 10
85.3942242375799
 20
-22.87750001285441
 30
0.0
 40
0.2124999999999261
210
0.0
220
0.0
230
-1.0
100
AcDbArc
 50
179.9999999999607
 51
359.9999999999607
  0
LINE
  5
F5
330
70
100
AcDbEntity
  8
W-S-A v1_5_ANYTOOL_HALF_MILL_9MM_IN
100
AcDbLine
 10
-85.18172423758
 20
-27.81000001284976
 30
0.0
 11
-85.18172423758
 21
-27.74750001284976
 31
0.0
  0
LINE
  5
F6
330
70
100
AcDbEntity
  8
W-S-A v1_5_ANYTOOL_HALF_MILL_9MM_IN
100
AcDbLine
 10
-87.27078423758033
 20
-22.81500001285485
 30
0.0
 11
-87.2707842375804
 21
-22.87750001285485
 31
0.0
  0
LINE
  5
F7
330
70
100
AcDbEntity
  8
W-S-A v1_5_ANYTOOL_HALF_MILL_9MM_IN
100
AcDbLine
 10
-91.18172423757995
 20
-22.81500001285383
 30
0.0
 11
-91.18172423757997
 21
-22.87750001285383
 31
0.0
  0
ARC
  5
F8
330
70
100
AcDbEntity
  8
W-S-A v1_5_ANYTOOL_HALF_MILL_9MM_IN
100
AcDbCircle
 10
87.48328423758037
 20
-22.877500012855
 30
0.0
 40
0.212499999999963
210
0.0
220
0.0
230
-1.0
100
AcDbArc
 50
179.9999999999607
 51
359.9999999999607
  0
LINE
  5
F9
330
70
100
AcDbEntity
  8
W-S-A v1_5_ANYTOOL_HALF_MILL_9MM_IN
100
AcDbLine
 10
-97.60672423758013
 20
-27.81000001284918
 30
0.0
 11
-97.18172423758016
 21
-27.81000001284918
 31
0.0
  0
LINE
  5
FA
330
70
100
AcDbEntity
  8
W-S-A v1_5_ANYTOOL_HALF_MILL_9MM_IN
100
AcDbLine
 10
-91.6067242375799
 20
-27.74750001284932
 30
0.0
 11
-91.60672423757997
 21
-27.81000001284932
 31
0.0
  0
LINE
  5
FB
330
70
100
AcDbEntity
  8
W-S-A v1_5_ANYTOOL_HALF_MILL_9MM_IN
100
AcDbLine
 10
-85.6067242375799
 20
-27.81000001284976
 30
0.0
 11
-85.18172423758
 21
-27.81000001284976
 31
0.0
  0
ARC
  5
FC
330
70
100
AcDbEntity
  8
W-S-A v1_5_ANYTOOL_HALF_MILL_9MM_IN
100
AcDbCircle
 10
93.48328423758029
 20
-22.87750001285441
 30
0.0
 40
0.2124999999998908
210
0.0
220
0.0
230
-1.0
100
AcDbArc
 50
180.0
 51
0.0
  0
ARC
  5
FD
330
70
100
AcDbEntity
  8
W-S-A v1_5_ANYTOOL_HALF_MILL_9MM_IN
100
AcDbCircle
 10
-101.1200042375763
 20
-28.18500001284306
 30
0.0
 40
0.0599999999998545
100
AcDbArc
 50
359.9999999998609
 51
90.00000000014928
  0
LINE
  5
FE
330
70
100
AcDbEntity
  8
W-S-A v1_5_ANYTOOL_HALF_MILL_9MM_IN
100
AcDbLine
 10
-87.69578423758032
 20
-22.87750001285514
 30
0.0
 11
-87.69578423758035
 21
-22.81500001285485
 31
0.0
  0
LINE
  5
FF
330
70
100
AcDbEntity
  8
W-S-A v1_5_ANYTOOL_HALF_MILL_9MM_IN
100
AcDbLine
 10
-84.15500423757753
 20
-28.18500001285223
 30
0.0
 11
-84.15500423757753
 21
-28.25000001284831
 31
0.0
  0
LINE
  5
100
330
70
100
AcDbEntity
  8
W-S-A v1_5_ANYTOOL_HALF_MILL_9MM_IN
100
AcDbLine
 10
-89.06000423757653
 20
-28.25000001283637
 30
0.0
 11
-89.06000423757642
 21
-28.18500001284394
 31
0.0
  0
ARC
  5
101
330
70
100
AcDbEntity
  8
W-S-A v1_5_ANYTOOL_HALF_MILL_9MM_IN
100
AcDbCircle
 10
-85.39422423757997
 20
-27.74750001284976
 30
0.0
 40
0.2124999999999645
100
AcDbArc
 50
0.0
 51
180.0
  0
LINE
  5
102
330
70
100
AcDbEntity
  8
W-S-A v1_5_ANYTOOL_HALF_MILL_9MM_IN
100
AcDbLine
 10
-89.81750423757791
 20
-22.37500001319726
 30
0.0
 11
-89.81750423757791
 21
-22.44000001355058
 31
0.0
  0
LINE
  5
103
330
70
100
AcDbEntity
  8
W-S-A v1_5_ANYTOOL_HALF_MILL_9MM_IN
100
AcDbLine
 10
-83.93625423757809
 20
-27.04900001284737
 30
0.0
 11
-83.9987542375781
 21
-27.04900001284752
 31
0.0
  0
LINE
  5
104
330
70
100
AcDbEntity
  8
W-S-A v1_5_ANYTOOL_HALF_MILL_9MM_IN
100
AcDbLine
 10
-103.9412542375571
 20
-25.52500001285383
 30
0.0
 11
-103.9412542375571
 21
-25.10000001285398
 31
0.0
  0
LINE
  5
105
330
70
100
AcDbEntity
  8
W-S-A v1_5_ANYTOOL_HALF_MILL_9MM_IN
100
AcDbLine
 10
-85.60672423758004
 20
-22.81500001285427
 30
0.0
 11
-85.18172423758008
 21
-22.81500001285427
 31
0.0
  0
LINE
  5
106
330
70
100
AcDbEntity
  8
W-S-A v1_5_ANYTOOL_HALF_MILL_9MM_IN
100
AcDbLine
 10
-103.9412542375571
 20
-25.10000001285398
 30
0.0
 11
-103.8787542375571
 21
-25.10000001285384
 31
0.0
  0
LINE
  5
107
330
70
100
AcDbEntity
  8
W-S-A v1_5_ANYTOOL_HALF_MILL_9MM_IN
100
AcDbLine
 10
-83.93625423757805
 20
-27.47400001284722
 30
0.0
 11
-83.93625423757809
 21
-27.04900001284737
 31
0.0
  0
LINE
  5
108
330
70
100
AcDbEntity
  8
W-S-A v1_5_ANYTOOL_HALF_MILL_9MM_IN
100
AcDbLine
 10
-83.99875423757787
 20
-25.52500001285471
 30
0.0
 11
-83.93625423757788
 21
-25.52500001285456
 31
0.0
  0
LINE
  5
109
330
70
100
AcDbEntity
  8
W-S-A v1_5_ANYTOOL_HALF_MILL_9MM_IN
100
AcDbLine
 10
-83.99875423757968
 20
-27.47400001284722
 30
0.0
 11
-83.93625423757805
 21
-27.47400001284722
 31
0.0
  0
ARC
  5
10A
330
70
100
AcDbEntity
  8
W-S-A v1_5_ANYTOOL_HALF_MILL_9MM_IN
100
AcDbCircle
 10
103.878754237556
 20
-27.26150001284635
 30
0.0
 40
0.212499999999709
210
0.0
220
0.0
230
-1.0
100
AcDbArc
 50
89.99999999975477
 51
269.9999999997548
  0
LINE
  5
10B
330
70
100
AcDbEntity
  8
W-S-A v1_5_ANYTOOL_HALF_MILL_9MM_IN
100
AcDbLine
 10
-103.9412542375573
 20
-23.15100001285069
 30
0.0
 11
-103.8787542375573
 21
-23.15100001285069
 31
0.0
  0
ARC
  5
10C
330
70
100
AcDbEntity
  8
W-S-A v1_5_ANYTOOL_HALF_MILL_9MM_IN
100
AcDbCircle
 10
99.48328423758043
 20
-22.87750001285427
 30
0.0
 40
0.2124999999999645
210
0.0
220
0.0
230
-1.0
100
AcDbArc
 50
180.0
 51
0.0
  0
LINE
  5
10D
330
70
100
AcDbEntity
  8
W-S-A v1_5_ANYTOOL_HALF_MILL_9MM_IN
100
AcDbLine
 10
-83.93625423757777
 20
-23.57600001285156
 30
0.0
 11
-83.93625423757784
 21
-23.15100001285171
 31
0.0
  0
ARC
  5
10E
330
70
100
AcDbEntity
  8
W-S-A v1_5_ANYTOOL_HALF_MILL_9MM_IN
100
AcDbCircle
 10
-89.75750423757693
 20
-28.18500001284394
 30
0.0
 40
0.0600000000000005
100
AcDbArc
 50
89.99999999993216
 51
180.0
  0
ARC
  5
10F
330
70
100
AcDbEntity
  8
W-S-A v1_5_ANYTOOL_HALF_MILL_9MM_IN
100
AcDbCircle
 10
-83.99875423757857
 20
-23.36350001285156
 30
0.0
 40
0.2125000000000007
100
AcDbArc
 50
89.99999999980458
 51
269.9999999998046
  0
ARC
  5
110
330
70
100
AcDbEntity
  8
W-S-A v1_5_ANYTOOL_HALF_MILL_9MM_IN
100
AcDbCircle
 10
103.8787542375564
 20
-25.31250001285369
 30
0.0
 40
0.2124999999998544
210
0.0
220
0.0
230
-1.0
100
AcDbArc
 50
89.99999999980458
 51
269.9999999998046
  0
ARC
  5
111
330
70
100
AcDbEntity
  8
W-S-A v1_5_ANYTOOL_HALF_MILL_9MM_IN
100
AcDbCircle
 10
-83.99875423757871
 20
-25.31250001285471
 30
0.0
 40
0.2125
100
AcDbArc
 50
89.99999999977394
 51
269.9999999997739
  0
LINE
  5
112
330
70
100
AcDbEntity
  8
W-S-A v1_5_ANYTOOL_HALF_MILL_9MM_IN
100
AcDbLine
 10
-103.9412542375569
 20
-27.04900001284665
 30
0.0
 11
-103.8787542375569
 21
-27.04900001284665
 31
0.0
  0
LINE
  5
113
330
70
100
AcDbEntity
  8
W-S-A v1_5_ANYTOOL_HALF_MILL_9MM_IN
100
AcDbLine
 10
-93.27078423758043
 20
-22.81500001285441
 30
0.0
 11
-93.2707842375804
 21
-22.87750001285441
 31
0.0
  0
LINE
  5
115
330
70
100
AcDbEntity
  8
W-S-A v1_3_ANYTOOL_CUTTHROUGH_INSID
100
AcDbLine
 10
-89.53125423755084
 20
-24.83500001284947
 30
0.0
 11
-89.53125423755066
 21
-25.79000001284932
 31
0.0
  0
ARC
  5
116
330
70
100
AcDbEntity
  8
W-S-A v1_3_ANYTOOL_CUTTHROUGH_INSID
100
AcDbCircle
 10
-88.43875423755074
 20
-24.81250004320723
 30
0.0
 40
0.0924999999999997
100
AcDbArc
 50
0.0
 51
180.0
  0
LINE
  5
117
330
70
100
AcDbEntity
  8
W-S-A v1_3_ANYTOOL_CUTTHROUGH_INSID
100
AcDbLine
 10
-101.2862542375507
 20
-25.91500001284874
 30
0.0
 11
-101.2862542375507
 21
-25.79000001284874
 31
0.0
  0
LINE
  5
118
330
70
100
AcDbEntity
  8
W-S-A v1_3_ANYTOOL_CUTTHROUGH_INSID
100
AcDbLine
 10
-95.34625423755088
 20
-24.83500001284918
 30
0.0
 11
-95.28625423755087
 21
-24.83500001284918
 31
0.0
  0
LINE
  5
119
330
70
100
AcDbEntity
  8
W-S-A v1_3_ANYTOOL_CUTTHROUGH_INSID
100
AcDbLine
 10
-90.53125423755107
 20
-24.81250004320709
 30
0.0
 11
-90.53125423755099
 21
-25.81249998249141
 31
0.0
  0
LINE
  5
11A
330
70
100
AcDbEntity
  8
W-S-A v1_3_ANYTOOL_CUTTHROUGH_INSID
100
AcDbLine
 10
-96.34625423755103
 20
-25.81249998249111
 30
0.0
 11
-96.34625423755103
 21
-24.8125000432068
 31
0.0
  0
LINE
  5
11B
330
70
100
AcDbEntity
  8
W-S-A v1_3_ANYTOOL_CUTTHROUGH_INSID
100
AcDbLine
 10
-94.5312542375507
 20
-24.81250004320709
 30
0.0
 11
-94.53125423755073
 21
-25.81249998249126
 31
0.0
  0
LINE
  5
11C
330
70
100
AcDbEntity
  8
W-S-A v1_3_ANYTOOL_CUTTHROUGH_INSID
100
AcDbLine
 10
-101.3462542375507
 20
-25.79000001284874
 30
0.0
 11
-101.3462542375509
 21
-24.83500001284888
 31
0.0
  0
LINE
  5
11D
330
70
100
AcDbEntity
  8
W-S-A v1_3_ANYTOOL_CUTTHROUGH_INSID
100
AcDbLine
 10
-89.53125423755066
 20
-25.79000001284932
 30
0.0
 11
-89.59125423755066
 21
-25.79000001284932
 31
0.0
  0
LINE
  5
11E
330
70
100
AcDbEntity
  8
W-S-A v1_3_ANYTOOL_CUTTHROUGH_INSID
100
AcDbLine
 10
-95.53125423755069
 20
-25.79000001284903
 30
0.0
 11
-95.5912542375507
 21
-25.79000001284903
 31
0.0
  0
LINE
  5
11F
330
70
100
AcDbEntity
  8
W-S-A v1_3_ANYTOOL_CUTTHROUGH_INSID
100
AcDbLine
 10
-95.3462542375507
 20
-25.79000001284903
 30
0.0
 11
-95.34625423755088
 21
-24.83500001284918
 31
0.0
  0
LINE
  5
120
330
70
100
AcDbEntity
  8
W-S-A v1_3_ANYTOOL_CUTTHROUGH_INSID
100
AcDbLine
 10
-95.2862542375507
 20
-25.79000001284903
 30
0.0
 11
-95.3462542375507
 21
-25.79000001284903
 31
0.0
  0
LINE
  5
121
330
70
100
AcDbEntity
  8
W-S-A v1_3_ANYTOOL_CUTTHROUGH_INSID
100
AcDbLine
 10
-101.5312542375509
 20
-24.83500001284888
 30
0.0
 11
-101.5312542375507
 21
-25.79000001284874
 31
0.0
  0
LINE
  5
122
330
70
100
AcDbEntity
  8
W-S-A v1_3_ANYTOOL_CUTTHROUGH_INSID
100
AcDbLine
 10
-95.5912542375507
 20
-25.79000001284903
 30
0.0
 11
-95.59125423755066
 21
-25.91500001284903
 31
0.0
  0
LINE
  5
123
330
70
100
AcDbEntity
  8
W-S-A v1_3_ANYTOOL_CUTTHROUGH_INSID
100
AcDbLine
 10
-100.5312542375508
 20
-24.81250004320665
 30
0.0
 11
-100.5312542375507
 21
-25.81249998249097
 31
0.0
  0
ARC
  5
124
330
70
100
AcDbEntity
  8
W-S-A v1_3_ANYTOOL_CUTTHROUGH_INSID
100
AcDbCircle
 10
-100.4387542375507
 20
-25.81249998249097
 30
0.0
 40
0.0925000000000722
100
AcDbArc
 50
180.0
 51
0.0
  0
LINE
  5
125
330
70
100
AcDbEntity
  8
W-S-A v1_3_ANYTOOL_CUTTHROUGH_INSID
100
AcDbLine
 10
-89.28625423755063
 20
-25.91500001284932
 30
0.0
 11
-89.28625423755066
 21
-25.79000001284932
 31
0.0
  0
LINE
  5
126
330
70
100
AcDbEntity
  8
W-S-A v1_3_ANYTOOL_CUTTHROUGH_INSID
100
AcDbLine
 10
-95.53125423755089
 20
-24.83500001284918
 30
0.0
 11
-95.53125423755069
 21
-25.79000001284903
 31
0.0
  0
LINE
  5
127
330
70
100
AcDbEntity
  8
W-S-A v1_3_ANYTOOL_CUTTHROUGH_INSID
100
AcDbLine
 10
-102.346254237551
 20
-25.81249998249083
 30
0.0
 11
-102.346254237551
 21
-24.81250004320651
 31
0.0
  0
ARC
  5
128
330
70
100
AcDbEntity
  8
W-S-A v1_3_ANYTOOL_CUTTHROUGH_INSID
100
AcDbCircle
 10
-96.43875423755103
 20
-24.8125000432068
 30
0.0
 40
0.0924999999999997
100
AcDbArc
 50
0.0
 51
180.0
  0
ARC
  5
129
330
70
100
AcDbEntity
  8
W-S-A v1_3_ANYTOOL_CUTTHROUGH_INSID
100
AcDbCircle
 10
-94.43875423755066
 20
-25.81249998249126
 30
0.0
 40
0.0925000000000728
100
AcDbArc
 50
180.0
 51
0.0
  0
ARC
  5
12A
330
70
100
AcDbEntity
  8
W-S-A v1_3_ANYTOOL_CUTTHROUGH_INSID
100
AcDbCircle
 10
-90.43875423755102
 20
-24.81250004320709
 30
0.0
 40
0.0925000000000367
100
AcDbArc
 50
0.0
 51
180.0
  0
LINE
  5
12B
330
70
100
AcDbEntity
  8
W-S-A v1_3_ANYTOOL_CUTTHROUGH_INSID
100
AcDbLine
 10
-101.2862542375509
 20
-24.71000001284889
 30
0.0
 11
-101.5912542375509
 21
-24.71000001284889
 31
0.0
  0
LINE
  5
12C
330
70
100
AcDbEntity
  8
W-S-A v1_3_ANYTOOL_CUTTHROUGH_INSID
100
AcDbLine
 10
-101.5312542375507
 20
-25.79000001284874
 30
0.0
 11
-101.5912542375507
 21
-25.79000001284874
 31
0.0
  0
LINE
  5
12D
330
70
100
AcDbEntity
  8
W-S-A v1_3_ANYTOOL_CUTTHROUGH_INSID
100
AcDbLine
 10
-90.346254237551
 20
-25.81249998249141
 30
0.0
 11
-90.346254237551
 21
-24.81250004320709
 31
0.0
  0
LINE
  5
12E
330
70
100
AcDbEntity
  8
W-S-A v1_3_ANYTOOL_CUTTHROUGH_INSID
100
AcDbLine
 10
-89.59125423755088
 20
-24.71000001284947
 30
0.0
 11
-89.59125423755088
 21
-24.83500001284947
 31
0.0
  0
LINE
  5
12F
330
70
100
AcDbEntity
  8
W-S-A v1_3_ANYTOOL_CUTTHROUGH_INSID
100
AcDbLine
 10
-95.59125423755066
 20
-25.91500001284903
 30
0.0
 11
-95.28625423755066
 21
-25.91500001284903
 31
0.0
  0
ARC
  5
130
330
70
100
AcDbEntity
  8
W-S-A v1_3_ANYTOOL_CUTTHROUGH_INSID
100
AcDbCircle
 10
-96.43875423755103
 20
-25.81249998249111
 30
0.0
 40
0.0925000000000001
100
AcDbArc
 50
180.0
 51
0.0
  0
LINE
  5
131
330
70
100
AcDbEntity
  8
W-S-A v1_3_ANYTOOL_CUTTHROUGH_INSID
100
AcDbLine
 10
-95.28625423755066
 20
-25.91500001284903
 30
0.0
 11
-95.2862542375507
 21
-25.79000001284903
 31
0.0
  0
LINE
  5
132
330
70
100
AcDbEntity
  8
W-S-A v1_3_ANYTOOL_CUTTHROUGH_INSID
100
AcDbLine
 10
-102.5312542375511
 20
-24.81250004320651
 30
0.0
 11
-102.531254237551
 21
-25.81249998249083
 31
0.0
  0
LINE
  5
133
330
70
100
AcDbEntity
  8
W-S-A v1_3_ANYTOOL_CUTTHROUGH_INSID
100
AcDbLine
 10
-95.59125423755091
 20
-24.83500001284918
 30
0.0
 11
-95.53125423755089
 21
-24.83500001284918
 31
0.0
  0
LINE
  5
134
330
70
100
AcDbEntity
  8
W-S-A v1_3_ANYTOOL_CUTTHROUGH_INSID
100
AcDbLine
 10
-96.53125423755103
 20
-24.8125000432068
 30
0.0
 11
-96.53125423755103
 21
-25.81249998249111
 31
0.0
  0
LINE
  5
135
330
70
100
AcDbEntity
  8
W-S-A v1_3_ANYTOOL_CUTTHROUGH_INSID
100
AcDbLine
 10
-101.2862542375507
 20
-25.79000001284874
 30
0.0
 11
-101.3462542375507
 21
-25.79000001284874
 31
0.0
  0
ARC
  5
136
330
70
100
AcDbEntity
  8
W-S-A v1_3_ANYTOOL_CUTTHROUGH_INSID
100
AcDbCircle
 10
-102.438754237551
 20
-25.81249998249083
 30
0.0
 40
0.0924999999999997
100
AcDbArc
 50
180.0
 51
0.0
  0
ARC
  5
137
330
70
100
AcDbEntity
  8
W-S-A v1_3_ANYTOOL_CUTTHROUGH_INSID
100
AcDbCircle
 10
-94.43875423755073
 20
-24.81250004320695
 30
0.0
 40
0.0924999999999637
100
AcDbArc
 50
0.0
 51
180.0
  0
LINE
  5
138
330
70
100
AcDbEntity
  8
W-S-A v1_3_ANYTOOL_CUTTHROUGH_INSID
100
AcDbLine
 10
-95.28625423755087
 20
-24.83500001284918
 30
0.0
 11
-95.28625423755087
 21
-24.71000001284918
 31
0.0
  0
ARC
  5
139
330
70
100
AcDbEntity
  8
W-S-A v1_3_ANYTOOL_CUTTHROUGH_INSID
100
AcDbCircle
 10
-88.43875423755074
 20
-25.81249998249155
 30
0.0
 40
0.0924999999999635
100
AcDbArc
 50
180.0
 51
0.0
  0
ARC
  5
13A
330
70
100
AcDbEntity
  8
W-S-A v1_3_ANYTOOL_CUTTHROUGH_INSID
100
AcDbCircle
 10
-90.438754237551
 20
-25.81249998249141
 30
0.0
 40
0.0925000000000004
100
AcDbArc
 50
180.0
 51
0.0
  0
LINE
  5
13B
330
70
100
AcDbEntity
  8
W-S-A v1_3_ANYTOOL_CUTTHROUGH_INSID
100
AcDbLine
 10
-89.34625423755067
 20
-25.79000001284932
 30
0.0
 11
-89.34625423755084
 21
-24.83500001284947
 31
0.0
  0
LINE
  5
13C
330
70
100
AcDbEntity
  8
W-S-A v1_3_ANYTOOL_CUTTHROUGH_INSID
100
AcDbLine
 10
-101.2862542375509
 20
-24.83500001284888
 30
0.0
 11
-101.2862542375509
 21
-24.71000001284889
 31
0.0
  0
LINE
  5
13D
330
70
100
AcDbEntity
  8
W-S-A v1_3_ANYTOOL_CUTTHROUGH_INSID
100
AcDbLine
 10
-89.59125423755066
 20
-25.79000001284932
 30
0.0
 11
-89.59125423755063
 21
-25.91500001284932
 31
0.0
  0
LINE
  5
13E
330
70
100
AcDbEntity
  8
W-S-A v1_3_ANYTOOL_CUTTHROUGH_INSID
100
AcDbLine
 10
-89.28625423755084
 20
-24.83500001284947
 30
0.0
 11
-89.28625423755084
 21
-24.71000001284947
 31
0.0
  0
LINE
  5
13F
330
70
100
AcDbEntity
  8
W-S-A v1_3_ANYTOOL_CUTTHROUGH_INSID
100
AcDbLine
 10
-101.5912542375507
 20
-25.79000001284874
 30
0.0
 11
-101.5912542375507
 21
-25.91500001284874
 31
0.0
  0
ARC
  5
140
330
70
100
AcDbEntity
  8
W-S-A v1_3_ANYTOOL_CUTTHROUGH_INSID
100
AcDbCircle
 10
-100.4387542375508
 20
-24.81250004320666
 30
0.0
 40
0.0925000000000012
100
AcDbArc
 50
0.0
 51
180.0
  0
LINE
  5
141
330
70
100
AcDbEntity
  8
W-S-A v1_3_ANYTOOL_CUTTHROUGH_INSID
100
AcDbLine
 10
-101.5912542375509
 20
-24.71000001284889
 30
0.0
 11
-101.5912542375509
 21
-24.83500001284888
 31
0.0
  0
LINE
  5
142
330
70
100
AcDbEntity
  8
W-S-A v1_3_ANYTOOL_CUTTHROUGH_INSID
100
AcDbLine
 10
-101.5912542375507
 20
-25.91500001284874
 30
0.0
 11
-101.2862542375507
 21
-25.91500001284874
 31
0.0
  0
LINE
  5
143
330
70
100
AcDbEntity
  8
W-S-A v1_3_ANYTOOL_CUTTHROUGH_INSID
100
AcDbLine
 10
-101.5912542375509
 20
-24.83500001284888
 30
0.0
 11
-101.5312542375509
 21
-24.83500001284888
 31
0.0
  0
LINE
  5
144
330
70
100
AcDbEntity
  8
W-S-A v1_3_ANYTOOL_CUTTHROUGH_INSID
100
AcDbLine
 10
-88.34625423755076
 20
-25.81249998249155
 30
0.0
 11
-88.34625423755074
 21
-24.81250004320724
 31
0.0
  0
LINE
  5
145
330
70
100
AcDbEntity
  8
W-S-A v1_3_ANYTOOL_CUTTHROUGH_INSID
100
AcDbLine
 10
-95.28625423755087
 20
-24.71000001284918
 30
0.0
 11
-95.59125423755091
 21
-24.71000001284918
 31
0.0
  0
LINE
  5
146
330
70
100
AcDbEntity
  8
W-S-A v1_3_ANYTOOL_CUTTHROUGH_INSID
100
AcDbLine
 10
-100.3462542375506
 20
-25.81249998249097
 30
0.0
 11
-100.3462542375508
 21
-24.81250004320666
 31
0.0
  0
LINE
  5
147
330
70
100
AcDbEntity
  8
W-S-A v1_3_ANYTOOL_CUTTHROUGH_INSID
100
AcDbLine
 10
-95.59125423755091
 20
-24.71000001284918
 30
0.0
 11
-95.59125423755091
 21
-24.83500001284918
 31
0.0
  0
LINE
  5
148
330
70
100
AcDbEntity
  8
W-S-A v1_3_ANYTOOL_CUTTHROUGH_INSID
100
AcDbLine
 10
-89.28625423755066
 20
-25.79000001284932
 30
0.0
 11
-89.34625423755067
 21
-25.79000001284932
 31
0.0
  0
LINE
  5
149
330
70
100
AcDbEntity
  8
W-S-A v1_3_ANYTOOL_CUTTHROUGH_INSID
100
AcDbLine
 10
-89.28625423755084
 20
-24.71000001284947
 30
0.0
 11
-89.59125423755088
 21
-24.71000001284947
 31
0.0
  0
LINE
  5
14A
330
70
100
AcDbEntity
  8
W-S-A v1_3_ANYTOOL_CUTTHROUGH_INSID
100
AcDbLine
 10
-94.34625423755059
 20
-25.81249998249126
 30
0.0
 11
-94.34625423755077
 21
-24.81250004320695
 31
0.0
  0
LINE
  5
14B
330
70
100
AcDbEntity
  8
W-S-A v1_3_ANYTOOL_CUTTHROUGH_INSID
100
AcDbLine
 10
-101.3462542375509
 20
-24.83500001284888
 30
0.0
 11
-101.2862542375509
 21
-24.83500001284888
 31
0.0
  0
LINE
  5
14C
330
70
100
AcDbEntity
  8
W-S-A v1_3_ANYTOOL_CUTTHROUGH_INSID
100
AcDbLine
 10
-89.59125423755088
 20
-24.83500001284947
 30
0.0
 11
-89.53125423755084
 21
-24.83500001284947
 31
0.0
  0
LINE
  5
14D
330
70
100
AcDbEntity
  8
W-S-A v1_3_ANYTOOL_CUTTHROUGH_INSID
100
AcDbLine
 10
-89.59125423755063
 20
-25.91500001284932
 30
0.0
 11
-89.28625423755063
 21
-25.91500001284932
 31
0.0
  0
ARC
  5
14E
330
70
100
AcDbEntity
  8
W-S-A v1_3_ANYTOOL_CUTTHROUGH_INSID
100
AcDbCircle
 10
-102.4387542375511
 20
-24.81250004320651
 30
0.0
 40
0.0925000000000353
100
AcDbArc
 50
0.0
 51
180.0
  0
LINE
  5
14F
330
70
100
AcDbEntity
  8
W-S-A v1_3_ANYTOOL_CUTTHROUGH_INSID
100
AcDbLine
 10
-88.53125423755074
 20
-24.81250004320723
 30
0.0
 11
-88.5312542375507
 21
-25.81249998249155
 31
0.0
  0
LINE
  5
150
330
70
100
AcDbEntity
  8
W-S-A v1_3_ANYTOOL_CUTTHROUGH_INSID
100
AcDbLine
 10
-89.34625423755084
 20
-24.83500001284947
 30
0.0
 11
-89.28625423755084
 21
-24.83500001284947
 31
0.0
  0
LINE
  5
152
330
70
100
AcDbEntity
  8
W-S-A v1_4_ANYTOOL_CUTTHROUGH_OUTSI
100
AcDbLine
 10
-92.06125423758019
 20
-28.30500001284721
 30
0.0
 11
-91.67527861111455
 21
-28.30500001284928
 31
0.0
  0
ARC
  5
153
330
70
100
AcDbEntity
  8
W-S-A v1_4_ANYTOOL_CUTTHROUGH_OUTSI
100
AcDbCircle
 10
92.81375423758007
 20
-28.06750001284515
 30
0.0
 40
0.0025000000001789
210
0.0
220
0.0
230
-1.0
100
AcDbArc
 50
0.0000000021169772
 51
89.99999999772018
  0
ARC
  5
154
330
70
100
AcDbEntity
  8
W-S-A v1_4_ANYTOOL_CUTTHROUGH_OUTSI
100
AcDbCircle
 10
94.43875423757752
 20
-28.06750001284893
 30
0.0
 40
0.0025000000002933
210
0.0
220
0.0
230
-1.0
100
AcDbArc
 50
90.00000000651375
 51
179.9999999925906
  0
ARC
  5
155
330
70
100
AcDbEntity
  8
W-S-A v1_4_ANYTOOL_CUTTHROUGH_OUTSI
100
AcDbCircle
 10
93.09318953395125
 20
-27.80727377150564
 30
0.0
 40
0.0622738306666837
210
0.0
220
0.0
230
-1.0
100
AcDbArc
 50
89.91286676438813
 51
180.9680592065049
  0
LINE
  5
156
330
70
100
AcDbEntity
  8
W-S-A v1_4_ANYTOOL_CUTTHROUGH_OUTSI
100
AcDbLine
 10
-93.87328423758015
 20
-27.74500001284981
 30
0.0
 11
-93.09328423758064
 21
-27.74500001284981
 31
0.0
  0
ARC
  5
157
330
70
100
AcDbEntity
  8
W-S-A v1_4_ANYTOOL_CUTTHROUGH_OUTSI
100
AcDbCircle
 10
91.00412953395169
 20
-27.80727377150591
 30
0.0
 40
0.0622738306674632
210
0.0
220
0.0
230
-1.0
100
AcDbArc
 50
89.91286676521292
 51
180.9680592059438
  0
LINE
  5
158
330
70
100
AcDbEntity
  8
W-S-A v1_4_ANYTOOL_CUTTHROUGH_OUTSI
100
AcDbLine
 10
-100.4362542375773
 20
-28.06750001284825
 30
0.0
 11
-100.4362542375773
 21
-28.30500001284802
 31
0.0
  0
LINE
  5
159
330
70
100
AcDbEntity
  8
W-S-A v1_4_ANYTOOL_CUTTHROUGH_OUTSI
100
AcDbLine
 10
-97.8284184114042
 20
-27.76330583902485
 30
0.0
 11
-97.80723015692755
 21
-27.74938824403263
 31
0.0
  0
LINE
  5
15A
330
70
100
AcDbEntity
  8
W-S-A v1_4_ANYTOOL_CUTTHROUGH_OUTSI
100
AcDbLine
 10
-95.80875423757683
 20
-28.06500001284168
 30
0.0
 11
-95.68875423757681
 21
-28.06500001284108
 31
0.0
  0
ARC
  5
15B
330
70
100
AcDbEntity
  8
W-S-A v1_4_ANYTOOL_CUTTHROUGH_OUTSI
100
AcDbCircle
 10
90.31875423757762
 20
-28.06750001284919
 30
0.0
 40
0.0025000000002407
210
0.0
220
0.0
230
-1.0
100
AcDbArc
 50
90.0000000091193
 51
179.9999999943004
  0
LINE
  5
15C
330
70
100
AcDbEntity
  8
W-S-A v1_4_ANYTOOL_CUTTHROUGH_OUTSI
100
AcDbLine
 10
-89.81125423757672
 20
-28.12500001284195
 30
0.0
 11
-89.8112542375768
 21
-28.06750001284184
 31
0.0
  0
LINE
  5
15D
330
70
100
AcDbEntity
  8
W-S-A v1_4_ANYTOOL_CUTTHROUGH_OUTSI
100
AcDbLine
 10
-92.69125423758021
 20
-28.12500001284512
 30
0.0
 11
-92.18625423758023
 21
-28.12500001284497
 31
0.0
  0
ARC
  5
15E
330
70
100
AcDbEntity
  8
W-S-A v1_4_ANYTOOL_CUTTHROUGH_OUTSI
100
AcDbCircle
 10
88.55875423757741
 20
-28.06750001284905
 30
0.0
 40
0.0024999999998073
210
0.0
220
0.0
230
-1.0
100
AcDbArc
 50
359.999999995766
 51
90.00000000423396
  0
LINE
  5
15F
330
70
100
AcDbEntity
  8
W-S-A v1_4_ANYTOOL_CUTTHROUGH_OUTSI
100
AcDbLine
 10
-89.68625423757686
 20
-28.06750001284125
 30
0.0
 11
-89.68625423757664
 21
-28.30500001283634
 31
0.0
  0
LINE
  5
160
330
70
100
AcDbEntity
  8
W-S-A v1_4_ANYTOOL_CUTTHROUGH_OUTSI
100
AcDbLine
 10
-91.67527861111455
 20
-28.30500001284928
 30
0.0
 11
-91.67762855120395
 21
-28.2910513108464
 31
0.0
  0
LINE
  5
161
330
70
100
AcDbEntity
  8
W-S-A v1_4_ANYTOOL_CUTTHROUGH_OUTSI
100
AcDbLine
 10
-91.84672423757998
 20
-27.80750001284939
 30
0.0
 11
-91.84233600639631
 21
-27.78449409350168
 31
0.0
  0
LINE
  5
162
330
70
100
AcDbEntity
  8
W-S-A v1_4_ANYTOOL_CUTTHROUGH_OUTSI
100
AcDbLine
 10
-98.69125423758033
 20
-28.12500001284499
 30
0.0
 11
-98.1862542375803
 21
-28.12500001284485
 31
0.0
  0
LINE
  5
163
330
70
100
AcDbEntity
  8
W-S-A v1_4_ANYTOOL_CUTTHROUGH_OUTSI
100
AcDbLine
 10
-101.1887542375765
 20
-28.06500001284079
 30
0.0
 11
-101.0687542375765
 21
-28.06500001284139
 31
0.0
  0
ARC
  5
164
330
70
100
AcDbEntity
  8
W-S-A v1_4_ANYTOOL_CUTTHROUGH_OUTSI
100
AcDbCircle
 10
95.0687542375765
 20
-28.06750001284161
 30
0.0
 40
0.0024999999999284
210
0.0
220
0.0
230
-1.0
100
AcDbArc
 50
89.99999999902293
 51
180.0000000008956
  0
LINE
  5
165
330
70
100
AcDbEntity
  8
W-S-A v1_4_ANYTOOL_CUTTHROUGH_OUTSI
100
AcDbLine
 10
-88.55875423757721
 20
-28.06500001284925
 30
0.0
 11
-88.43875423757721
 21
-28.06500001284895
 31
0.0
  0
LINE
  5
166
330
70
100
AcDbEntity
  8
W-S-A v1_4_ANYTOOL_CUTTHROUGH_OUTSI
100
AcDbLine
 10
-93.93578423758038
 20
-27.80750001284967
 30
0.0
 11
-93.93139600639671
 21
-27.78449409350198
 31
0.0
  0
LINE
  5
167
330
70
100
AcDbEntity
  8
W-S-A v1_4_ANYTOOL_CUTTHROUGH_OUTSI
100
AcDbLine
 10
-92.06125423758019
 20
-28.0675000128449
 30
0.0
 11
-92.06125423758019
 21
-28.30500001284721
 31
0.0
  0
ARC
  5
168
330
70
100
AcDbEntity
  8
W-S-A v1_4_ANYTOOL_CUTTHROUGH_OUTSI
100
AcDbCircle
 10
94.5587542375773
 20
-28.06750001284891
 30
0.0
 40
0.0024999999999837
210
0.0
220
0.0
230
-1.0
100
AcDbArc
 50
0.0000000003256888
 51
90.00000000065139
  0
LINE
  5
169
330
70
100
AcDbEntity
  8
W-S-A v1_4_ANYTOOL_CUTTHROUGH_OUTSI
100
AcDbLine
 10
-89.06625423757654
 20
-28.06750001284184
 30
0.0
 11
-89.06625423757658
 21
-28.12500001284195
 31
0.0
  0
LINE
  5
16A
330
70
100
AcDbEntity
  8
W-S-A v1_4_ANYTOOL_CUTTHROUGH_OUTSI
100
AcDbLine
 10
-101.0662542375765
 20
-28.06750001284129
 30
0.0
 11
-101.0662542375766
 21
-28.12500001284126
 31
0.0
  0
LINE
  5
16B
330
70
100
AcDbEntity
  8
W-S-A v1_4_ANYTOOL_CUTTHROUGH_OUTSI
100
AcDbLine
 10
-101.6862542375768
 20
-28.0675000128407
 30
0.0
 11
-101.6862542375767
 21
-28.30500001283573
 31
0.0
  0
LINE
  5
16C
330
70
100
AcDbEntity
  8
W-S-A v1_4_ANYTOOL_CUTTHROUGH_OUTSI
100
AcDbLine
 10
-93.91747841140441
 20
-27.76330583902545
 30
0.0
 11
-93.89629015692781
 21
-27.74938824403328
 31
0.0
  0
ARC
  5
16D
330
70
100
AcDbEntity
  8
W-S-A v1_4_ANYTOOL_CUTTHROUGH_OUTSI
100
AcDbCircle
 10
101.6887542375767
 20
-28.06750001284071
 30
0.0
 40
0.0024999999999196
210
0.0
220
0.0
230
-1.0
100
AcDbArc
 50
89.99999999804586
 51
179.9999999995929
  0
ARC
  5
16E
330
70
100
AcDbEntity
  8
W-S-A v1_4_ANYTOOL_CUTTHROUGH_OUTSI
100
AcDbCircle
 10
92.06375423758037
 20
-28.067500012845
 30
0.0
 40
0.0025000000001803
210
0.0
220
0.0
230
-1.0
100
AcDbArc
 50
90.00000000390828
 51
179.999999997883
  0
ARC
  5
16F
330
70
100
AcDbEntity
  8
W-S-A v1_4_ANYTOOL_CUTTHROUGH_OUTSI
100
AcDbCircle
 10
89.18875423757645
 20
-28.06750001284131
 30
0.0
 40
0.0025000000000539
210
0.0
220
0.0
230
-1.0
100
AcDbArc
 50
0.0000000013841774
 51
89.99999999934862
  0
LINE
  5
170
330
70
100
AcDbEntity
  8
W-S-A v1_4_ANYTOOL_CUTTHROUGH_OUTSI
100
AcDbLine
 10
-88.43625423757728
 20
-28.30500001284862
 30
0.0
 11
-87.76433861111494
 21
-28.3050000128501
 31
0.0
  0
LINE
  5
171
330
70
100
AcDbEntity
  8
W-S-A v1_4_ANYTOOL_CUTTHROUGH_OUTSI
100
AcDbLine
 10
-93.03092459168942
 20
-27.80832588891148
 30
0.0
 11
-93.19991572162244
 21
-28.29116196060181
 31
0.0
  0
LINE
  5
172
330
70
100
AcDbEntity
  8
W-S-A v1_4_ANYTOOL_CUTTHROUGH_OUTSI
100
AcDbLine
 10
-87.76668855120433
 20
-28.29105131084699
 30
0.0
 11
-87.9357842375804
 21
-27.8075000128502
 31
0.0
  0
LINE
  5
173
330
70
100
AcDbEntity
  8
W-S-A v1_4_ANYTOOL_CUTTHROUGH_OUTSI
100
AcDbLine
 10
-87.76433861111494
 20
-28.3050000128501
 30
0.0
 11
-87.76668855120433
 21
-28.29105131084699
 31
0.0
  0
LINE
  5
174
330
70
100
AcDbEntity
  8
W-S-A v1_4_ANYTOOL_CUTTHROUGH_OUTSI
100
AcDbLine
 10
-95.18875423757654
 20
-28.06500001284108
 30
0.0
 11
-95.06875423757653
 21
-28.06500001284168
 31
0.0
  0
LINE
  5
175
330
70
100
AcDbEntity
  8
W-S-A v1_4_ANYTOOL_CUTTHROUGH_OUTSI
100
AcDbLine
 10
-90.316254237577
 20
-28.12500001284329
 30
0.0
 11
-89.81125423757672
 21
-28.12500001284195
 31
0.0
  0
ARC
  5
176
330
70
100
AcDbEntity
  8
W-S-A v1_4_ANYTOOL_CUTTHROUGH_OUTSI
100
AcDbCircle
 10
99.09318953395169
 20
-27.80727377150565
 30
0.0
 40
0.0622738306670227
210
0.0
220
0.0
230
-1.0
100
AcDbArc
 50
89.91286676479392
 51
180.9680592063886
  0
LINE
  5
177
330
70
100
AcDbEntity
  8
W-S-A v1_4_ANYTOOL_CUTTHROUGH_OUTSI
100
AcDbLine
 10
-92.81625423758029
 20
-28.30500001284942
 30
0.0
 11
-92.81625423758026
 21
-28.06750001284505
 31
0.0
  0
LINE
  5
178
330
70
100
AcDbEntity
  8
W-S-A v1_4_ANYTOOL_CUTTHROUGH_OUTSI
100
AcDbLine
 10
-101.0662542375766
 20
-28.12500001284126
 30
0.0
 11
-100.561254237577
 21
-28.12500001284275
 31
0.0
  0
LINE
  5
179
330
70
100
AcDbEntity
  8
W-S-A v1_4_ANYTOOL_CUTTHROUGH_OUTSI
100
AcDbLine
 10
-90.94186459168907
 20
-27.80832588891115
 30
0.0
 11
-91.11085572163338
 21
-28.29116196064004
 31
0.0
  0
LINE
  5
17A
330
70
100
AcDbEntity
  8
W-S-A v1_4_ANYTOOL_CUTTHROUGH_OUTSI
100
AcDbLine
 10
-93.19991572162244
 20
-28.29116196060181
 30
0.0
 11
-93.2022298640458
 21
-28.30500001284958
 31
0.0
  0
LINE
  5
17B
330
70
100
AcDbEntity
  8
W-S-A v1_4_ANYTOOL_CUTTHROUGH_OUTSI
100
AcDbLine
 10
-89.19125423757666
 20
-28.30500001283634
 30
0.0
 11
-89.1912542375765
 21
-28.06750001284125
 31
0.0
  0
LINE
  5
17C
330
70
100
AcDbEntity
  8
W-S-A v1_4_ANYTOOL_CUTTHROUGH_OUTSI
100
AcDbLine
 10
-92.69125423758017
 20
-28.06750001284505
 30
0.0
 11
-92.69125423758021
 21
-28.12500001284512
 31
0.0
  0
LINE
  5
17D
330
70
100
AcDbEntity
  8
W-S-A v1_4_ANYTOOL_CUTTHROUGH_OUTSI
100
AcDbLine
 10
-99.7666885512044
 20
-28.29105131084631
 30
0.0
 11
-99.93578423758044
 21
-27.80750001284953
 31
0.0
  0
LINE
  5
17E
330
70
100
AcDbEntity
  8
W-S-A v1_4_ANYTOOL_CUTTHROUGH_OUTSI
100
AcDbLine
 10
-92.18625423758023
 20
-28.12500001284497
 30
0.0
 11
-92.18625423758023
 21
-28.0675000128449
 31
0.0
  0
LINE
  5
17F
330
70
100
AcDbEntity
  8
W-S-A v1_4_ANYTOOL_CUTTHROUGH_OUTSI
100
AcDbLine
 10
-89.68625423757664
 20
-28.30500001283634
 30
0.0
 11
-89.19125423757666
 21
-28.30500001283634
 31
0.0
  0
LINE
  5
180
330
70
100
AcDbEntity
  8
W-S-A v1_4_ANYTOOL_CUTTHROUGH_OUTSI
100
AcDbLine
 10
-93.2022298640458
 20
-28.30500001284958
 30
0.0
 11
-92.81625423758029
 21
-28.30500001284942
 31
0.0
  0
ARC
  5
181
330
70
100
AcDbEntity
  8
W-S-A v1_4_ANYTOOL_CUTTHROUGH_OUTSI
100
AcDbCircle
 10
89.06875423757652
 20
-28.06750001284182
 30
0.0
 40
0.002499999999965
210
0.0
220
0.0
230
-1.0
100
AcDbArc
 50
89.99999999934862
 51
180.0000000006513
  0
LINE
  5
182
330
70
100
AcDbEntity
  8
W-S-A v1_4_ANYTOOL_CUTTHROUGH_OUTSI
100
AcDbLine
 10
-91.80723015692739
 20
-27.74938824403277
 30
0.0
 11
-91.7842242375797
 21
-27.74500001284915
 31
0.0
  0
LINE
  5
183
330
70
100
AcDbEntity
  8
W-S-A v1_4_ANYTOOL_CUTTHROUGH_OUTSI
100
AcDbLine
 10
-90.4387542375772
 20
-28.06500001284807
 30
0.0
 11
-90.31875423757723
 21
-28.06500001284895
 31
0.0
  0
ARC
  5
184
330
70
100
AcDbEntity
  8
W-S-A v1_4_ANYTOOL_CUTTHROUGH_OUTSI
100
AcDbCircle
 10
96.31875423757772
 20
-28.06750001284909
 30
0.0
 40
0.0025000000004617
210
0.0
220
0.0
230
-1.0
100
AcDbArc
 50
90.00000000944499
 51
179.9999999887637
  0
LINE
  5
185
330
70
100
AcDbEntity
  8
W-S-A v1_4_ANYTOOL_CUTTHROUGH_OUTSI
100
AcDbLine
 10
-98.81625423758032
 20
-28.30500001284918
 30
0.0
 11
-98.81625423758032
 21
-28.06750001284491
 31
0.0
  0
LINE
  5
186
330
70
100
AcDbEntity
  8
W-S-A v1_4_ANYTOOL_CUTTHROUGH_OUTSI
100
AcDbLine
 10
-99.91747841140444
 20
-27.76330583902524
 30
0.0
 11
-99.89629015692788
 21
-27.74938824403297
 31
0.0
  0
LINE
  5
187
330
70
100
AcDbEntity
  8
W-S-A v1_4_ANYTOOL_CUTTHROUGH_OUTSI
100
AcDbLine
 10
-95.06625423757657
 20
-28.06750001284165
 30
0.0
 11
-95.06625423757661
 21
-28.12500001284154
 31
0.0
  0
LINE
  5
188
330
70
100
AcDbEntity
  8
W-S-A v1_4_ANYTOOL_CUTTHROUGH_OUTSI
100
AcDbLine
 10
-88.56125423757692
 20
-28.12500001284329
 30
0.0
 11
-88.56125423757722
 21
-28.06750001284924
 31
0.0
  0
LINE
  5
189
330
70
100
AcDbEntity
  8
W-S-A v1_4_ANYTOOL_CUTTHROUGH_OUTSI
100
AcDbLine
 10
-91.84233600639631
 20
-27.78449409350168
 30
0.0
 11
-91.82841841140399
 21
-27.76330583902506
 31
0.0
  0
ARC
  5
18A
330
70
100
AcDbEntity
  8
W-S-A v1_4_ANYTOOL_CUTTHROUGH_OUTSI
100
AcDbCircle
 10
89.80875423757657
 20
-28.06750001284206
 30
0.0
 40
0.002500000000208
210
0.0
220
0.0
230
-1.0
100
AcDbArc
 50
0.0000000049667542
 51
89.99999999576605
  0
LINE
  5
18B
330
70
100
AcDbEntity
  8
W-S-A v1_4_ANYTOOL_CUTTHROUGH_OUTSI
100
AcDbLine
 10
-91.82841841140399
 20
-27.76330583902506
 30
0.0
 11
-91.80723015692739
 21
-27.74938824403277
 31
0.0
  0
LINE
  5
18C
330
70
100
AcDbEntity
  8
W-S-A v1_4_ANYTOOL_CUTTHROUGH_OUTSI
100
AcDbLine
 10
-98.06125423758027
 20
-28.06750001284476
 30
0.0
 11
-98.06125423758027
 21
-28.30500001284681
 31
0.0
  0
LINE
  5
18D
330
70
100
AcDbEntity
  8
W-S-A v1_4_ANYTOOL_CUTTHROUGH_OUTSI
100
AcDbLine
 10
-88.43625423757728
 20
-28.06750001284894
 30
0.0
 11
-88.43625423757728
 21
-28.30500001284862
 31
0.0
  0
LINE
  5
18E
330
70
100
AcDbEntity
  8
W-S-A v1_4_ANYTOOL_CUTTHROUGH_OUTSI
100
AcDbLine
 10
-94.43625423757723
 20
-28.0675000128486
 30
0.0
 11
-94.43625423757735
 21
-28.30500001284809
 31
0.0
  0
ARC
  5
18F
330
70
100
AcDbEntity
  8
W-S-A v1_4_ANYTOOL_CUTTHROUGH_OUTSI
100
AcDbCircle
 10
88.43875423757729
 20
-28.06750001284897
 30
0.0
 40
0.0025000000000158
210
0.0
220
0.0
230
-1.0
100
AcDbArc
 50
90.00000000227982
 51
179.9999999995114
  0
LINE
  5
190
330
70
100
AcDbEntity
  8
W-S-A v1_4_ANYTOOL_CUTTHROUGH_OUTSI
100
AcDbLine
 10
-91.11316986404535
 20
-28.30500001284951
 30
0.0
 11
-90.44125423757732
 21
-28.30500001284803
 31
0.0
  0
LINE
  5
191
330
70
100
AcDbEntity
  8
W-S-A v1_4_ANYTOOL_CUTTHROUGH_OUTSI
100
AcDbLine
 10
-96.43875423757728
 20
-28.06500001284775
 30
0.0
 11
-96.3187542375773
 21
-28.06500001284863
 31
0.0
  0
LINE
  5
192
330
70
100
AcDbEntity
  8
W-S-A v1_4_ANYTOOL_CUTTHROUGH_OUTSI
100
AcDbLine
 10
-95.68625423757785
 20
-22.32000001353824
 30
0.0
 11
-95.68625423757799
 21
-22.55750001285276
 31
0.0
  0
LINE
  5
193
330
70
100
AcDbEntity
  8
W-S-A v1_4_ANYTOOL_CUTTHROUGH_OUTSI
100
AcDbLine
 10
-98.18625423758028
 20
-22.50000001285419
 30
0.0
 11
-98.69125423758028
 21
-22.50000001285419
 31
0.0
  0
ARC
  5
194
330
70
100
AcDbEntity
  8
W-S-A v1_4_ANYTOOL_CUTTHROUGH_OUTSI
100
AcDbCircle
 10
95.80875423757833
 20
-22.55750001285229
 30
0.0
 40
0.0024999999996229
210
0.0
220
0.0
230
-1.0
100
AcDbArc
 50
269.9999999928348
 51
0.0000000096892418
  0
LINE
  5
195
330
70
100
AcDbEntity
  8
W-S-A v1_4_ANYTOOL_CUTTHROUGH_OUTSI
100
AcDbLine
 10
-103.5612542375577
 20
-22.55750001284535
 30
0.0
 11
-103.5612542375577
 21
-22.50000001284546
 31
0.0
  0
ARC
  5
196
330
70
100
AcDbEntity
  8
W-S-A v1_4_ANYTOOL_CUTTHROUGH_OUTSI
100
AcDbCircle
 10
93.87337894120804
 20
-22.81772625419727
 30
0.0
 40
0.0622738306680553
210
0.0
220
0.0
230
-1.0
100
AcDbArc
 50
269.912866765776
 51
0.9680592054671555
  0
LINE
  5
197
330
70
100
AcDbEntity
  8
W-S-A v1_4_ANYTOOL_CUTTHROUGH_OUTSI
100
AcDbLine
 10
-101.1912542375777
 20
-22.55750001285262
 30
0.0
 11
-101.1912542375779
 21
-22.32000001320036
 31
0.0
  0
ARC
  5
198
330
70
100
AcDbEntity
  8
W-S-A v1_4_ANYTOOL_CUTTHROUGH_OUTSI
100
AcDbCircle
 10
98.18375423758027
 20
-22.55750001285429
 30
0.0
 40
0.0025000000000404
210
0.0
220
0.0
230
-1.0
100
AcDbArc
 50
270.0000000029312
 51
0.0000000022798216
  0
LINE
  5
199
330
70
100
AcDbEntity
  8
W-S-A v1_4_ANYTOOL_CUTTHROUGH_OUTSI
100
AcDbLine
 10
-99.03078423758053
 20
-22.81750001285408
 30
0.0
 11
-99.03517246876413
 21
-22.84050593220179
 31
0.0
  0
ARC
  5
19A
330
70
100
AcDbEntity
  8
W-S-A v1_4_ANYTOOL_CUTTHROUGH_OUTSI
100
AcDbCircle
 10
101.0687542375778
 20
-22.55750001285163
 30
0.0
 40
0.0025000000001242
210
0.0
220
0.0
230
-1.0
100
AcDbArc
 50
179.9999999987786
 51
269.9999999967431
  0
LINE
  5
19B
330
70
100
AcDbEntity
  8
W-S-A v1_4_ANYTOOL_CUTTHROUGH_OUTSI
100
AcDbLine
 10
-104.0387542375583
 20
-22.56000001284642
 30
0.0
 11
-104.1587542375583
 21
-22.56000001284568
 31
0.0
  0
ARC
  5
19C
330
70
100
AcDbEntity
  8
W-S-A v1_4_ANYTOOL_CUTTHROUGH_OUTSI
100
AcDbCircle
 10
98.06375423758041
 20
-22.55750001285418
 30
0.0
 40
0.0025000000001484
210
0.0
220
0.0
230
-1.0
100
AcDbArc
 50
180.0000000001628
 51
269.9999999970688
  0
ARC
  5
19D
330
70
100
AcDbEntity
  8
W-S-A v1_4_ANYTOOL_CUTTHROUGH_OUTSI
100
AcDbCircle
 10
104.1587542375577
 20
-22.55750001284508
 30
0.0
 40
0.002500000000601
210
0.0
220
0.0
230
-1.0
100
AcDbArc
 50
270.0000000140046
 51
359.9999999902294
  0
LINE
  5
19E
330
70
100
AcDbEntity
  8
W-S-A v1_4_ANYTOOL_CUTTHROUGH_OUTSI
100
AcDbLine
 10
-103.668754237558
 20
-22.56000001284553
 30
0.0
 11
-103.788754237558
 21
-22.56000001284642
 31
0.0
  0
ARC
  5
19F
330
70
100
AcDbEntity
  8
W-S-A v1_4_ANYTOOL_CUTTHROUGH_OUTSI
100
AcDbCircle
 10
102.4387542375782
 20
-22.5575000128527
 30
0.0
 40
0.0024999999997938
210
0.0
220
0.0
230
-1.0
100
AcDbArc
 50
269.9999999944633
 51
0.0000000053738652
  0
LINE
  5
1A0
330
70
100
AcDbEntity
  8
W-S-A v1_4_ANYTOOL_CUTTHROUGH_OUTSI
100
AcDbLine
 10
-97.67527861111473
 20
-22.32000001285378
 30
0.0
 11
-98.06125423758023
 21
-22.32000001285407
 31
0.0
  0
ARC
  5
1A1
330
70
100
AcDbEntity
  8
W-S-A v1_4_ANYTOOL_CUTTHROUGH_OUTSI
100
AcDbCircle
 10
99.87337894120804
 20
-22.81772625419689
 30
0.0
 40
0.0622738306682114
210
0.0
220
0.0
230
-1.0
100
AcDbArc
 50
269.9128667658939
 51
0.9680592051965081
  0
LINE
  5
1A2
330
70
100
AcDbEntity
  8
W-S-A v1_4_ANYTOOL_CUTTHROUGH_OUTSI
100
AcDbLine
 10
-103.666254237558
 20
-22.50000001284546
 30
0.0
 11
-103.666254237558
 21
-22.55750001284535
 31
0.0
  0
LINE
  5
1A3
330
70
100
AcDbEntity
  8
W-S-A v1_4_ANYTOOL_CUTTHROUGH_OUTSI
100
AcDbLine
 10
-99.04909006375644
 20
-22.86169418667842
 30
0.0
 11
-99.07027831823306
 21
-22.87561178167069
 31
0.0
  0
ARC
  5
1A4
330
70
100
AcDbEntity
  8
W-S-A v1_4_ANYTOOL_CUTTHROUGH_OUTSI
100
AcDbCircle
 10
96.43875423757801
 20
-22.55750001285278
 30
0.0
 40
0.0025000000000134
210
0.0
220
0.0
230
-1.0
100
AcDbArc
 50
269.9999999983715
 51
0.0000000006513776
  0
LINE
  5
1A5
330
70
100
AcDbEntity
  8
W-S-A v1_4_ANYTOOL_CUTTHROUGH_OUTSI
100
AcDbLine
 10
-101.688754237578
 20
-22.5600000128525
 30
0.0
 11
-101.808754237578
 21
-22.56000001285161
 31
0.0
  0
LINE
  5
1A6
330
70
100
AcDbEntity
  8
W-S-A v1_4_ANYTOOL_CUTTHROUGH_OUTSI
100
AcDbLine
 10
-103.791254237558
 20
-22.55750001284624
 30
0.0
 11
-103.7912542375582
 21
-22.320000012846
 31
0.0
  0
LINE
  5
1A7
330
70
100
AcDbEntity
  8
W-S-A v1_4_ANYTOOL_CUTTHROUGH_OUTSI
100
AcDbLine
 10
-99.2022298640459
 20
-22.32000001285422
 30
0.0
 11
-99.19987992395647
 21
-22.33394871485733
 31
0.0
  0
LINE
  5
1A8
330
70
100
AcDbEntity
  8
W-S-A v1_4_ANYTOOL_CUTTHROUGH_OUTSI
100
AcDbLine
 10
-103.5612542375577
 20
-22.50000001284546
 30
0.0
 11
-103.666254237558
 21
-22.50000001284546
 31
0.0
  0
LINE
  5
1A9
330
70
100
AcDbEntity
  8
W-S-A v1_4_ANYTOOL_CUTTHROUGH_OUTSI
100
AcDbLine
 10
-97.84658388347102
 20
-22.81667413679188
 30
0.0
 11
-97.67759275353038
 21
-22.33383806507555
 31
0.0
  0
ARC
  5
1AA
330
70
100
AcDbEntity
  8
W-S-A v1_4_ANYTOOL_CUTTHROUGH_OUTSI
100
AcDbCircle
 10
100.5587542375782
 20
-22.55750001285208
 30
0.0
 40
0.0024999999998229
210
0.0
220
0.0
230
-1.0
100
AcDbArc
 50
269.9999999960917
 51
0.0000000047224876
  0
ARC
  5
1AB
330
70
100
AcDbEntity
  8
W-S-A v1_4_ANYTOOL_CUTTHROUGH_OUTSI
100
AcDbCircle
 10
100.4387542375775
 20
-22.55750001285262
 30
0.0
 40
0.0024999999995771
210
0.0
220
0.0
230
-1.0
100
AcDbArc
 50
179.9999999896594
 51
270.000000010422
  0
LINE
  5
1AC
330
70
100
AcDbEntity
  8
W-S-A v1_4_ANYTOOL_CUTTHROUGH_OUTSI
100
AcDbLine
 10
-99.93564388347138
 20
-22.81667413679245
 30
0.0
 11
-99.76665275353271
 21
-22.33383806508284
 31
0.0
  0
LINE
  5
1AD
330
70
100
AcDbEntity
  8
W-S-A v1_4_ANYTOOL_CUTTHROUGH_OUTSI
100
AcDbLine
 10
-98.06125423758023
 20
-22.32000001285407
 30
0.0
 11
-98.06125423758025
 21
-22.55750001285419
 31
0.0
  0
ARC
  5
1AE
330
70
100
AcDbEntity
  8
W-S-A v1_4_ANYTOOL_CUTTHROUGH_OUTSI
100
AcDbCircle
 10
92.06375423758018
 20
-22.55750001285416
 30
0.0
 40
0.002499999999964
210
0.0
220
0.0
230
-1.0
100
AcDbArc
 50
180.0000000020356
 51
270.0000000003257
  0
LINE
  5
1AF
330
70
100
AcDbEntity
  8
W-S-A v1_4_ANYTOOL_CUTTHROUGH_OUTSI
100
AcDbLine
 10
-97.11316986404538
 20
-22.32000001285358
 30
0.0
 11
-97.11081992395607
 21
-22.33394871485696
 31
0.0
  0
LINE
  5
1B0
330
70
100
AcDbEntity
  8
W-S-A v1_4_ANYTOOL_CUTTHROUGH_OUTSI
100
AcDbLine
 10
-98.81625423758029
 20
-22.32000001285407
 30
0.0
 11
-99.2022298640459
 21
-22.32000001285422
 31
0.0
  0
ARC
  5
1B1
330
70
100
AcDbEntity
  8
W-S-A v1_4_ANYTOOL_CUTTHROUGH_OUTSI
100
AcDbCircle
 10
95.68875423757836
 20
-22.55750001285242
 30
0.0
 40
0.00250000000038
210
0.0
220
0.0
230
-1.0
100
AcDbArc
 50
180.0000000077351
 51
269.9999999921835
  0
LINE
  5
1B2
330
70
100
AcDbEntity
  8
W-S-A v1_4_ANYTOOL_CUTTHROUGH_OUTSI
100
AcDbLine
 10
-96.44125423757802
 20
-22.55750001285276
 30
0.0
 11
-96.44125423757802
 21
-22.32000001285284
 31
0.0
  0
LINE
  5
1B3
330
70
100
AcDbEntity
  8
W-S-A v1_4_ANYTOOL_CUTTHROUGH_OUTSI
100
AcDbLine
 10
-101.0687542375777
 20
-22.56000001285176
 30
0.0
 11
-101.1887542375777
 21
-22.5600000128525
 31
0.0
  0
ARC
  5
1B4
330
70
100
AcDbEntity
  8
W-S-A v1_4_ANYTOOL_CUTTHROUGH_OUTSI
100
AcDbCircle
 10
103.7887542375577
 20
-22.55750001284616
 30
0.0
 40
0.0025000000002617
210
0.0
220
0.0
230
-1.0
100
AcDbArc
 50
270.0000000071652
 51
359.9999999980459
  0
LINE
  5
1B5
330
70
100
AcDbEntity
  8
W-S-A v1_4_ANYTOOL_CUTTHROUGH_OUTSI
100
AcDbLine
 10
-92.81625423758024
 20
-22.32000001285433
 30
0.0
 11
-93.2022298640458
 21
-22.32000001285448
 31
0.0
  0
LINE
  5
1B6
330
70
100
AcDbEntity
  8
W-S-A v1_4_ANYTOOL_CUTTHROUGH_OUTSI
100
AcDbLine
 10
-97.11081992395607
 20
-22.33394871485696
 30
0.0
 11
-96.94172423758006
 21
-22.81750001285367
 31
0.0
  0
LINE
  5
1B7
330
70
100
AcDbEntity
  8
W-S-A v1_4_ANYTOOL_CUTTHROUGH_OUTSI
100
AcDbLine
 10
-100.438754237578
 20
-22.56000001285221
 30
0.0
 11
-100.558754237578
 21
-22.5600000128519
 31
0.0
  0
ARC
  5
1B8
330
70
100
AcDbEntity
  8
W-S-A v1_4_ANYTOOL_CUTTHROUGH_OUTSI
100
AcDbCircle
 10
101.1887542375779
 20
-22.55750001285274
 30
0.0
 40
0.0024999999997643
210
0.0
220
0.0
230
-1.0
100
AcDbArc
 50
269.999999995766
 51
0.0000000026869326
  0
LINE
  5
1B9
330
70
100
AcDbEntity
  8
W-S-A v1_4_ANYTOOL_CUTTHROUGH_OUTSI
100
AcDbLine
 10
-96.44125423757802
 20
-22.32000001285284
 30
0.0
 11
-97.11316986404538
 21
-22.32000001285358
 31
0.0
  0
LINE
  5
1BA
330
70
100
AcDbEntity
  8
W-S-A v1_4_ANYTOOL_CUTTHROUGH_OUTSI
100
AcDbLine
 10
-96.94172423758006
 20
-22.81750001285367
 30
0.0
 11
-96.94611246876368
 21
-22.84050593220131
 31
0.0
  0
LINE
  5
1BB
330
70
100
AcDbEntity
  8
W-S-A v1_4_ANYTOOL_CUTTHROUGH_OUTSI
100
AcDbLine
 10
-92.69125423758021
 20
-22.50000001285429
 30
0.0
 11
-92.6912542375803
 21
-22.55750001285425
 31
0.0
  0
LINE
  5
1BC
330
70
100
AcDbEntity
  8
W-S-A v1_4_ANYTOOL_CUTTHROUGH_OUTSI
100
AcDbLine
 10
-102.441254237578
 20
-22.55750001285247
 30
0.0
 11
-102.4412542375781
 21
-22.32000001285252
 31
0.0
  0
LINE
  5
1BD
330
70
100
AcDbEntity
  8
W-S-A v1_4_ANYTOOL_CUTTHROUGH_OUTSI
100
AcDbLine
 10
-98.1862542375803
 20
-22.55750001285419
 30
0.0
 11
-98.18625423758028
 21
-22.50000001285419
 31
0.0
  0
LINE
  5
1BE
330
70
100
AcDbEntity
  8
W-S-A v1_4_ANYTOOL_CUTTHROUGH_OUTSI
100
AcDbLine
 10
-97.00422423758032
 20
-22.88000001285366
 30
0.0
 11
-97.78422423757987
 21
-22.88000001285366
 31
0.0
  0
LINE
  5
1BF
330
70
100
AcDbEntity
  8
W-S-A v1_4_ANYTOOL_CUTTHROUGH_OUTSI
100
AcDbLine
 10
-100.561254237578
 20
-22.50000001285421
 30
0.0
 11
-101.0662542375778
 21
-22.50000001285169
 31
0.0
  0
ARC
  5
1C0
330
70
100
AcDbEntity
  8
W-S-A v1_4_ANYTOOL_CUTTHROUGH_OUTSI
100
AcDbCircle
 10
97.78431894120846
 20
-22.8177262541971
 30
0.0
 40
0.062273830667408
210
0.0
220
0.0
230
-1.0
100
AcDbArc
 50
269.9128667651213
 51
0.9680592059283354
  0
LINE
  5
1C1
330
70
100
AcDbEntity
  8
W-S-A v1_4_ANYTOOL_CUTTHROUGH_OUTSI
100
AcDbLine
 10
-101.811254237578
 20
-22.55750001285158
 30
0.0
 11
-101.8112542375779
 21
-22.50000001285169
 31
0.0
  0
LINE
  5
1C2
330
70
100
AcDbEntity
  8
W-S-A v1_4_ANYTOOL_CUTTHROUGH_OUTSI
100
AcDbLine
 10
-103.7912542375582
 20
-22.320000012846
 30
0.0
 11
-104.0362542375582
 21
-22.32000001284614
 31
0.0
  0
LINE
  5
1C3
330
70
100
AcDbEntity
  8
W-S-A v1_4_ANYTOOL_CUTTHROUGH_OUTSI
100
AcDbLine
 10
-99.07027831823306
 20
-22.87561178167069
 30
0.0
 11
-99.09328423758072
 21
-22.88000001285425
 31
0.0
  0
LINE
  5
1C4
330
70
100
AcDbEntity
  8
W-S-A v1_4_ANYTOOL_CUTTHROUGH_OUTSI
100
AcDbLine
 10
-101.0662542375778
 20
-22.50000001285169
 30
0.0
 11
-101.0662542375777
 21
-22.55750001285158
 31
0.0
  0
ARC
  5
1C5
330
70
100
AcDbEntity
  8
W-S-A v1_4_ANYTOOL_CUTTHROUGH_OUTSI
100
AcDbCircle
 10
102.3187542375781
 20
-22.55750001285163
 30
0.0
 40
0.0025000000001285
210
0.0
220
0.0
230
-1.0
100
AcDbArc
 50
179.9999999989415
 51
269.9999999970688
  0
LINE
  5
1C6
330
70
100
AcDbEntity
  8
W-S-A v1_4_ANYTOOL_CUTTHROUGH_OUTSI
100
AcDbLine
 10
-99.76665275353271
 20
-22.33383806508284
 30
0.0
 11
-99.76433861111509
 21
-22.32000001285415
 31
0.0
  0
ARC
  5
1C7
330
70
100
AcDbEntity
  8
W-S-A v1_4_ANYTOOL_CUTTHROUGH_OUTSI
100
AcDbCircle
 10
98.81375423758026
 20
-22.55750001285426
 30
0.0
 40
0.0025000000000716
210
0.0
220
0.0
230
-1.0
100
AcDbArc
 50
270.0000000035826
 51
0.000000001628444
  0
LINE
  5
1C8
330
70
100
AcDbEntity
  8
W-S-A v1_4_ANYTOOL_CUTTHROUGH_OUTSI
100
AcDbLine
 10
-103.4362542375566
 20
-28.06750001284603
 30
0.0
 11
-103.4362542375565
 21
-28.30500001284594
 31
0.0
  0
LINE
  5
1C9
330
70
100
AcDbEntity
  8
W-S-A v1_4_ANYTOOL_CUTTHROUGH_OUTSI
100
AcDbLine
 10
-104.1612542375577
 20
-28.12500001284793
 30
0.0
 11
-104.1612542375577
 21
-28.0675000128478
 31
0.0
  0
LINE
  5
1CA
330
70
100
AcDbEntity
  8
W-S-A v1_4_ANYTOOL_CUTTHROUGH_OUTSI
100
AcDbLine
 10
-95.19125423757783
 20
-22.32000001320058
 30
0.0
 11
-95.68625423757785
 21
-22.32000001353824
 31
0.0
  0
LINE
  5
1CB
330
70
100
AcDbEntity
  8
W-S-A v1_4_ANYTOOL_CUTTHROUGH_OUTSI
100
AcDbLine
 10
-104.422305535554
 20
-25.0290956992299
 30
0.0
 11
-103.9387542375572
 21
-24.86000001285383
 31
0.0
  0
LINE
  5
1CC
330
70
100
AcDbEntity
  8
W-S-A v1_4_ANYTOOL_CUTTHROUGH_OUTSI
100
AcDbLine
 10
-102.318754237578
 20
-22.56000001285176
 30
0.0
 11
-102.438754237578
 21
-22.5600000128525
 31
0.0
  0
ARC
  5
1CD
330
70
100
AcDbEntity
  8
W-S-A v1_4_ANYTOOL_CUTTHROUGH_OUTSI
100
AcDbCircle
 10
-104.3787542375574
 20
-22.61904438536598
 30
0.0
 40
0.0575000000002049
100
AcDbArc
 50
180.0
 51
250.528779365269
  0
LINE
  5
1CE
330
70
100
AcDbEntity
  8
W-S-A v1_4_ANYTOOL_CUTTHROUGH_OUTSI
100
AcDbLine
 10
-104.4362542375568
 20
-26.98044563931244
 30
0.0
 11
-104.4223055355538
 21
-26.97809569922267
 31
0.0
  0
LINE
  5
1CF
330
70
100
AcDbEntity
  8
W-S-A v1_4_ANYTOOL_CUTTHROUGH_OUTSI
100
AcDbLine
 10
-101.8112542375779
 20
-22.50000001285169
 30
0.0
 11
-102.316254237578
 21
-22.50000001285391
 31
0.0
  0
LINE
  5
1D0
330
70
100
AcDbEntity
  8
W-S-A v1_4_ANYTOOL_CUTTHROUGH_OUTSI
100
AcDbLine
 10
-93.93564388347126
 20
-22.81667413679254
 30
0.0
 11
-93.76665275352698
 21
-22.33383806506373
 31
0.0
  0
LINE
  5
1D1
330
70
100
AcDbEntity
  8
W-S-A v1_4_ANYTOOL_CUTTHROUGH_OUTSI
100
AcDbLine
 10
-103.8806424687408
 20
-22.95049409350329
 30
0.0
 11
-103.8762542375573
 21
-22.97350001285102
 31
0.0
  0
LINE
  5
1D2
330
70
100
AcDbEntity
  8
W-S-A v1_4_ANYTOOL_CUTTHROUGH_OUTSI
100
AcDbLine
 10
-102.4412542375773
 20
-28.30500001284743
 30
0.0
 11
-102.4412542375773
 21
-28.06750001284736
 31
0.0
  0
LINE
  5
1D3
330
70
100
AcDbEntity
  8
W-S-A v1_4_ANYTOOL_CUTTHROUGH_OUTSI
100
AcDbLine
 10
-103.4362542375576
 20
-22.320000012846
 30
0.0
 11
-103.4362542375577
 21
-22.55750001284639
 31
0.0
  0
ARC
  5
1D4
330
70
100
AcDbEntity
  8
W-S-A v1_4_ANYTOOL_CUTTHROUGH_OUTSI
100
AcDbCircle
 10
103.5587542375573
 20
-22.55750001284514
 30
0.0
 40
0.002500000000396
210
0.0
220
0.0
230
-1.0
100
AcDbArc
 50
270.0000000100963
 51
359.9999999949519
  0
LINE
  5
1D5
330
70
100
AcDbEntity
  8
W-S-A v1_4_ANYTOOL_CUTTHROUGH_OUTSI
100
AcDbLine
 10
-101.1912542375779
 20
-22.32000001320036
 30
0.0
 11
-101.6862542375778
 21
-22.32000001353797
 31
0.0
  0
LINE
  5
1D6
330
70
100
AcDbEntity
  8
W-S-A v1_4_ANYTOOL_CUTTHROUGH_OUTSI
100
AcDbLine
 10
-103.7912542375576
 20
-28.30500001284728
 30
0.0
 11
-103.7912542375574
 21
-28.06750001284706
 31
0.0
  0
LINE
  5
1D7
330
70
100
AcDbEntity
  8
W-S-A v1_4_ANYTOOL_CUTTHROUGH_OUTSI
100
AcDbLine
 10
-104.1587542375577
 20
-28.06500001284805
 30
0.0
 11
-104.0387542375577
 21
-28.06500001284701
 31
0.0
  0
ARC
  5
1D8
330
70
100
AcDbEntity
  8
W-S-A v1_4_ANYTOOL_CUTTHROUGH_OUTSI
100
AcDbCircle
 10
101.6887542375776
 20
-22.5575000128529
 30
0.0
 40
0.0024999999995941
210
0.0
220
0.0
230
-1.0
100
AcDbArc
 50
179.9999999900665
 51
270.0000000097706
  0
LINE
  5
1D9
330
70
100
AcDbEntity
  8
W-S-A v1_4_ANYTOOL_CUTTHROUGH_OUTSI
100
AcDbLine
 10
-93.2022298640458
 20
-22.32000001285448
 30
0.0
 11
-93.19987992395644
 21
-22.33394871485745
 31
0.0
  0
ARC
  5
1DA
330
70
100
AcDbEntity
  8
W-S-A v1_4_ANYTOOL_CUTTHROUGH_OUTSI
100
AcDbCircle
 10
104.4387542375574
 20
-27.83625001284676
 30
0.0
 40
0.1225000000002572
210
0.0
220
0.0
230
-1.0
100
AcDbArc
 50
109.4712206347115
 51
250.5287793652675
  0
LINE
  5
1DB
330
70
100
AcDbEntity
  8
W-S-A v1_4_ANYTOOL_CUTTHROUGH_OUTSI
100
AcDbLine
 10
-103.6662542375574
 20
-28.06750001284765
 30
0.0
 11
-103.6662542375574
 21
-28.12500001284793
 31
0.0
  0
LINE
  5
1DC
330
70
100
AcDbEntity
  8
W-S-A v1_4_ANYTOOL_CUTTHROUGH_OUTSI
100
AcDbLine
 10
-104.0362542375582
 20
-22.32000001284614
 30
0.0
 11
-104.0362542375584
 21
-22.55750001284654
 31
0.0
  0
ARC
  5
1DD
330
70
100
AcDbEntity
  8
W-S-A v1_4_ANYTOOL_CUTTHROUGH_OUTSI
100
AcDbCircle
 10
104.0387542375574
 20
-28.06750001284678
 30
0.0
 40
0.0024999999997704
210
0.0
220
0.0
230
-1.0
100
AcDbArc
 50
89.99999999348622
 51
180.0000000064323
  0
LINE
  5
1DE
330
70
100
AcDbEntity
  8
W-S-A v1_4_ANYTOOL_CUTTHROUGH_OUTSI
100
AcDbLine
 10
-104.1612542375583
 20
-22.50000001284546
 30
0.0
 11
-104.4362542375576
 21
-22.50000001284902
 31
0.0
  0
ARC
  5
1DF
330
70
100
AcDbEntity
  8
W-S-A v1_4_ANYTOOL_CUTTHROUGH_OUTSI
100
AcDbCircle
 10
104.1587542375578
 20
-28.0675000128479
 30
0.0
 40
0.0024999999998457
210
0.0
220
0.0
230
-1.0
100
AcDbArc
 50
0.0000000021169772
 51
90.0000000029312
  0
LINE
  5
1E0
330
70
100
AcDbEntity
  8
W-S-A v1_4_ANYTOOL_CUTTHROUGH_OUTSI
100
AcDbLine
 10
-94.438754237578
 20
-22.56000001285265
 30
0.0
 11
-94.55875423757797
 21
-22.56000001285221
 31
0.0
  0
LINE
  5
1E1
330
70
100
AcDbEntity
  8
W-S-A v1_4_ANYTOOL_CUTTHROUGH_OUTSI
100
AcDbLine
 10
-100.561254237578
 20
-22.55750001285187
 30
0.0
 11
-100.561254237578
 21
-22.50000001285421
 31
0.0
  0
ARC
  5
1E2
330
70
100
AcDbEntity
  8
W-S-A v1_4_ANYTOOL_CUTTHROUGH_OUTSI
100
AcDbCircle
 10
103.6687542375572
 20
-28.06750001284768
 30
0.0
 40
0.0024999999997824
210
0.0
220
0.0
230
-1.0
100
AcDbArc
 50
89.99999999641742
 51
179.99999999943
  0
LINE
  5
1E3
330
70
100
AcDbEntity
  8
W-S-A v1_4_ANYTOOL_CUTTHROUGH_OUTSI
100
AcDbLine
 10
-98.69375423758038
 20
-22.56000001285433
 30
0.0
 11
-98.8137542375804
 21
-22.56000001285433
 31
0.0
  0
LINE
  5
1E4
330
70
100
AcDbEntity
  8
W-S-A v1_4_ANYTOOL_CUTTHROUGH_OUTSI
100
AcDbLine
 10
-104.422416185348
 20
-23.64686852879745
 30
0.0
 11
-104.4362542375573
 21
-23.64455438638527
 31
0.0
  0
LINE
  5
1E5
330
70
100
AcDbEntity
  8
W-S-A v1_4_ANYTOOL_CUTTHROUGH_OUTSI
100
AcDbLine
 10
-103.9387542375572
 20
-24.86000001285383
 30
0.0
 11
-103.9157483182095
 21
-24.86438824403738
 31
0.0
  0
LINE
  5
1E6
330
70
100
AcDbEntity
  8
W-S-A v1_4_ANYTOOL_CUTTHROUGH_OUTSI
100
AcDbLine
 10
-98.0637542375803
 20
-22.56000001285433
 30
0.0
 11
-98.18375423758039
 21
-22.56000001285433
 31
0.0
  0
LINE
  5
1E7
330
70
100
AcDbEntity
  8
W-S-A v1_4_ANYTOOL_CUTTHROUGH_OUTSI
100
AcDbLine
 10
-104.4224161853475
 20
-27.54486852879321
 30
0.0
 11
-104.4362542375569
 21
-27.54255438638147
 31
0.0
  0
LINE
  5
1E8
330
70
100
AcDbEntity
  8
W-S-A v1_4_ANYTOOL_CUTTHROUGH_OUTSI
100
AcDbLine
 10
-104.4362542375575
 20
-22.95845564033576
 30
0.0
 11
-104.4362542375573
 21
-23.08244563931625
 31
0.0
  0
LINE
  5
1E9
330
70
100
AcDbEntity
  8
W-S-A v1_4_ANYTOOL_CUTTHROUGH_OUTSI
100
AcDbLine
 10
-103.561254237557
 20
-28.12500001284793
 30
0.0
 11
-103.5612542375566
 21
-28.06750001284558
 31
0.0
  0
LINE
  5
1EA
330
70
100
AcDbEntity
  8
W-S-A v1_4_ANYTOOL_CUTTHROUGH_OUTSI
100
AcDbLine
 10
-103.939580113619
 20
-25.76485965874481
 30
0.0
 11
-104.4224161853478
 21
-25.59586852880058
 31
0.0
  0
ARC
  5
1EB
330
70
100
AcDbEntity
  8
W-S-A v1_4_ANYTOOL_CUTTHROUGH_OUTSI
100
AcDbCircle
 10
102.4387542375774
 20
-28.06750001284739
 30
0.0
 40
0.0024999999999338
210
0.0
220
0.0
230
-1.0
100
AcDbArc
 50
0.0000000007327998
 51
90.00000000162843
  0
LINE
  5
1EC
330
70
100
AcDbEntity
  8
W-S-A v1_4_ANYTOOL_CUTTHROUGH_OUTSI
100
AcDbLine
 10
-93.07027831823301
 20
-22.87561178167074
 30
0.0
 11
-93.09328423758065
 21
-22.88000001285448
 31
0.0
  0
ARC
  5
1ED
330
70
100
AcDbEntity
  8
W-S-A v1_4_ANYTOOL_CUTTHROUGH_OUTSI
100
AcDbCircle
 10
104.0387542375583
 20
-22.55750001284656
 30
0.0
 40
0.0024999999998556
210
0.0
220
0.0
230
-1.0
100
AcDbArc
 50
179.99999999943
 51
270.0000000019541
  0
LINE
  5
1EE
330
70
100
AcDbEntity
  8
W-S-A v1_4_ANYTOOL_CUTTHROUGH_OUTSI
100
AcDbLine
 10
-104.4362542375573
 20
-23.64455438638527
 30
0.0
 11
-104.4362542375572
 21
-25.0314456393158
 31
0.0
  0
ARC
  5
1EF
330
70
100
AcDbEntity
  8
W-S-A v1_4_ANYTOOL_CUTTHROUGH_OUTSI
100
AcDbCircle
 10
103.4387542375565
 20
-28.06750001284623
 30
0.0
 40
0.0024999999999586
210
0.0
220
0.0
230
-1.0
100
AcDbArc
 50
89.99999999804586
 51
179.9999999953589
  0
LINE
  5
1F0
330
70
100
AcDbEntity
  8
W-S-A v1_4_ANYTOOL_CUTTHROUGH_OUTSI
100
AcDbLine
 10
-99.09328423758072
 20
-22.88000001285425
 30
0.0
 11
-99.87328423758029
 21
-22.88000001285425
 31
0.0
  0
LINE
  5
1F1
330
70
100
AcDbEntity
  8
W-S-A v1_4_ANYTOOL_CUTTHROUGH_OUTSI
100
AcDbLine
 10
-103.9395801136188
 20
-27.71385965873767
 30
0.0
 11
-104.4224161853475
 21
-27.54486852879321
 31
0.0
  0
LINE
  5
1F2
330
70
100
AcDbEntity
  8
W-S-A v1_4_ANYTOOL_CUTTHROUGH_OUTSI
100
AcDbLine
 10
-99.76433861111509
 20
-22.32000001285415
 30
0.0
 11
-100.436254237578
 21
-22.32000001285222
 31
0.0
  0
LINE
  5
1F3
330
70
100
AcDbEntity
  8
W-S-A v1_4_ANYTOOL_CUTTHROUGH_OUTSI
100
AcDbLine
 10
-103.8762542375573
 20
-22.97350001285102
 30
0.0
 11
-103.8762542375573
 21
-23.75350001285076
 31
0.0
  0
ARC
  5
1F4
330
70
100
AcDbEntity
  8
W-S-A v1_4_ANYTOOL_CUTTHROUGH_OUTSI
100
AcDbCircle
 10
101.8087542375781
 20
-22.5575000128517
 30
0.0
 40
0.0024999999999121
210
0.0
220
0.0
230
-1.0
100
AcDbArc
 50
269.9999999973945
 51
0.0000000026869326
  0
LINE
  5
1F5
330
70
100
AcDbEntity
  8
W-S-A v1_4_ANYTOOL_CUTTHROUGH_OUTSI
100
AcDbLine
 10
-104.0362542375576
 20
-28.30500001284728
 30
0.0
 11
-103.7912542375576
 21
-28.30500001284728
 31
0.0
  0
ARC
  5
1F6
330
70
100
AcDbEntity
  8
W-S-A v1_4_ANYTOOL_CUTTHROUGH_OUTSI
100
AcDbCircle
 10
-104.3787542375574
 20
-28.00595564033115
 30
0.0
 40
0.0574999999993901
100
AcDbArc
 50
109.4712206341455
 51
180.0000000004567
  0
ARC
  5
1F7
330
70
100
AcDbEntity
  8
W-S-A v1_4_ANYTOOL_CUTTHROUGH_OUTSI
100
AcDbCircle
 10
-104.3787542375575
 20
-22.95845564033577
 30
0.0
 40
0.0574999999999402
100
AcDbArc
 50
109.4712206344032
 51
179.9999999999894
  0
LINE
  5
1F8
330
70
100
AcDbEntity
  8
W-S-A v1_4_ANYTOOL_CUTTHROUGH_OUTSI
100
AcDbLine
 10
-98.81625423758032
 20
-22.55750001285419
 30
0.0
 11
-98.81625423758029
 21
-22.32000001285407
 31
0.0
  0
LINE
  5
1F9
330
70
100
AcDbEntity
  8
W-S-A v1_4_ANYTOOL_CUTTHROUGH_OUTSI
100
AcDbLine
 10
-104.4362542375568
 20
-28.1250000128469
 30
0.0
 11
-104.1612542375577
 21
-28.12500001284793
 31
0.0
  0
LINE
  5
1FA
330
70
100
AcDbEntity
  8
W-S-A v1_4_ANYTOOL_CUTTHROUGH_OUTSI
100
AcDbLine
 10
-103.5587542375566
 20
-28.06500001284538
 30
0.0
 11
-103.4387542375567
 21
-28.06500001284627
 31
0.0
  0
LINE
  5
1FB
330
70
100
AcDbEntity
  8
W-S-A v1_4_ANYTOOL_CUTTHROUGH_OUTSI
100
AcDbLine
 10
-100.436254237578
 20
-22.32000001285222
 30
0.0
 11
-100.436254237578
 21
-22.55750001285218
 31
0.0
  0
LINE
  5
1FC
330
70
100
AcDbEntity
  8
W-S-A v1_4_ANYTOOL_CUTTHROUGH_OUTSI
100
AcDbLine
 10
-104.4362542375567
 20
-28.00595564033161
 30
0.0
 11
-104.4362542375568
 21
-28.1250000128469
 31
0.0
  0
LINE
  5
1FD
330
70
100
AcDbEntity
  8
W-S-A v1_4_ANYTOOL_CUTTHROUGH_OUTSI
100
AcDbLine
 10
-102.4387542375773
 20
-28.06500001284746
 30
0.0
 11
-102.3187542375773
 21
-28.06500001284835
 31
0.0
  0
LINE
  5
1FE
330
70
100
AcDbEntity
  8
W-S-A v1_4_ANYTOOL_CUTTHROUGH_OUTSI
100
AcDbLine
 10
-103.4387542375577
 20
-22.56000001284627
 30
0.0
 11
-103.5587542375577
 21
-22.56000001284553
 31
0.0
  0
ARC
  5
1FF
330
70
100
AcDbEntity
  8
W-S-A v1_4_ANYTOOL_CUTTHROUGH_OUTSI
100
AcDbCircle
 10
103.6687542375583
 20
-22.55750001284525
 30
0.0
 40
0.0025000000002819
210
0.0
220
0.0
230
-1.0
100
AcDbArc
 50
180.0000000024426
 51
269.9999999921835
  0
LINE
  5
200
330
70
100
AcDbEntity
  8
W-S-A v1_4_ANYTOOL_CUTTHROUGH_OUTSI
100
AcDbLine
 10
-104.4362542375576
 20
-22.50000001284902
 30
0.0
 11
-104.4362542375576
 21
-22.61904438536598
 31
0.0
  0
LINE
  5
201
330
70
100
AcDbEntity
  8
W-S-A v1_4_ANYTOOL_CUTTHROUGH_OUTSI
100
AcDbLine
 10
-99.19987992395647
 20
-22.33394871485733
 30
0.0
 11
-99.03078423758053
 21
-22.81750001285408
 31
0.0
  0
LINE
  5
202
330
70
100
AcDbEntity
  8
W-S-A v1_4_ANYTOOL_CUTTHROUGH_OUTSI
100
AcDbLine
 10
-103.8945600637327
 20
-26.82730583902271
 30
0.0
 11
-103.8806424687404
 21
-26.84849409349938
 31
0.0
  0
LINE
  5
203
330
70
100
AcDbEntity
  8
W-S-A v1_4_ANYTOOL_CUTTHROUGH_OUTSI
100
AcDbLine
 10
-103.9157483182095
 20
-24.86438824403738
 30
0.0
 11
-103.8945600637328
 21
-24.87830583902969
 31
0.0
  0
LINE
  5
204
330
70
100
AcDbEntity
  8
W-S-A v1_4_ANYTOOL_CUTTHROUGH_OUTSI
100
AcDbLine
 10
-99.03517246876413
 20
-22.84050593220179
 30
0.0
 11
-99.04909006375644
 21
-22.86169418667842
 31
0.0
  0
ARC
  5
205
330
70
100
AcDbEntity
  8
W-S-A v1_4_ANYTOOL_CUTTHROUGH_OUTSI
100
AcDbCircle
 10
103.9385279962134
 20
-23.75359471647966
 30
0.0
 40
0.0622738306668997
210
0.0
220
0.0
230
-1.0
100
AcDbArc
 50
179.9128667648395
 51
270.9680592064494
  0
ARC
  5
206
330
70
100
AcDbEntity
  8
W-S-A v1_4_ANYTOOL_CUTTHROUGH_OUTSI
100
AcDbCircle
 10
101.8087542375769
 20
-28.06750001284131
 30
0.0
 40
0.0024999999999224
210
0.0
220
0.0
230
-1.0
100
AcDbArc
 50
0.0000000004885332
 51
90.00000000195413
  0
ARC
  5
207
330
70
100
AcDbEntity
  8
W-S-A v1_4_ANYTOOL_CUTTHROUGH_OUTSI
100
AcDbCircle
 10
-104.3787542375571
 20
-27.66654438536214
 30
0.0
 40
0.0574999999996933
100
AcDbArc
 50
179.9999999999009
 51
250.5287793656449
  0
ARC
  5
208
330
70
100
AcDbEntity
  8
W-S-A v1_4_ANYTOOL_CUTTHROUGH_OUTSI
100
AcDbCircle
 10
104.4387542375584
 20
-22.78875001285098
 30
0.0
 40
0.1225000000003659
210
0.0
220
0.0
230
-1.0
100
AcDbArc
 50
109.4712206348136
 51
250.528779365074
  0
LINE
  5
209
330
70
100
AcDbEntity
  8
W-S-A v1_4_ANYTOOL_CUTTHROUGH_OUTSI
100
AcDbLine
 10
-104.4362542375573
 20
-23.08244563931625
 30
0.0
 11
-104.4223055355541
 21
-23.08009569922679
 31
0.0
  0
LINE
  5
20A
330
70
100
AcDbEntity
  8
W-S-A v1_4_ANYTOOL_CUTTHROUGH_OUTSI
100
AcDbLine
 10
-103.4362542375565
 20
-28.30500001284594
 30
0.0
 11
-102.4412542375773
 21
-28.30500001284743
 31
0.0
  0
ARC
  5
20B
330
70
100
AcDbEntity
  8
W-S-A v1_4_ANYTOOL_CUTTHROUGH_OUTSI
100
AcDbCircle
 10
101.1887542375766
 20
-28.06750001284071
 30
0.0
 40
0.0024999999999181
210
0.0
220
0.0
230
-1.0
100
AcDbArc
 50
0.0000000003256888
 51
90.00000000227982
  0
LINE
  5
20C
330
70
100
AcDbEntity
  8
W-S-A v1_4_ANYTOOL_CUTTHROUGH_OUTSI
100
AcDbLine
 10
-103.894560063733
 20
-22.92930583902664
 30
0.0
 11
-103.8806424687408
 21
-22.95049409350329
 31
0.0
  0
ARC
  5
20D
330
70
100
AcDbEntity
  8
W-S-A v1_4_ANYTOOL_CUTTHROUGH_OUTSI
100
AcDbCircle
 10
103.5587542375562
 20
-28.06750001284571
 30
0.0
 40
0.0025000000003345
210
0.0
220
0.0
230
-1.0
100
AcDbArc
 50
0.0000000030940436
 51
89.99999999283485
  0
LINE
  5
20E
330
70
100
AcDbEntity
  8
W-S-A v1_4_ANYTOOL_CUTTHROUGH_OUTSI
100
AcDbLine
 10
-103.9387542375572
 20
-22.91100001285074
 30
0.0
 11
-103.9157483182096
 21
-22.91538824403433
 31
0.0
  0
LINE
  5
20F
330
70
100
AcDbEntity
  8
W-S-A v1_4_ANYTOOL_CUTTHROUGH_OUTSI
100
AcDbLine
 10
-97.11316986404538
 20
-28.30500001284897
 30
0.0
 11
-96.44125423757733
 21
-28.30500001284764
 31
0.0
  0
ARC
  5
210
330
70
100
AcDbEntity
  8
W-S-A v1_4_ANYTOOL_CUTTHROUGH_OUTSI
100
AcDbCircle
 10
97.00412953395129
 20
-27.80727377150541
 30
0.0
 40
0.0622738306671105
210
0.0
220
0.0
230
-1.0
100
AcDbArc
 50
89.91286676476788
 51
180.9680592063578
  0
ARC
  5
211
330
70
100
AcDbEntity
  8
W-S-A v1_4_ANYTOOL_CUTTHROUGH_OUTSI
100
AcDbCircle
 10
103.9385279962134
 20
-27.65159471647515
 30
0.0
 40
0.0622738306673768
210
0.0
220
0.0
230
-1.0
100
AcDbArc
 50
179.9128667650363
 51
270.968059206102
  0
LINE
  5
212
330
70
100
AcDbEntity
  8
W-S-A v1_4_ANYTOOL_CUTTHROUGH_OUTSI
100
AcDbLine
 10
-102.316254237577
 20
-28.12500001284275
 30
0.0
 11
-101.8112542375768
 21
-28.12500001284126
 31
0.0
  0
ARC
  5
213
330
70
100
AcDbEntity
  8
W-S-A v1_4_ANYTOOL_CUTTHROUGH_OUTSI
100
AcDbCircle
 10
95.80875423757673
 20
-28.06750001284177
 30
0.0
 40
0.0025000000000915
210
0.0
220
0.0
230
-1.0
100
AcDbArc
 50
0.0000000027683548
 51
89.99999999739449
  0
LINE
  5
214
330
70
100
AcDbEntity
  8
W-S-A v1_4_ANYTOOL_CUTTHROUGH_OUTSI
100
AcDbLine
 10
-103.9157483182093
 20
-26.81338824403042
 30
0.0
 11
-103.8945600637327
 21
-26.82730583902271
 31
0.0
  0
LINE
  5
215
330
70
100
AcDbEntity
  8
W-S-A v1_4_ANYTOOL_CUTTHROUGH_OUTSI
100
AcDbLine
 10
-101.6862542375778
 20
-22.32000001353797
 30
0.0
 11
-101.686254237578
 21
-22.55750001285247
 31
0.0
  0
LINE
  5
216
330
70
100
AcDbEntity
  8
W-S-A v1_4_ANYTOOL_CUTTHROUGH_OUTSI
100
AcDbLine
 10
-103.8806424687404
 20
-26.84849409349938
 30
0.0
 11
-103.8762542375569
 21
-26.87150001284715
 31
0.0
  0
LINE
  5
217
330
70
100
AcDbEntity
  8
W-S-A v1_4_ANYTOOL_CUTTHROUGH_OUTSI
100
AcDbLine
 10
-104.4362542375572
 20
-25.0314456393158
 30
0.0
 11
-104.422305535554
 21
-25.0290956992299
 31
0.0
  0
ARC
  5
218
330
70
100
AcDbEntity
  8
W-S-A v1_4_ANYTOOL_CUTTHROUGH_OUTSI
100
AcDbCircle
 10
101.0687542375765
 20
-28.06750001284131
 30
0.0
 40
0.0024999999999306
210
0.0
220
0.0
230
-1.0
100
AcDbArc
 50
89.99999999804586
 51
179.9999999993486
  0
LINE
  5
219
330
70
100
AcDbEntity
  8
W-S-A v1_4_ANYTOOL_CUTTHROUGH_OUTSI
100
AcDbLine
 10
-104.4224161853478
 20
-25.59586852880058
 30
0.0
 11
-104.4362542375571
 21
-25.59355438638839
 31
0.0
  0
LINE
  5
21A
330
70
100
AcDbEntity
  8
W-S-A v1_4_ANYTOOL_CUTTHROUGH_OUTSI
100
AcDbLine
 10
-104.1612542375583
 20
-22.55750001284551
 30
0.0
 11
-104.1612542375583
 21
-22.50000001284546
 31
0.0
  0
LINE
  5
21B
330
70
100
AcDbEntity
  8
W-S-A v1_4_ANYTOOL_CUTTHROUGH_OUTSI
100
AcDbLine
 10
-104.4362542375569
 20
-27.54255438638147
 30
0.0
 11
-104.4362542375568
 21
-27.66654438536205
 31
0.0
  0
ARC
  5
21C
330
70
100
AcDbEntity
  8
W-S-A v1_4_ANYTOOL_CUTTHROUGH_OUTSI
100
AcDbCircle
 10
98.69375423758045
 20
-28.0675000128451
 30
0.0
 40
0.002500000000169
210
0.0
220
0.0
230
-1.0
100
AcDbArc
 50
90.00000000455965
 51
179.9999999954403
  0
LINE
  5
21D
330
70
100
AcDbEntity
  8
W-S-A v1_4_ANYTOOL_CUTTHROUGH_OUTSI
100
AcDbLine
 10
-95.68625423757666
 20
-28.3050000128361
 30
0.0
 11
-95.19125423757669
 21
-28.3050000128361
 31
0.0
  0
LINE
  5
21E
330
70
100
AcDbEntity
  8
W-S-A v1_4_ANYTOOL_CUTTHROUGH_OUTSI
100
AcDbLine
 10
-97.67762855120402
 20
-28.29105131084609
 30
0.0
 11
-97.84672423758001
 21
-27.80750001284916
 31
0.0
  0
ARC
  5
21F
330
70
100
AcDbEntity
  8
W-S-A v1_4_ANYTOOL_CUTTHROUGH_OUTSI
100
AcDbCircle
 10
103.438754237558
 20
-22.55750001284595
 30
0.0
 40
0.0025000000003217
210
0.0
220
0.0
230
-1.0
100
AcDbArc
 50
180.0000000100963
 51
269.9999999925092
  0
LINE
  5
220
330
70
100
AcDbEntity
  8
W-S-A v1_4_ANYTOOL_CUTTHROUGH_OUTSI
100
AcDbLine
 10
-100.4362542375773
 20
-28.30500001284802
 30
0.0
 11
-99.76433861111502
 21
-28.3050000128495
 31
0.0
  0
ARC
  5
221
330
70
100
AcDbEntity
  8
W-S-A v1_4_ANYTOOL_CUTTHROUGH_OUTSI
100
AcDbCircle
 10
95.18875423757661
 20
-28.06750001284101
 30
0.0
 40
0.0024999999999199
210
0.0
220
0.0
230
-1.0
100
AcDbArc
 50
359.9999999988601
 51
90.00000000195413
  0
LINE
  5
222
330
70
100
AcDbEntity
  8
W-S-A v1_4_ANYTOOL_CUTTHROUGH_OUTSI
100
AcDbLine
 10
-103.8806424687406
 20
-24.89949409350636
 30
0.0
 11
-103.8762542375572
 21
-24.92250001285405
 31
0.0
  0
ARC
  5
223
330
70
100
AcDbEntity
  8
W-S-A v1_4_ANYTOOL_CUTTHROUGH_OUTSI
100
AcDbCircle
 10
95.68875423757695
 20
-28.0675000128412
 30
0.0
 40
0.0025000000001096
210
0.0
220
0.0
230
-1.0
100
AcDbArc
 50
90.00000000325689
 51
179.9999999967431
  0
ARC
  5
224
330
70
100
AcDbEntity
  8
W-S-A v1_4_ANYTOOL_CUTTHROUGH_OUTSI
100
AcDbCircle
 10
102.3187542375776
 20
-28.06750001284864
 30
0.0
 40
0.0025000000002965
210
0.0
220
0.0
230
-1.0
100
AcDbArc
 50
90.00000000814223
 51
179.9999999909621
  0
LINE
  5
225
330
70
100
AcDbEntity
  8
W-S-A v1_4_ANYTOOL_CUTTHROUGH_OUTSI
100
AcDbLine
 10
-103.7887542375574
 20
-28.06500001284701
 30
0.0
 11
-103.6687542375573
 21
-28.0650000128479
 31
0.0
  0
LINE
  5
226
330
70
100
AcDbEntity
  8
W-S-A v1_4_ANYTOOL_CUTTHROUGH_OUTSI
100
AcDbLine
 10
-103.6662542375574
 20
-28.12500001284793
 30
0.0
 11
-103.561254237557
 21
-28.12500001284793
 31
0.0
  0
LINE
  5
227
330
70
100
AcDbEntity
  8
W-S-A v1_4_ANYTOOL_CUTTHROUGH_OUTSI
100
AcDbLine
 10
-98.06125423758027
 20
-28.30500001284681
 30
0.0
 11
-97.67527861111458
 21
-28.30500001284903
 31
0.0
  0
ARC
  5
228
330
70
100
AcDbEntity
  8
W-S-A v1_4_ANYTOOL_CUTTHROUGH_OUTSI
100
AcDbCircle
 10
96.43875423757734
 20
-28.0675000128477
 30
0.0
 40
0.0024999999999523
210
0.0
220
0.0
230
-1.0
100
AcDbArc
 50
359.9999999995929
 51
90.00000000130276
  0
LINE
  5
229
330
70
100
AcDbEntity
  8
W-S-A v1_4_ANYTOOL_CUTTHROUGH_OUTSI
100
AcDbLine
 10
-95.19125423757669
 20
-28.3050000128361
 30
0.0
 11
-95.19125423757653
 21
-28.06750001284106
 31
0.0
  0
LINE
  5
22A
330
70
100
AcDbEntity
  8
W-S-A v1_4_ANYTOOL_CUTTHROUGH_OUTSI
100
AcDbLine
 10
-98.18375423758029
 20
-28.06500001284479
 30
0.0
 11
-98.06375423758028
 21
-28.06500001284479
 31
0.0
  0
LINE
  5
22B
330
70
100
AcDbEntity
  8
W-S-A v1_4_ANYTOOL_CUTTHROUGH_OUTSI
100
AcDbLine
 10
-103.8945600637328
 20
-24.87830583902969
 30
0.0
 11
-103.8806424687406
 21
-24.89949409350636
 31
0.0
  0
LINE
  5
22C
330
70
100
AcDbEntity
  8
W-S-A v1_4_ANYTOOL_CUTTHROUGH_OUTSI
100
AcDbLine
 10
-96.44125423757733
 20
-28.30500001284764
 30
0.0
 11
-96.4412542375773
 21
-28.06750001284772
 31
0.0
  0
ARC
  5
22D
330
70
100
AcDbEntity
  8
W-S-A v1_4_ANYTOOL_CUTTHROUGH_OUTSI
100
AcDbCircle
 10
98.81375423758033
 20
-28.06750001284492
 30
0.0
 40
0.0024999999999849
210
0.0
220
0.0
230
-1.0
100
AcDbArc
 50
0.0000000003256888
 51
90.00000000065139
  0
LINE
  5
22E
330
70
100
AcDbEntity
  8
W-S-A v1_4_ANYTOOL_CUTTHROUGH_OUTSI
100
AcDbLine
 10
-102.316254237578
 20
-22.50000001285391
 30
0.0
 11
-102.316254237578
 21
-22.55750001285158
 31
0.0
  0
ARC
  5
22F
330
70
100
AcDbEntity
  8
W-S-A v1_4_ANYTOOL_CUTTHROUGH_OUTSI
100
AcDbCircle
 10
98.69375423758054
 20
-22.55750001285415
 30
0.0
 40
0.0025000000001803
210
0.0
220
0.0
230
-1.0
100
AcDbArc
 50
180.0000000008956
 51
269.9999999967431
  0
LINE
  5
230
330
70
100
AcDbEntity
  8
W-S-A v1_4_ANYTOOL_CUTTHROUGH_OUTSI
100
AcDbLine
 10
-96.31625423757697
 20
-28.12500001284302
 30
0.0
 11
-95.81125423757674
 21
-28.12500001284154
 31
0.0
  0
LINE
  5
231
330
70
100
AcDbEntity
  8
W-S-A v1_4_ANYTOOL_CUTTHROUGH_OUTSI
100
AcDbLine
 10
-101.1912542375767
 20
-28.30500001283573
 30
0.0
 11
-101.1912542375765
 21
-28.0675000128407
 31
0.0
  0
LINE
  5
232
330
70
100
AcDbEntity
  8
W-S-A v1_4_ANYTOOL_CUTTHROUGH_OUTSI
100
AcDbLine
 10
-104.0362542375577
 20
-28.06750001284706
 30
0.0
 11
-104.0362542375576
 21
-28.30500001284728
 31
0.0
  0
LINE
  5
233
330
70
100
AcDbEntity
  8
W-S-A v1_4_ANYTOOL_CUTTHROUGH_OUTSI
100
AcDbLine
 10
-95.81125423757674
 20
-28.12500001284154
 30
0.0
 11
-95.81125423757681
 21
-28.06750001284165
 31
0.0
  0
LINE
  5
234
330
70
100
AcDbEntity
  8
W-S-A v1_4_ANYTOOL_CUTTHROUGH_OUTSI
100
AcDbLine
 10
-99.03092459168954
 20
-27.80832588891136
 30
0.0
 11
-99.19991572162285
 21
-28.29116196060282
 31
0.0
  0
LINE
  5
235
330
70
100
AcDbEntity
  8
W-S-A v1_4_ANYTOOL_CUTTHROUGH_OUTSI
100
AcDbLine
 10
-99.20222986404587
 20
-28.30500001284933
 30
0.0
 11
-98.81625423758032
 21
-28.30500001284918
 31
0.0
  0
LINE
  5
236
330
70
100
AcDbEntity
  8
W-S-A v1_4_ANYTOOL_CUTTHROUGH_OUTSI
100
AcDbLine
 10
-103.938754237557
 20
-26.80900001284685
 30
0.0
 11
-103.9157483182093
 21
-26.81338824403042
 31
0.0
  0
LINE
  5
237
330
70
100
AcDbEntity
  8
W-S-A v1_4_ANYTOOL_CUTTHROUGH_OUTSI
100
AcDbLine
 10
-97.67527861111458
 20
-28.30500001284903
 30
0.0
 11
-97.67762855120402
 21
-28.29105131084609
 31
0.0
  0
LINE
  5
238
330
70
100
AcDbEntity
  8
W-S-A v1_4_ANYTOOL_CUTTHROUGH_OUTSI
100
AcDbLine
 10
-101.8112542375768
 20
-28.12500001284126
 30
0.0
 11
-101.8112542375768
 21
-28.06750001284129
 31
0.0
  0
ARC
  5
239
330
70
100
AcDbEntity
  8
W-S-A v1_4_ANYTOOL_CUTTHROUGH_OUTSI
100
AcDbCircle
 10
100.5587542375772
 20
-28.06750001284876
 30
0.0
 40
0.0025000000001171
210
0.0
220
0.0
230
-1.0
100
AcDbArc
 50
0.000000004885332
 51
89.99999999772018
  0
LINE
  5
23A
330
70
100
AcDbEntity
  8
W-S-A v1_4_ANYTOOL_CUTTHROUGH_OUTSI
100
AcDbLine
 10
-99.93139600639675
 20
-27.78449409350182
 30
0.0
 11
-99.91747841140444
 21
-27.76330583902524
 31
0.0
  0
LINE
  5
23B
330
70
100
AcDbEntity
  8
W-S-A v1_4_ANYTOOL_CUTTHROUGH_OUTSI
100
AcDbLine
 10
-98.69125423758028
 20
-22.50000001285419
 30
0.0
 11
-98.69125423758035
 21
-22.55750001285419
 31
0.0
  0
LINE
  5
23C
330
70
100
AcDbEntity
  8
W-S-A v1_4_ANYTOOL_CUTTHROUGH_OUTSI
100
AcDbLine
 10
-97.80723015692755
 20
-27.74938824403263
 30
0.0
 11
-97.78422423757984
 21
-27.74500001284915
 31
0.0
  0
LINE
  5
23D
330
70
100
AcDbEntity
  8
W-S-A v1_4_ANYTOOL_CUTTHROUGH_OUTSI
100
AcDbLine
 10
-102.4412542375781
 20
-22.32000001285252
 30
0.0
 11
-103.4362542375576
 21
-22.320000012846
 31
0.0
  0
ARC
  5
23E
330
70
100
AcDbEntity
  8
W-S-A v1_4_ANYTOOL_CUTTHROUGH_OUTSI
100
AcDbCircle
 10
98.06375423757996
 20
-28.06750001284448
 30
0.0
 40
0.0024999999996922
210
0.0
220
0.0
230
-1.0
100
AcDbArc
 50
89.99999999283485
 51
180.0000000064323
  0
LINE
  5
23F
330
70
100
AcDbEntity
  8
W-S-A v1_4_ANYTOOL_CUTTHROUGH_OUTSI
100
AcDbLine
 10
-104.4223055355538
 20
-26.97809569922267
 30
0.0
 11
-103.938754237557
 21
-26.80900001284685
 31
0.0
  0
ARC
  5
240
330
70
100
AcDbEntity
  8
W-S-A v1_4_ANYTOOL_CUTTHROUGH_OUTSI
100
AcDbCircle
 10
98.18375423758041
 20
-28.06750001284468
 30
0.0
 40
0.0024999999998869
210
0.0
220
0.0
230
-1.0
100
AcDbArc
 50
359.9999999980459
 51
90.0000000026055
  0
LINE
  5
241
330
70
100
AcDbEntity
  8
W-S-A v1_4_ANYTOOL_CUTTHROUGH_OUTSI
100
AcDbLine
 10
-103.9157483182096
 20
-22.91538824403433
 30
0.0
 11
-103.894560063733
 21
-22.92930583902664
 31
0.0
  0
LINE
  5
242
330
70
100
AcDbEntity
  8
W-S-A v1_4_ANYTOOL_CUTTHROUGH_OUTSI
100
AcDbLine
 10
-102.3162542375773
 20
-28.06750001284825
 30
0.0
 11
-102.316254237577
 21
-28.12500001284275
 31
0.0
  0
LINE
  5
243
330
70
100
AcDbEntity
  8
W-S-A v1_4_ANYTOOL_CUTTHROUGH_OUTSI
100
AcDbLine
 10
-103.8762542375572
 20
-24.92250001285405
 30
0.0
 11
-103.8762542375572
 21
-25.70250001285372
 31
0.0
  0
LINE
  5
244
330
70
100
AcDbEntity
  8
W-S-A v1_4_ANYTOOL_CUTTHROUGH_OUTSI
100
AcDbLine
 10
-98.69125423758028
 20
-28.06750001284491
 30
0.0
 11
-98.69125423758033
 21
-28.12500001284499
 31
0.0
  0
LINE
  5
245
330
70
100
AcDbEntity
  8
W-S-A v1_4_ANYTOOL_CUTTHROUGH_OUTSI
100
AcDbLine
 10
-90.44125423757732
 20
-28.30500001284803
 30
0.0
 11
-90.44125423757726
 21
-28.06750001284806
 31
0.0
  0
LINE
  5
246
330
70
100
AcDbEntity
  8
W-S-A v1_4_ANYTOOL_CUTTHROUGH_OUTSI
100
AcDbLine
 10
-92.81375423758017
 20
-28.06500001284496
 30
0.0
 11
-92.69375423758022
 21
-28.06500001284496
 31
0.0
  0
LINE
  5
247
330
70
100
AcDbEntity
  8
W-S-A v1_4_ANYTOOL_CUTTHROUGH_OUTSI
100
AcDbLine
 10
-95.06625423757661
 20
-28.12500001284154
 30
0.0
 11
-94.56125423757697
 21
-28.12500001284302
 31
0.0
  0
LINE
  5
248
330
70
100
AcDbEntity
  8
W-S-A v1_4_ANYTOOL_CUTTHROUGH_OUTSI
100
AcDbLine
 10
-103.8762542375569
 20
-26.87150001284715
 30
0.0
 11
-103.8762542375569
 21
-27.65150001284647
 31
0.0
  0
LINE
  5
249
330
70
100
AcDbEntity
  8
W-S-A v1_4_ANYTOOL_CUTTHROUGH_OUTSI
100
AcDbLine
 10
-96.94186459168903
 20
-27.80832588891109
 30
0.0
 11
-97.1108557216335
 21
-28.2911619606399
 31
0.0
  0
LINE
  5
24A
330
70
100
AcDbEntity
  8
W-S-A v1_4_ANYTOOL_CUTTHROUGH_OUTSI
100
AcDbLine
 10
-104.4223055355541
 20
-23.08009569922679
 30
0.0
 11
-103.9387542375572
 21
-22.91100001285074
 31
0.0
  0
LINE
  5
24B
330
70
100
AcDbEntity
  8
W-S-A v1_4_ANYTOOL_CUTTHROUGH_OUTSI
100
AcDbLine
 10
-91.7842242375797
 20
-27.74500001284915
 30
0.0
 11
-91.00422423758017
 21
-27.7450000128493
 31
0.0
  0
LINE
  5
24C
330
70
100
AcDbEntity
  8
W-S-A v1_4_ANYTOOL_CUTTHROUGH_OUTSI
100
AcDbLine
 10
-98.81375423758031
 20
-28.06500001284494
 30
0.0
 11
-98.69375423758027
 21
-28.06500001284494
 31
0.0
  0
LINE
  5
24D
330
70
100
AcDbEntity
  8
W-S-A v1_4_ANYTOOL_CUTTHROUGH_OUTSI
100
AcDbLine
 10
-91.11085572163338
 20
-28.29116196064004
 30
0.0
 11
-91.11316986404535
 21
-28.30500001284951
 31
0.0
  0
LINE
  5
24E
330
70
100
AcDbEntity
  8
W-S-A v1_4_ANYTOOL_CUTTHROUGH_OUTSI
100
AcDbLine
 10
-96.31625423757725
 20
-28.0675000128486
 30
0.0
 11
-96.31625423757697
 21
-28.12500001284302
 31
0.0
  0
LINE
  5
24F
330
70
100
AcDbEntity
  8
W-S-A v1_4_ANYTOOL_CUTTHROUGH_OUTSI
100
AcDbLine
 10
-90.31625423757738
 20
-28.06750001284894
 30
0.0
 11
-90.316254237577
 21
-28.12500001284329
 31
0.0
  0
LINE
  5
250
330
70
100
AcDbEntity
  8
W-S-A v1_4_ANYTOOL_CUTTHROUGH_OUTSI
100
AcDbLine
 10
-99.93578423758044
 20
-27.80750001284953
 30
0.0
 11
-99.93139600639675
 21
-27.78449409350182
 31
0.0
  0
LINE
  5
251
330
70
100
AcDbEntity
  8
W-S-A v1_4_ANYTOOL_CUTTHROUGH_OUTSI
100
AcDbLine
 10
-89.80875423757677
 20
-28.06500001284185
 30
0.0
 11
-89.68875423757678
 21
-28.06500001284126
 31
0.0
  0
LINE
  5
252
330
70
100
AcDbEntity
  8
W-S-A v1_4_ANYTOOL_CUTTHROUGH_OUTSI
100
AcDbLine
 10
-99.19991572162285
 20
-28.29116196060282
 30
0.0
 11
-99.20222986404587
 21
-28.30500001284933
 31
0.0
  0
LINE
  5
253
330
70
100
AcDbEntity
  8
W-S-A v1_4_ANYTOOL_CUTTHROUGH_OUTSI
100
AcDbLine
 10
-101.6862542375767
 20
-28.30500001283573
 30
0.0
 11
-101.1912542375767
 21
-28.30500001283573
 31
0.0
  0
LINE
  5
254
330
70
100
AcDbEntity
  8
W-S-A v1_4_ANYTOOL_CUTTHROUGH_OUTSI
100
AcDbLine
 10
-94.55875423757726
 20
-28.06500001284893
 30
0.0
 11
-94.43875423757724
 21
-28.06500001284863
 31
0.0
  0
LINE
  5
255
330
70
100
AcDbEntity
  8
W-S-A v1_4_ANYTOOL_CUTTHROUGH_OUTSI
100
AcDbLine
 10
-104.4362542375571
 20
-25.59355438638839
 30
0.0
 11
-104.4362542375568
 21
-26.98044563931244
 31
0.0
  0
LINE
  5
256
330
70
100
AcDbEntity
  8
W-S-A v1_4_ANYTOOL_CUTTHROUGH_OUTSI
100
AcDbLine
 10
-97.84672423758001
 20
-27.80750001284916
 30
0.0
 11
-97.84233600639648
 21
-27.78449409350147
 31
0.0
  0
LINE
  5
257
330
70
100
AcDbEntity
  8
W-S-A v1_4_ANYTOOL_CUTTHROUGH_OUTSI
100
AcDbLine
 10
-89.18875423757647
 20
-28.06500001284126
 30
0.0
 11
-89.06875423757652
 21
-28.06500001284185
 31
0.0
  0
LINE
  5
258
330
70
100
AcDbEntity
  8
W-S-A v1_4_ANYTOOL_CUTTHROUGH_OUTSI
100
AcDbLine
 10
-100.561254237577
 20
-28.12500001284275
 30
0.0
 11
-100.5612542375773
 21
-28.06750001284854
 31
0.0
  0
ARC
  5
259
330
70
100
AcDbEntity
  8
W-S-A v1_4_ANYTOOL_CUTTHROUGH_OUTSI
100
AcDbCircle
 10
89.68875423757699
 20
-28.06750001284139
 30
0.0
 40
0.0025000000001267
210
0.0
220
0.0
230
-1.0
100
AcDbArc
 50
90.00000000488533
 51
179.9999999969059
  0
LINE
  5
25A
330
70
100
AcDbEntity
  8
W-S-A v1_4_ANYTOOL_CUTTHROUGH_OUTSI
100
AcDbLine
 10
-103.9395801136191
 20
-23.81585965874169
 30
0.0
 11
-104.422416185348
 21
-23.64686852879745
 31
0.0
  0
LINE
  5
25B
330
70
100
AcDbEntity
  8
W-S-A v1_4_ANYTOOL_CUTTHROUGH_OUTSI
100
AcDbLine
 10
-95.68625423757685
 20
-28.06750001284106
 30
0.0
 11
-95.68625423757666
 21
-28.3050000128361
 31
0.0
  0
ARC
  5
25C
330
70
100
AcDbEntity
  8
W-S-A v1_4_ANYTOOL_CUTTHROUGH_OUTSI
100
AcDbCircle
 10
103.7887542375574
 20
-28.067500012847
 30
0.0
 40
0.0024999999999892
210
0.0
220
0.0
230
-1.0
100
AcDbArc
 50
359.9999999985344
 51
90.00000000065139
  0
ARC
  5
25D
330
70
100
AcDbEntity
  8
W-S-A v1_4_ANYTOOL_CUTTHROUGH_OUTSI
100
AcDbCircle
 10
103.9385279962133
 20
-25.70259471648275
 30
0.0
 40
0.0622738306669255
210
0.0
220
0.0
230
-1.0
100
AcDbArc
 50
179.9128667647186
 51
270.9680592064097
  0
LINE
  5
25E
330
70
100
AcDbEntity
  8
W-S-A v1_4_ANYTOOL_CUTTHROUGH_OUTSI
100
AcDbLine
 10
-99.89629015692788
 20
-27.74938824403297
 30
0.0
 11
-99.87328423758022
 21
-27.74500001284933
 31
0.0
  0
ARC
  5
25F
330
70
100
AcDbEntity
  8
W-S-A v1_4_ANYTOOL_CUTTHROUGH_OUTSI
100
AcDbCircle
 10
100.4387542375773
 20
-28.06750001284837
 30
0.0
 40
0.0025000000000269
210
0.0
220
0.0
230
-1.0
100
AcDbArc
 50
90.00000000195413
 51
179.9999999971502
  0
ARC
  5
260
330
70
100
AcDbEntity
  8
W-S-A v1_4_ANYTOOL_CUTTHROUGH_OUTSI
100
AcDbCircle
 10
92.69375423758038
 20
-28.06750001284516
 30
0.0
 40
0.0025000000001988
210
0.0
220
0.0
230
-1.0
100
AcDbArc
 50
90.00000000358257
 51
179.9999999973945
  0
LINE
  5
261
330
70
100
AcDbEntity
  8
W-S-A v1_4_ANYTOOL_CUTTHROUGH_OUTSI
100
AcDbLine
 10
-101.8087542375768
 20
-28.06500001284139
 30
0.0
 11
-101.6887542375769
 21
-28.06500001284079
 31
0.0
  0
LINE
  5
262
330
70
100
AcDbEntity
  8
W-S-A v1_4_ANYTOOL_CUTTHROUGH_OUTSI
100
AcDbLine
 10
-97.1108557216335
 20
-28.2911619606399
 30
0.0
 11
-97.11316986404538
 21
-28.30500001284897
 31
0.0
  0
LINE
  5
263
330
70
100
AcDbEntity
  8
W-S-A v1_4_ANYTOOL_CUTTHROUGH_OUTSI
100
AcDbLine
 10
-97.84233600639648
 20
-27.78449409350147
 30
0.0
 11
-97.8284184114042
 21
-27.76330583902485
 31
0.0
  0
LINE
  5
264
330
70
100
AcDbEntity
  8
W-S-A v1_4_ANYTOOL_CUTTHROUGH_OUTSI
100
AcDbLine
 10
-99.87328423758022
 20
-27.74500001284933
 30
0.0
 11
-99.09328423758063
 21
-27.74500001284947
 31
0.0
  0
LINE
  5
265
330
70
100
AcDbEntity
  8
W-S-A v1_4_ANYTOOL_CUTTHROUGH_OUTSI
100
AcDbLine
 10
-93.76433861111491
 20
-28.30500001284926
 30
0.0
 11
-93.76668855120438
 21
-28.29105131084658
 31
0.0
  0
LINE
  5
266
330
70
100
AcDbEntity
  8
W-S-A v1_4_ANYTOOL_CUTTHROUGH_OUTSI
100
AcDbLine
 10
-98.1862542375803
 20
-28.12500001284485
 30
0.0
 11
-98.1862542375803
 21
-28.06750001284476
 31
0.0
  0
LINE
  5
267
330
70
100
AcDbEntity
  8
W-S-A v1_4_ANYTOOL_CUTTHROUGH_OUTSI
100
AcDbLine
 10
-100.5587542375773
 20
-28.06500001284864
 30
0.0
 11
-100.4387542375773
 21
-28.06500001284835
 31
0.0
  0
LINE
  5
268
330
70
100
AcDbEntity
  8
W-S-A v1_4_ANYTOOL_CUTTHROUGH_OUTSI
100
AcDbLine
 10
-99.76433861111502
 20
-28.3050000128495
 30
0.0
 11
-99.7666885512044
 21
-28.29105131084631
 31
0.0
  0
LINE
  5
269
330
70
100
AcDbEntity
  8
W-S-A v1_4_ANYTOOL_CUTTHROUGH_OUTSI
100
AcDbLine
 10
-97.78422423757984
 20
-27.74500001284915
 30
0.0
 11
-97.00422423758027
 21
-27.74500001284915
 31
0.0
  0
LINE
  5
26A
330
70
100
AcDbEntity
  8
W-S-A v1_4_ANYTOOL_CUTTHROUGH_OUTSI
100
AcDbLine
 10
-83.93792836151604
 20
-25.76485965874568
 30
0.0
 11
-83.93875423757789
 21
-25.76500001285471
 31
0.0
  0
LINE
  5
26B
330
70
100
AcDbEntity
  8
W-S-A v1_4_ANYTOOL_CUTTHROUGH_OUTSI
100
AcDbLine
 10
-86.06125423758021
 20
-28.30500001284752
 30
0.0
 11
-85.67527861111452
 21
-28.30500001284974
 31
0.0
  0
LINE
  5
26C
330
70
100
AcDbEntity
  8
W-S-A v1_4_ANYTOOL_CUTTHROUGH_OUTSI
100
AcDbLine
 10
-85.11081992395601
 20
-22.33394871485726
 30
0.0
 11
-84.94172423757998
 21
-22.81750001285438
 31
0.0
  0
LINE
  5
26D
330
70
100
AcDbEntity
  8
W-S-A v1_4_ANYTOOL_CUTTHROUGH_OUTSI
100
AcDbLine
 10
-83.44125423757802
 20
-27.54255438638217
 30
0.0
 11
-83.45520293958122
 21
-27.54490432647191
 31
0.0
  0
LINE
  5
26E
330
70
100
AcDbEntity
  8
W-S-A v1_4_ANYTOOL_CUTTHROUGH_OUTSI
100
AcDbLine
 10
-93.93139600639671
 20
-27.78449409350198
 30
0.0
 11
-93.91747841140441
 21
-27.76330583902545
 31
0.0
  0
ARC
  5
26F
330
70
100
AcDbEntity
  8
W-S-A v1_4_ANYTOOL_CUTTHROUGH_OUTSI
100
AcDbCircle
 10
83.71875423757723
 20
-28.0675000128487
 30
0.0
 40
0.002499999999926
210
0.0
220
0.0
230
-1.0
100
AcDbArc
 50
90.00000000032567
 51
179.9999999977202
  0
LINE
  5
270
330
70
100
AcDbEntity
  8
W-S-A v1_4_ANYTOOL_CUTTHROUGH_OUTSI
100
AcDbLine
 10
-83.8412542375774
 20
-28.3050000128482
 30
0.0
 11
-83.84125423757723
 21
-28.06750001284787
 31
0.0
  0
LINE
  5
271
330
70
100
AcDbEntity
  8
W-S-A v1_4_ANYTOOL_CUTTHROUGH_OUTSI
100
AcDbLine
 10
-83.44125423757821
 20
-28.12500001284778
 30
0.0
 11
-83.44125423757821
 21
-28.00595564033249
 31
0.0
  0
LINE
  5
272
330
70
100
AcDbEntity
  8
W-S-A v1_4_ANYTOOL_CUTTHROUGH_OUTSI
100
AcDbLine
 10
-85.67527861111452
 20
-28.30500001284974
 30
0.0
 11
-85.67762855120397
 21
-28.29105131084658
 31
0.0
  0
ARC
  5
273
330
70
100
AcDbEntity
  8
W-S-A v1_4_ANYTOOL_CUTTHROUGH_OUTSI
100
AcDbCircle
 10
-83.4987542375781
 20
-27.66654438536312
 30
0.0
 40
0.0574999999998509
100
AcDbArc
 50
289.4712206344799
 51
0.0000000001876251
  0
LINE
  5
274
330
70
100
AcDbEntity
  8
W-S-A v1_4_ANYTOOL_CUTTHROUGH_OUTSI
100
AcDbLine
 10
-83.99686600639446
 20
-27.67450593219504
 30
0.0
 11
-84.00125423757797
 21
-27.65150001284743
 31
0.0
  0
LINE
  5
275
330
70
100
AcDbEntity
  8
W-S-A v1_4_ANYTOOL_CUTTHROUGH_OUTSI
100
AcDbLine
 10
-83.98294841140222
 20
-27.69569418667162
 30
0.0
 11
-83.99686600639446
 21
-27.67450593219504
 31
0.0
  0
LINE
  5
276
330
70
100
AcDbEntity
  8
W-S-A v1_4_ANYTOOL_CUTTHROUGH_OUTSI
100
AcDbLine
 10
-87.19991572163374
 20
-28.29116196064072
 30
0.0
 11
-87.20222986404573
 21
-28.30500001285004
 31
0.0
  0
LINE
  5
277
330
70
100
AcDbEntity
  8
W-S-A v1_4_ANYTOOL_CUTTHROUGH_OUTSI
100
AcDbLine
 10
-83.96176015692544
 20
-23.81161178166795
 30
0.0
 11
-83.98294841140206
 21
-23.7976941866757
 31
0.0
  0
LINE
  5
278
330
70
100
AcDbEntity
  8
W-S-A v1_4_ANYTOOL_CUTTHROUGH_OUTSI
100
AcDbLine
 10
-87.03092459168948
 20
-27.80832588891208
 30
0.0
 11
-87.19991572163374
 21
-28.29116196064072
 31
0.0
  0
ARC
  5
279
330
70
100
AcDbEntity
  8
W-S-A v1_4_ANYTOOL_CUTTHROUGH_OUTSI
100
AcDbCircle
 10
83.93875423757805
 20
-24.92250001285452
 30
0.0
 40
0.0624999999998167
210
0.0
220
0.0
230
-1.0
100
AcDbArc
 50
359.9999999995668
 51
90.00000000016935
  0
ARC
  5
27A
330
70
100
AcDbEntity
  8
W-S-A v1_4_ANYTOOL_CUTTHROUGH_OUTSI
100
AcDbCircle
 10
86.06375423758018
 20
-28.06750001284541
 30
0.0
 40
0.0025000000000574
210
0.0
220
0.0
230
-1.0
100
AcDbArc
 50
90.0
 51
179.9999999981273
  0
LINE
  5
27B
330
70
100
AcDbEntity
  8
W-S-A v1_4_ANYTOOL_CUTTHROUGH_OUTSI
100
AcDbLine
 10
-86.69125423758021
 20
-28.06750001284548
 30
0.0
 11
-86.69125423758021
 21
-28.12500001284553
 31
0.0
  0
LINE
  5
27C
330
70
100
AcDbEntity
  8
W-S-A v1_4_ANYTOOL_CUTTHROUGH_OUTSI
100
AcDbLine
 10
-84.31625423757791
 20
-28.12500001284867
 30
0.0
 11
-84.21125423757763
 21
-28.12500001284867
 31
0.0
  0
LINE
  5
27D
330
70
100
AcDbEntity
  8
W-S-A v1_4_ANYTOOL_CUTTHROUGH_OUTSI
100
AcDbLine
 10
-84.00125423757797
 20
-27.65150001284743
 30
0.0
 11
-84.00125423757808
 21
-26.87150001284783
 31
0.0
  0
ARC
  5
27E
330
70
100
AcDbEntity
  8
W-S-A v1_4_ANYTOOL_CUTTHROUGH_OUTSI
100
AcDbCircle
 10
84.43875423757843
 20
-28.06750001284703
 30
0.0
 40
0.0024999999998713
210
0.0
220
0.0
230
-1.0
100
AcDbArc
 50
359.9999999975573
 51
90.0000000026055
  0
LINE
  5
27F
330
70
100
AcDbEntity
  8
W-S-A v1_4_ANYTOOL_CUTTHROUGH_OUTSI
100
AcDbLine
 10
-86.06125423758014
 20
-28.06750001284533
 30
0.0
 11
-86.06125423758021
 21
-28.30500001284752
 31
0.0
  0
ARC
  5
280
330
70
100
AcDbEntity
  8
W-S-A v1_4_ANYTOOL_CUTTHROUGH_OUTSI
100
AcDbCircle
 10
86.18375423758015
 20
-28.06750001284541
 30
0.0
 40
0.0025000000000503
210
0.0
220
0.0
230
-1.0
100
AcDbArc
 50
0.0000000017098662
 51
89.99999999902293
  0
LINE
  5
281
330
70
100
AcDbEntity
  8
W-S-A v1_4_ANYTOOL_CUTTHROUGH_OUTSI
100
AcDbLine
 10
-83.98294841140206
 20
-23.7976941866757
 30
0.0
 11
-83.99686600639432
 21
-23.7765059321991
 31
0.0
  0
LINE
  5
282
330
70
100
AcDbEntity
  8
W-S-A v1_4_ANYTOOL_CUTTHROUGH_OUTSI
100
AcDbLine
 10
-83.83875423757725
 20
-28.06500001284804
 30
0.0
 11
-83.71875423757719
 21
-28.06500001284878
 31
0.0
  0
LINE
  5
283
330
70
100
AcDbEntity
  8
W-S-A v1_4_ANYTOOL_CUTTHROUGH_OUTSI
100
AcDbLine
 10
-93.89629015692781
 20
-27.74938824403328
 30
0.0
 11
-93.87328423758015
 21
-27.74500001284981
 31
0.0
  0
LINE
  5
284
330
70
100
AcDbEntity
  8
W-S-A v1_4_ANYTOOL_CUTTHROUGH_OUTSI
100
AcDbLine
 10
-83.93792836151602
 20
-22.91114036696062
 30
0.0
 11
-83.45509228978718
 21
-23.08013149690507
 31
0.0
  0
LINE
  5
285
330
70
100
AcDbEntity
  8
W-S-A v1_4_ANYTOOL_CUTTHROUGH_OUTSI
100
AcDbLine
 10
-84.31625423757827
 20
-28.0675000128461
 30
0.0
 11
-84.31625423757791
 21
-28.12500001284867
 31
0.0
  0
ARC
  5
286
330
70
100
AcDbEntity
  8
W-S-A v1_4_ANYTOOL_CUTTHROUGH_OUTSI
100
AcDbCircle
 10
90.43875423757723
 20
-28.06750001284809
 30
0.0
 40
0.0025000000000283
210
0.0
220
0.0
230
-1.0
100
AcDbArc
 50
0.000000000814222
 51
90.00000000097704
  0
LINE
  5
287
330
70
100
AcDbEntity
  8
W-S-A v1_4_ANYTOOL_CUTTHROUGH_OUTSI
100
AcDbLine
 10
-89.06625423757658
 20
-28.12500001284195
 30
0.0
 11
-88.56125423757692
 21
-28.12500001284329
 31
0.0
  0
ARC
  5
288
330
70
100
AcDbEntity
  8
W-S-A v1_4_ANYTOOL_CUTTHROUGH_OUTSI
100
AcDbCircle
 10
92.18375423758011
 20
-28.06750001284493
 30
0.0
 40
0.0025000000001064
210
0.0
220
0.0
230
-1.0
100
AcDbArc
 50
0.0000000004885332
 51
89.99999999674312
  0
LINE
  5
289
330
70
100
AcDbEntity
  8
W-S-A v1_4_ANYTOOL_CUTTHROUGH_OUTSI
100
AcDbLine
 10
-83.96176015692565
 20
-27.70961178166392
 30
0.0
 11
-83.98294841140222
 21
-27.69569418667162
 31
0.0
  0
LINE
  5
28A
330
70
100
AcDbEntity
  8
W-S-A v1_4_ANYTOOL_CUTTHROUGH_OUTSI
100
AcDbLine
 10
-83.84125423757698
 20
-22.32000001284703
 30
0.0
 11
-84.08625423757694
 21
-22.32000001284688
 31
0.0
  0
LINE
  5
28B
330
70
100
AcDbEntity
  8
W-S-A v1_4_ANYTOOL_CUTTHROUGH_OUTSI
100
AcDbLine
 10
-85.11316986404528
 20
-28.30500001284982
 30
0.0
 11
-84.44125423757849
 21
-28.30500001284686
 31
0.0
  0
ARC
  5
28C
330
70
100
AcDbEntity
  8
W-S-A v1_4_ANYTOOL_CUTTHROUGH_OUTSI
100
AcDbCircle
 10
83.83875423757668
 20
-22.55750001284717
 30
0.0
 40
0.0025000000001061
210
0.0
220
0.0
230
-1.0
100
AcDbArc
 50
270.0000000006514
 51
359.9999999925906
  0
LINE
  5
28D
330
70
100
AcDbEntity
  8
W-S-A v1_4_ANYTOOL_CUTTHROUGH_OUTSI
100
AcDbLine
 10
-84.44125423757755
 20
-22.32000001284688
 30
0.0
 11
-85.11316986404532
 21
-22.3200000128543
 31
0.0
  0
ARC
  5
28E
330
70
100
AcDbEntity
  8
W-S-A v1_4_ANYTOOL_CUTTHROUGH_OUTSI
100
AcDbCircle
 10
-83.49875423757763
 20
-28.00595564033216
 30
0.0
 40
0.0574999999994375
100
AcDbArc
 50
359.9999999996637
 51
70.52877936580934
  0
ARC
  5
28F
330
70
100
AcDbEntity
  8
W-S-A v1_4_ANYTOOL_CUTTHROUGH_OUTSI
100
AcDbCircle
 10
83.43875423757799
 20
-27.83625001284777
 30
0.0
 40
0.1225000000000738
210
0.0
220
0.0
230
-1.0
100
AcDbArc
 50
289.4712206345375
 51
70.52877936544774
  0
LINE
  5
290
330
70
100
AcDbEntity
  8
W-S-A v1_4_ANYTOOL_CUTTHROUGH_OUTSI
100
AcDbLine
 10
-85.78422423757972
 20
-27.74500001284982
 30
0.0
 11
-85.00422423758015
 21
-27.74500001284982
 31
0.0
  0
ARC
  5
291
330
70
100
AcDbEntity
  8
W-S-A v1_4_ANYTOOL_CUTTHROUGH_OUTSI
100
AcDbCircle
 10
86.81375423758021
 20
-28.0675000128455
 30
0.0
 40
0.0024999999999977
210
0.0
220
0.0
230
-1.0
100
AcDbArc
 50
0.0000000004885332
 51
90.00000000130276
  0
ARC
  5
292
330
70
100
AcDbEntity
  8
W-S-A v1_4_ANYTOOL_CUTTHROUGH_OUTSI
100
AcDbCircle
 10
84.2087542375769
 20
-22.55750001284621
 30
0.0
 40
0.0025000000001672
210
0.0
220
0.0
230
-1.0
100
AcDbArc
 50
270.000000005211
 51
359.9999999980459
  0
LINE
  5
293
330
70
100
AcDbEntity
  8
W-S-A v1_4_ANYTOOL_CUTTHROUGH_OUTSI
100
AcDbLine
 10
-85.67762855120397
 20
-28.29105131084658
 30
0.0
 11
-85.84672423757989
 21
-27.80750001284977
 31
0.0
  0
LINE
  5
294
330
70
100
AcDbEntity
  8
W-S-A v1_4_ANYTOOL_CUTTHROUGH_OUTSI
100
AcDbLine
 10
-91.67762855120395
 20
-28.2910513108464
 30
0.0
 11
-91.84672423757998
 21
-27.80750001284939
 31
0.0
  0
LINE
  5
295
330
70
100
AcDbEntity
  8
W-S-A v1_4_ANYTOOL_CUTTHROUGH_OUTSI
100
AcDbLine
 10
-94.56125423757697
 20
-28.12500001284302
 30
0.0
 11
-94.56125423757727
 21
-28.06750001284889
 31
0.0
  0
LINE
  5
296
330
70
100
AcDbEntity
  8
W-S-A v1_4_ANYTOOL_CUTTHROUGH_OUTSI
100
AcDbLine
 10
-93.76668855120438
 20
-28.29105131084658
 30
0.0
 11
-93.93578423758038
 21
-27.80750001284967
 31
0.0
  0
LINE
  5
297
330
70
100
AcDbEntity
  8
W-S-A v1_4_ANYTOOL_CUTTHROUGH_OUTSI
100
AcDbLine
 10
-87.9313960063968
 20
-27.78449409350252
 30
0.0
 11
-87.91747841140448
 21
-27.76330583902585
 31
0.0
  0
ARC
  5
298
330
70
100
AcDbEntity
  8
W-S-A v1_4_ANYTOOL_CUTTHROUGH_OUTSI
100
AcDbCircle
 10
83.83875423757743
 20
-28.06750001284784
 30
0.0
 40
0.0024999999997974
210
0.0
220
0.0
230
-1.0
100
AcDbArc
 50
359.9999999992672
 51
90.00000000423396
  0
LINE
  5
299
330
70
100
AcDbEntity
  8
W-S-A v1_4_ANYTOOL_CUTTHROUGH_OUTSI
100
AcDbLine
 10
-87.9357842375804
 20
-27.8075000128502
 30
0.0
 11
-87.9313960063968
 21
-27.78449409350252
 31
0.0
  0
LINE
  5
29A
330
70
100
AcDbEntity
  8
W-S-A v1_4_ANYTOOL_CUTTHROUGH_OUTSI
100
AcDbLine
 10
-83.93875423757798
 20
-27.71400001284754
 30
0.0
 11
-83.96176015692565
 21
-27.70961178166392
 31
0.0
  0
LINE
  5
29B
330
70
100
AcDbEntity
  8
W-S-A v1_4_ANYTOOL_CUTTHROUGH_OUTSI
100
AcDbLine
 10
-94.43625423757735
 20
-28.30500001284809
 30
0.0
 11
-93.76433861111491
 21
-28.30500001284926
 31
0.0
  0
LINE
  5
29C
330
70
100
AcDbEntity
  8
W-S-A v1_4_ANYTOOL_CUTTHROUGH_OUTSI
100
AcDbLine
 10
-84.44125423757849
 20
-28.30500001284686
 30
0.0
 11
-84.4412542375783
 21
-28.06750001284713
 31
0.0
  0
LINE
  5
29D
330
70
100
AcDbEntity
  8
W-S-A v1_4_ANYTOOL_CUTTHROUGH_OUTSI
100
AcDbLine
 10
-83.7162542375773
 20
-28.12500001284867
 30
0.0
 11
-83.44125423757821
 21
-28.12500001284778
 31
0.0
  0
LINE
  5
29E
330
70
100
AcDbEntity
  8
W-S-A v1_4_ANYTOOL_CUTTHROUGH_OUTSI
100
AcDbLine
 10
-87.91747841140448
 20
-27.76330583902585
 30
0.0
 11
-87.89629015692785
 21
-27.74938824403351
 31
0.0
  0
LINE
  5
29F
330
70
100
AcDbEntity
  8
W-S-A v1_4_ANYTOOL_CUTTHROUGH_OUTSI
100
AcDbLine
 10
-85.80723015692745
 20
-27.74938824403314
 30
0.0
 11
-85.78422423757972
 21
-27.74500001284982
 31
0.0
  0
LINE
  5
2A0
330
70
100
AcDbEntity
  8
W-S-A v1_4_ANYTOOL_CUTTHROUGH_OUTSI
100
AcDbLine
 10
-83.45520293958122
 20
-27.54490432647191
 30
0.0
 11
-83.93875423757798
 21
-27.71400001284754
 31
0.0
  0
LINE
  5
2A1
330
70
100
AcDbEntity
  8
W-S-A v1_4_ANYTOOL_CUTTHROUGH_OUTSI
100
AcDbLine
 10
-83.44125423757812
 20
-26.98044563931285
 30
0.0
 11
-83.44125423757795
 21
-25.59355438638941
 31
0.0
  0
ARC
  5
2A2
330
70
100
AcDbEntity
  8
W-S-A v1_4_ANYTOOL_CUTTHROUGH_OUTSI
100
AcDbCircle
 10
85.00412953395118
 20
-27.80727377150609
 30
0.0
 40
0.062273830667114
210
0.0
220
0.0
230
-1.0
100
AcDbArc
 50
89.91286676476789
 51
180.9680592062369
  0
LINE
  5
2A3
330
70
100
AcDbEntity
  8
W-S-A v1_4_ANYTOOL_CUTTHROUGH_OUTSI
100
AcDbLine
 10
-83.84125423757678
 20
-22.55750001284749
 30
0.0
 11
-83.84125423757698
 21
-22.32000001284703
 31
0.0
  0
LINE
  5
2A4
330
70
100
AcDbEntity
  8
W-S-A v1_4_ANYTOOL_CUTTHROUGH_OUTSI
100
AcDbLine
 10
-92.18375423758024
 20
-28.06500001284481
 30
0.0
 11
-92.0637542375802
 21
-28.06500001284481
 31
0.0
  0
ARC
  5
2A5
330
70
100
AcDbEntity
  8
W-S-A v1_4_ANYTOOL_CUTTHROUGH_OUTSI
100
AcDbCircle
 10
84.20875423757768
 20
-28.06750001284885
 30
0.0
 40
0.0024999999999238
210
0.0
220
0.0
230
-1.0
100
AcDbArc
 50
0.0000000021169772
 51
90.0000000029312
  0
LINE
  5
2A6
330
70
100
AcDbEntity
  8
W-S-A v1_4_ANYTOOL_CUTTHROUGH_OUTSI
100
AcDbLine
 10
-84.21125423757763
 20
-28.12500001284867
 30
0.0
 11
-84.21125423757763
 21
-28.06750001284875
 31
0.0
  0
ARC
  5
2A7
330
70
100
AcDbEntity
  8
W-S-A v1_4_ANYTOOL_CUTTHROUGH_OUTSI
100
AcDbCircle
 10
86.69375423757996
 20
-28.06750001284525
 30
0.0
 40
0.0024999999997522
210
0.0
220
0.0
230
-1.0
100
AcDbArc
 50
89.99999999478898
 51
180.0000000051296
  0
LINE
  5
2A8
330
70
100
AcDbEntity
  8
W-S-A v1_4_ANYTOOL_CUTTHROUGH_OUTSI
100
AcDbLine
 10
-86.69125423758021
 20
-28.12500001284553
 30
0.0
 11
-86.1862542375802
 21
-28.12500001284538
 31
0.0
  0
LINE
  5
2A9
330
70
100
AcDbEntity
  8
W-S-A v1_4_ANYTOOL_CUTTHROUGH_OUTSI
100
AcDbLine
 10
-85.82841841140412
 20
-27.7633058390253
 30
0.0
 11
-85.80723015692745
 21
-27.74938824403314
 31
0.0
  0
LINE
  5
2AA
330
70
100
AcDbEntity
  8
W-S-A v1_4_ANYTOOL_CUTTHROUGH_OUTSI
100
AcDbLine
 10
-91.11081992395602
 20
-22.33394871485691
 30
0.0
 11
-90.94172423758003
 21
-22.81750001285379
 31
0.0
  0
LINE
  5
2AB
330
70
100
AcDbEntity
  8
W-S-A v1_4_ANYTOOL_CUTTHROUGH_OUTSI
100
AcDbLine
 10
-87.03078423758034
 20
-22.81750001285477
 30
0.0
 11
-87.03517246876415
 21
-22.84050593220235
 31
0.0
  0
LINE
  5
2AC
330
70
100
AcDbEntity
  8
W-S-A v1_4_ANYTOOL_CUTTHROUGH_OUTSI
100
AcDbLine
 10
-83.44125423757771
 20
-23.08244563931693
 30
0.0
 11
-83.44125423757764
 21
-22.95845564033659
 31
0.0
  0
ARC
  5
2AD
330
70
100
AcDbEntity
  8
W-S-A v1_4_ANYTOOL_CUTTHROUGH_OUTSI
100
AcDbCircle
 10
83.43875423757713
 20
-22.78875001285186
 30
0.0
 40
0.1225000000002002
210
0.0
220
0.0
230
-1.0
100
AcDbArc
 50
289.4712206347351
 51
70.52877936537736
  0
LINE
  5
2AE
330
70
100
AcDbEntity
  8
W-S-A v1_4_ANYTOOL_CUTTHROUGH_OUTSI
100
AcDbLine
 10
-84.08875423757706
 20
-22.56000001284713
 30
0.0
 11
-84.20875423757713
 21
-22.56000001284638
 31
0.0
  0
LINE
  5
2AF
330
70
100
AcDbEntity
  8
W-S-A v1_4_ANYTOOL_CUTTHROUGH_OUTSI
100
AcDbLine
 10
-83.44125423757795
 20
-25.59355438638941
 30
0.0
 11
-83.4550922897872
 21
-25.59586852880134
 31
0.0
  0
ARC
  5
2B0
330
70
100
AcDbEntity
  8
W-S-A v1_4_ANYTOOL_CUTTHROUGH_OUTSI
100
AcDbCircle
 10
84.43875423757736
 20
-22.5575000128471
 30
0.0
 40
0.0025000000000276
210
0.0
220
0.0
230
-1.0
100
AcDbArc
 50
269.9999999996743
 51
359.999999997883
  0
LINE
  5
2B1
330
70
100
AcDbEntity
  8
W-S-A v1_4_ANYTOOL_CUTTHROUGH_OUTSI
100
AcDbLine
 10
-84.21125423757708
 20
-22.50000001284647
 30
0.0
 11
-84.31625423757743
 21
-22.50000001284647
 31
0.0
  0
LINE
  5
2B2
330
70
100
AcDbEntity
  8
W-S-A v1_4_ANYTOOL_CUTTHROUGH_OUTSI
100
AcDbLine
 10
-84.43875423757834
 20
-28.06500001284716
 30
0.0
 11
-84.31875423757835
 21
-28.06500001284627
 31
0.0
  0
LINE
  5
2B3
330
70
100
AcDbEntity
  8
W-S-A v1_4_ANYTOOL_CUTTHROUGH_OUTSI
100
AcDbLine
 10
-85.11085572163338
 20
-28.29116196064038
 30
0.0
 11
-85.11316986404528
 21
-28.30500001284982
 31
0.0
  0
LINE
  5
2B4
330
70
100
AcDbEntity
  8
W-S-A v1_4_ANYTOOL_CUTTHROUGH_OUTSI
100
AcDbLine
 10
-83.4550922897872
 20
-25.59586852880134
 30
0.0
 11
-83.93792836151604
 21
-25.76485965874568
 31
0.0
  0
LINE
  5
2B5
330
70
100
AcDbEntity
  8
W-S-A v1_4_ANYTOOL_CUTTHROUGH_OUTSI
100
AcDbLine
 10
-83.93792836151604
 20
-24.86014036696373
 30
0.0
 11
-83.4550922897872
 21
-25.02913149690821
 31
0.0
  0
ARC
  5
2B6
330
70
100
AcDbEntity
  8
W-S-A v1_4_ANYTOOL_CUTTHROUGH_OUTSI
100
AcDbCircle
 10
89.80875423757847
 20
-22.55750001285289
 30
0.0
 40
0.0024999999993934
210
0.0
220
0.0
230
-1.0
100
AcDbArc
 50
269.9999999882752
 51
0.000000013434663
  0
LINE
  5
2B7
330
70
100
AcDbEntity
  8
W-S-A v1_4_ANYTOOL_CUTTHROUGH_OUTSI
100
AcDbLine
 10
-85.11316986404532
 20
-22.3200000128543
 30
0.0
 11
-85.11081992395601
 21
-22.33394871485726
 31
0.0
  0
LINE
  5
2B8
330
70
100
AcDbEntity
  8
W-S-A v1_4_ANYTOOL_CUTTHROUGH_OUTSI
100
AcDbLine
 10
-84.31625423757743
 20
-22.50000001284647
 30
0.0
 11
-84.31625423757743
 21
-22.55750001284645
 31
0.0
  0
LINE
  5
2B9
330
70
100
AcDbEntity
  8
W-S-A v1_4_ANYTOOL_CUTTHROUGH_OUTSI
100
AcDbLine
 10
-83.45509228978741
 20
-26.97813149690086
 30
0.0
 11
-83.44125423757812
 21
-26.98044563931285
 31
0.0
  0
LINE
  5
2BA
330
70
100
AcDbEntity
  8
W-S-A v1_4_ANYTOOL_CUTTHROUGH_OUTSI
100
AcDbLine
 10
-87.93564388347133
 20
-22.81667413679294
 30
0.0
 11
-87.76665275352694
 21
-22.33383806506423
 31
0.0
  0
LINE
  5
2BB
330
70
100
AcDbEntity
  8
W-S-A v1_4_ANYTOOL_CUTTHROUGH_OUTSI
100
AcDbLine
 10
-89.81125423757786
 20
-22.50000001285227
 30
0.0
 11
-90.31625423757793
 21
-22.50000001285449
 31
0.0
  0
LINE
  5
2BC
330
70
100
AcDbEntity
  8
W-S-A v1_4_ANYTOOL_CUTTHROUGH_OUTSI
100
AcDbLine
 10
-89.19125423757776
 20
-22.32000001320093
 30
0.0
 11
-89.6862542375778
 21
-22.32000001353849
 31
0.0
  0
LINE
  5
2BD
330
70
100
AcDbEntity
  8
W-S-A v1_4_ANYTOOL_CUTTHROUGH_OUTSI
100
AcDbLine
 10
-86.81625423758019
 20
-22.55750001285464
 30
0.0
 11
-86.81625423758017
 21
-22.32000001285489
 31
0.0
  0
LINE
  5
2BE
330
70
100
AcDbEntity
  8
W-S-A v1_4_ANYTOOL_CUTTHROUGH_OUTSI
100
AcDbLine
 10
-91.00422423758022
 20
-22.8800000128538
 30
0.0
 11
-91.78422423757977
 21
-22.8800000128538
 31
0.0
  0
LINE
  5
2BF
330
70
100
AcDbEntity
  8
W-S-A v1_4_ANYTOOL_CUTTHROUGH_OUTSI
100
AcDbLine
 10
-87.07027831823301
 20
-22.87561178167103
 30
0.0
 11
-87.09328423758062
 21
-22.88000001285471
 31
0.0
  0
LINE
  5
2C0
330
70
100
AcDbEntity
  8
W-S-A v1_4_ANYTOOL_CUTTHROUGH_OUTSI
100
AcDbLine
 10
-84.94186459168892
 20
-27.80832588891164
 30
0.0
 11
-85.11085572163338
 21
-28.29116196064038
 31
0.0
  0
LINE
  5
2C1
330
70
100
AcDbEntity
  8
W-S-A v1_4_ANYTOOL_CUTTHROUGH_OUTSI
100
AcDbLine
 10
-90.44125423757796
 20
-22.55750001285304
 30
0.0
 11
-90.44125423757799
 21
-22.32000001285313
 31
0.0
  0
LINE
  5
2C2
330
70
100
AcDbEntity
  8
W-S-A v1_4_ANYTOOL_CUTTHROUGH_OUTSI
100
AcDbLine
 10
-89.6887542375779
 20
-22.56000001285332
 30
0.0
 11
-89.80875423757796
 21
-22.56000001285228
 31
0.0
  0
ARC
  5
2C3
330
70
100
AcDbEntity
  8
W-S-A v1_4_ANYTOOL_CUTTHROUGH_OUTSI
100
AcDbCircle
 10
-83.49875423757779
 20
-22.61904438536681
 30
0.0
 40
0.0575000000002833
100
AcDbArc
 50
289.4712206347318
 51
359.9999999999009
  0
LINE
  5
2C4
330
70
100
AcDbEntity
  8
W-S-A v1_4_ANYTOOL_CUTTHROUGH_OUTSI
100
AcDbLine
 10
-83.44125423757825
 20
-27.66654438536293
 30
0.0
 11
-83.44125423757802
 21
-27.54255438638217
 31
0.0
  0
LINE
  5
2C5
330
70
100
AcDbEntity
  8
W-S-A v1_4_ANYTOOL_CUTTHROUGH_OUTSI
100
AcDbLine
 10
-84.31875423757743
 20
-22.56000001284623
 30
0.0
 11
-84.43875423757736
 21
-22.56000001284713
 31
0.0
  0
LINE
  5
2C6
330
70
100
AcDbEntity
  8
W-S-A v1_4_ANYTOOL_CUTTHROUGH_OUTSI
100
AcDbLine
 10
-84.00125423757783
 20
-23.75350001285146
 30
0.0
 11
-84.00125423757783
 21
-22.97350001285192
 31
0.0
  0
LINE
  5
2C7
330
70
100
AcDbEntity
  8
W-S-A v1_4_ANYTOOL_CUTTHROUGH_OUTSI
100
AcDbLine
 10
-86.1862542375802
 20
-28.12500001284538
 30
0.0
 11
-86.1862542375802
 21
-28.06750001284533
 31
0.0
  0
LINE
  5
2C8
330
70
100
AcDbEntity
  8
W-S-A v1_4_ANYTOOL_CUTTHROUGH_OUTSI
100
AcDbLine
 10
-87.20222986404573
 20
-28.30500001285004
 30
0.0
 11
-86.81625423758021
 21
-28.30500001284989
 31
0.0
  0
LINE
  5
2C9
330
70
100
AcDbEntity
  8
W-S-A v1_4_ANYTOOL_CUTTHROUGH_OUTSI
100
AcDbLine
 10
-84.0862542375776
 20
-28.06750001284787
 30
0.0
 11
-84.0862542375774
 21
-28.3050000128482
 31
0.0
  0
ARC
  5
2CA
330
70
100
AcDbEntity
  8
W-S-A v1_4_ANYTOOL_CUTTHROUGH_OUTSI
100
AcDbCircle
 10
83.93898047892177
 20
-26.87140530921884
 30
0.0
 40
0.062273830667167
210
0.0
220
0.0
230
-1.0
100
AcDbArc
 50
359.9128667647549
 51
90.96805920624911
  0
ARC
  5
2CB
330
70
100
AcDbEntity
  8
W-S-A v1_4_ANYTOOL_CUTTHROUGH_OUTSI
100
AcDbCircle
 10
84.08875423757715
 20
-28.06750001284746
 30
0.0
 40
0.0024999999995618
210
0.0
220
0.0
230
-1.0
100
AcDbArc
 50
89.99999999153208
 51
180.0000000094449
  0
LINE
  5
2CC
330
70
100
AcDbEntity
  8
W-S-A v1_4_ANYTOOL_CUTTHROUGH_OUTSI
100
AcDbLine
 10
-83.4412542375775
 20
-22.50000001284989
 30
0.0
 11
-83.71625423757686
 21
-22.50000001284662
 31
0.0
  0
LINE
  5
2CD
330
70
100
AcDbEntity
  8
W-S-A v1_4_ANYTOOL_CUTTHROUGH_OUTSI
100
AcDbLine
 10
-85.84658388347092
 20
-22.81667413679253
 30
0.0
 11
-85.67759275352651
 21
-22.33383806506362
 31
0.0
  0
LINE
  5
2CE
330
70
100
AcDbEntity
  8
W-S-A v1_4_ANYTOOL_CUTTHROUGH_OUTSI
100
AcDbLine
 10
-87.87328423758017
 20
-27.74500001284986
 30
0.0
 11
-87.09328423758064
 21
-27.74500001285001
 31
0.0
  0
LINE
  5
2CF
330
70
100
AcDbEntity
  8
W-S-A v1_4_ANYTOOL_CUTTHROUGH_OUTSI
100
AcDbLine
 10
-85.84672423757989
 20
-27.80750001284977
 30
0.0
 11
-85.8423360063964
 21
-27.78449409350197
 31
0.0
  0
LINE
  5
2D0
330
70
100
AcDbEntity
  8
W-S-A v1_4_ANYTOOL_CUTTHROUGH_OUTSI
100
AcDbLine
 10
-83.45509228978718
 20
-23.08013149690507
 30
0.0
 11
-83.44125423757771
 21
-23.08244563931693
 31
0.0
  0
LINE
  5
2D1
330
70
100
AcDbEntity
  8
W-S-A v1_4_ANYTOOL_CUTTHROUGH_OUTSI
100
AcDbLine
 10
-83.9379283615162
 20
-26.80914036695654
 30
0.0
 11
-83.45509228978741
 21
-26.97813149690086
 31
0.0
  0
ARC
  5
2D2
330
70
100
AcDbEntity
  8
W-S-A v1_4_ANYTOOL_CUTTHROUGH_OUTSI
100
AcDbCircle
 10
84.31875423757849
 20
-28.06750001284649
 30
0.0
 40
0.0025000000002233
210
0.0
220
0.0
230
-1.0
100
AcDbArc
 50
90.00000000325689
 51
179.9999999910435
  0
LINE
  5
2D3
330
70
100
AcDbEntity
  8
W-S-A v1_4_ANYTOOL_CUTTHROUGH_OUTSI
100
AcDbLine
 10
-84.0862542375774
 20
-28.3050000128482
 30
0.0
 11
-83.8412542375774
 21
-28.3050000128482
 31
0.0
  0
ARC
  5
2D4
330
70
100
AcDbEntity
  8
W-S-A v1_4_ANYTOOL_CUTTHROUGH_OUTSI
100
AcDbCircle
 10
88.55875423757806
 20
-22.55750001285273
 30
0.0
 40
0.0024999999998467
210
0.0
220
0.0
230
-1.0
100
AcDbArc
 50
269.9999999960917
 51
359.9999999996743
  0
LINE
  5
2D5
330
70
100
AcDbEntity
  8
W-S-A v1_4_ANYTOOL_CUTTHROUGH_OUTSI
100
AcDbLine
 10
-85.8423360063964
 20
-27.78449409350197
 30
0.0
 11
-85.82841841140412
 21
-27.7633058390253
 31
0.0
  0
LINE
  5
2D6
330
70
100
AcDbEntity
  8
W-S-A v1_4_ANYTOOL_CUTTHROUGH_OUTSI
100
AcDbLine
 10
-86.81625423758021
 20
-28.30500001284989
 30
0.0
 11
-86.81625423758021
 21
-28.06750001284548
 31
0.0
  0
LINE
  5
2D7
330
70
100
AcDbEntity
  8
W-S-A v1_4_ANYTOOL_CUTTHROUGH_OUTSI
100
AcDbLine
 10
-84.21125423757708
 20
-22.5575000128463
 30
0.0
 11
-84.21125423757708
 21
-22.50000001284647
 31
0.0
  0
LINE
  5
2D8
330
70
100
AcDbEntity
  8
W-S-A v1_4_ANYTOOL_CUTTHROUGH_OUTSI
100
AcDbLine
 10
-86.18375423758019
 20
-28.06500001284535
 30
0.0
 11
-86.06375423758017
 21
-28.06500001284535
 31
0.0
  0
LINE
  5
2D9
330
70
100
AcDbEntity
  8
W-S-A v1_4_ANYTOOL_CUTTHROUGH_OUTSI
100
AcDbLine
 10
-84.9461124687637
 20
-22.84050593220198
 30
0.0
 11
-84.96003006375602
 21
-22.86169418667846
 31
0.0
  0
LINE
  5
2DA
330
70
100
AcDbEntity
  8
W-S-A v1_4_ANYTOOL_CUTTHROUGH_OUTSI
100
AcDbLine
 10
-86.81375423758016
 20
-28.0650000128455
 30
0.0
 11
-86.69375423758017
 21
-28.0650000128455
 31
0.0
  0
ARC
  5
2DB
330
70
100
AcDbEntity
  8
W-S-A v1_4_ANYTOOL_CUTTHROUGH_OUTSI
100
AcDbCircle
 10
87.09318953395166
 20
-27.80727377150622
 30
0.0
 40
0.0622738306670568
210
0.0
220
0.0
230
-1.0
100
AcDbArc
 50
89.91286676478088
 51
180.9680592065221
  0
LINE
  5
2DC
330
70
100
AcDbEntity
  8
W-S-A v1_4_ANYTOOL_CUTTHROUGH_OUTSI
100
AcDbLine
 10
-83.71625423757729
 20
-28.06750001284861
 30
0.0
 11
-83.7162542375773
 21
-28.12500001284867
 31
0.0
  0
LINE
  5
2DD
330
70
100
AcDbEntity
  8
W-S-A v1_4_ANYTOOL_CUTTHROUGH_OUTSI
100
AcDbLine
 10
-83.45520293958088
 20
-23.64690432647574
 30
0.0
 11
-83.93875423757775
 21
-23.81600001285149
 31
0.0
  0
ARC
  5
2DE
330
70
100
AcDbEntity
  8
W-S-A v1_4_ANYTOOL_CUTTHROUGH_OUTSI
100
AcDbCircle
 10
90.43875423757782
 20
-22.55750001285303
 30
0.0
 40
0.0025000000001391
210
0.0
220
0.0
230
-1.0
100
AcDbArc
 50
270.0000000019541
 51
359.9999999998372
  0
LINE
  5
2DF
330
70
100
AcDbEntity
  8
W-S-A v1_4_ANYTOOL_CUTTHROUGH_OUTSI
100
AcDbLine
 10
-89.06625423757773
 20
-22.50000001285227
 30
0.0
 11
-89.06625423757766
 21
-22.5575000128523
 31
0.0
  0
LINE
  5
2E0
330
70
100
AcDbEntity
  8
W-S-A v1_4_ANYTOOL_CUTTHROUGH_OUTSI
100
AcDbLine
 10
-83.4412542375778
 20
-23.6445543863863
 30
0.0
 11
-83.45520293958088
 21
-23.64690432647574
 31
0.0
  0
LINE
  5
2E1
330
70
100
AcDbEntity
  8
W-S-A v1_4_ANYTOOL_CUTTHROUGH_OUTSI
100
AcDbLine
 10
-84.44125423757739
 20
-22.55750001284719
 30
0.0
 11
-84.44125423757755
 21
-22.32000001284688
 31
0.0
  0
LINE
  5
2E2
330
70
100
AcDbEntity
  8
W-S-A v1_4_ANYTOOL_CUTTHROUGH_OUTSI
100
AcDbLine
 10
-83.71625423757686
 20
-22.50000001284662
 30
0.0
 11
-83.71625423757686
 21
-22.5575000128466
 31
0.0
  0
ARC
  5
2E3
330
70
100
AcDbEntity
  8
W-S-A v1_4_ANYTOOL_CUTTHROUGH_OUTSI
100
AcDbCircle
 10
84.31875423757764
 20
-22.55750001284603
 30
0.0
 40
0.0025000000002066
210
0.0
220
0.0
230
-1.0
100
AcDbArc
 50
180.0000000096078
 51
269.999999994789
  0
LINE
  5
2E4
330
70
100
AcDbEntity
  8
W-S-A v1_4_ANYTOOL_CUTTHROUGH_OUTSI
100
AcDbLine
 10
-87.89629015692785
 20
-27.74938824403351
 30
0.0
 11
-87.87328423758017
 21
-27.74500001284986
 31
0.0
  0
LINE
  5
2E5
330
70
100
AcDbEntity
  8
W-S-A v1_4_ANYTOOL_CUTTHROUGH_OUTSI
100
AcDbLine
 10
-84.94172423757998
 20
-22.81750001285438
 30
0.0
 11
-84.9461124687637
 21
-22.84050593220198
 31
0.0
  0
LINE
  5
2E6
330
70
100
AcDbEntity
  8
W-S-A v1_4_ANYTOOL_CUTTHROUGH_OUTSI
100
AcDbLine
 10
-83.4550922897872
 20
-25.02913149690821
 30
0.0
 11
-83.44125423757787
 21
-25.03144563931642
 31
0.0
  0
LINE
  5
2E7
330
70
100
AcDbEntity
  8
W-S-A v1_4_ANYTOOL_CUTTHROUGH_OUTSI
100
AcDbLine
 10
-84.20875423757756
 20
-28.06500001284893
 30
0.0
 11
-84.08875423757754
 21
-28.06500001284789
 31
0.0
  0
LINE
  5
2E8
330
70
100
AcDbEntity
  8
W-S-A v1_4_ANYTOOL_CUTTHROUGH_OUTSI
100
AcDbLine
 10
-83.93875423757775
 20
-23.81600001285149
 30
0.0
 11
-83.96176015692544
 21
-23.81161178166795
 31
0.0
  0
LINE
  5
2E9
330
70
100
AcDbEntity
  8
W-S-A v1_4_ANYTOOL_CUTTHROUGH_OUTSI
100
AcDbLine
 10
-90.98121831823256
 20
-22.87561178167025
 30
0.0
 11
-91.00422423758022
 21
-22.8800000128538
 31
0.0
  0
ARC
  5
2EA
330
70
100
AcDbEntity
  8
W-S-A v1_4_ANYTOOL_CUTTHROUGH_OUTSI
100
AcDbCircle
 10
95.18875423757769
 20
-22.55750001285276
 30
0.0
 40
0.0025000000000411
210
0.0
220
0.0
230
-1.0
100
AcDbArc
 50
269.9999999990229
 51
0.0
  0
LINE
  5
2EB
330
70
100
AcDbEntity
  8
W-S-A v1_4_ANYTOOL_CUTTHROUGH_OUTSI
100
AcDbLine
 10
-88.43625423757794
 20
-22.32000001285283
 30
0.0
 11
-88.43625423757794
 21
-22.55750001285274
 31
0.0
  0
LINE
  5
2EC
330
70
100
AcDbEntity
  8
W-S-A v1_4_ANYTOOL_CUTTHROUGH_OUTSI
100
AcDbLine
 10
-87.20222986404577
 20
-22.32000001285504
 30
0.0
 11
-87.19987992395639
 21
-22.33394871485789
 31
0.0
  0
LINE
  5
2ED
330
70
100
AcDbEntity
  8
W-S-A v1_4_ANYTOOL_CUTTHROUGH_OUTSI
100
AcDbLine
 10
-87.03517246876415
 20
-22.84050593220235
 30
0.0
 11
-87.04909006375649
 21
-22.8616941866788
 31
0.0
  0
LINE
  5
2EE
330
70
100
AcDbEntity
  8
W-S-A v1_4_ANYTOOL_CUTTHROUGH_OUTSI
100
AcDbLine
 10
-90.96003006375596
 20
-22.86169418667803
 30
0.0
 11
-90.98121831823256
 21
-22.87561178167025
 31
0.0
  0
LINE
  5
2EF
330
70
100
AcDbEntity
  8
W-S-A v1_4_ANYTOOL_CUTTHROUGH_OUTSI
100
AcDbLine
 10
-84.08625423757694
 20
-22.32000001284688
 30
0.0
 11
-84.0862542375771
 21
-22.55750001284719
 31
0.0
  0
LINE
  5
2F0
330
70
100
AcDbEntity
  8
W-S-A v1_4_ANYTOOL_CUTTHROUGH_OUTSI
100
AcDbLine
 10
-91.84658388347095
 20
-22.81667413679196
 30
0.0
 11
-91.67759275352654
 21
-22.33383806506322
 31
0.0
  0
LINE
  5
2F1
330
70
100
AcDbEntity
  8
W-S-A v1_4_ANYTOOL_CUTTHROUGH_OUTSI
100
AcDbLine
 10
-84.00125423757783
 20
-25.70250001285442
 30
0.0
 11
-84.00125423757787
 21
-24.922500012855
 31
0.0
  0
LINE
  5
2F2
330
70
100
AcDbEntity
  8
W-S-A v1_4_ANYTOOL_CUTTHROUGH_OUTSI
100
AcDbLine
 10
-86.81625423758017
 20
-22.32000001285489
 30
0.0
 11
-87.20222986404577
 21
-22.32000001285504
 31
0.0
  0
LINE
  5
2F3
330
70
100
AcDbEntity
  8
W-S-A v1_4_ANYTOOL_CUTTHROUGH_OUTSI
100
AcDbLine
 10
-83.44125423757787
 20
-25.03144563931642
 30
0.0
 11
-83.4412542375778
 21
-23.6445543863863
 31
0.0
  0
ARC
  5
2F4
330
70
100
AcDbEntity
  8
W-S-A v1_4_ANYTOOL_CUTTHROUGH_OUTSI
100
AcDbCircle
 10
84.08875423757708
 20
-22.55750001284713
 30
0.0
 40
0.0024999999999935
210
0.0
220
0.0
230
-1.0
100
AcDbArc
 50
180.0000000013841
 51
269.9999999993486
  0
ARC
  5
2F5
330
70
100
AcDbEntity
  8
W-S-A v1_4_ANYTOOL_CUTTHROUGH_OUTSI
100
AcDbCircle
 10
87.87337894120833
 20
-22.81772625419785
 30
0.0
 40
0.0622738306678479
210
0.0
220
0.0
230
-1.0
100
AcDbArc
 50
269.9128667654881
 51
0.9680592056467336
  0
LINE
  5
2F6
330
70
100
AcDbEntity
  8
W-S-A v1_4_ANYTOOL_CUTTHROUGH_OUTSI
100
AcDbLine
 10
-87.04909006375649
 20
-22.8616941866788
 30
0.0
 11
-87.07027831823301
 21
-22.87561178167103
 31
0.0
  0
ARC
  5
2F7
330
70
100
AcDbEntity
  8
W-S-A v1_4_ANYTOOL_CUTTHROUGH_OUTSI
100
AcDbCircle
 10
88.43875423757751
 20
-22.55750001285329
 30
0.0
 40
0.0024999999995771
210
0.0
220
0.0
230
-1.0
100
AcDbArc
 50
179.9999999872981
 51
270.0000000100963
  0
ARC
  5
2F8
330
70
100
AcDbEntity
  8
W-S-A v1_4_ANYTOOL_CUTTHROUGH_OUTSI
100
AcDbCircle
 10
85.78431894120832
 20
-22.81772625419758
 30
0.0
 40
0.0622738306674435
210
0.0
220
0.0
230
-1.0
100
AcDbArc
 50
269.9128667651344
 51
0.968059205774065
  0
LINE
  5
2F9
330
70
100
AcDbEntity
  8
W-S-A v1_4_ANYTOOL_CUTTHROUGH_OUTSI
100
AcDbLine
 10
-92.81625423758038
 20
-22.55750001285425
 30
0.0
 11
-92.81625423758024
 21
-22.32000001285433
 31
0.0
  0
ARC
  5
2FA
330
70
100
AcDbEntity
  8
W-S-A v1_4_ANYTOOL_CUTTHROUGH_OUTSI
100
AcDbCircle
 10
-83.49875423757763
 20
-22.95845564033665
 30
0.0
 40
0.0574999999999903
100
AcDbArc
 50
0.0000000000637217
 51
70.52877936555397
  0
ARC
  5
2FB
330
70
100
AcDbEntity
  8
W-S-A v1_4_ANYTOOL_CUTTHROUGH_OUTSI
100
AcDbCircle
 10
89.0687542375773
 20
-22.55750001285262
 30
0.0
 40
0.002499999999651
210
0.0
220
0.0
230
-1.0
100
AcDbArc
 50
179.9999999924277
 51
270.0000000074908
  0
ARC
  5
2FC
330
70
100
AcDbEntity
  8
W-S-A v1_4_ANYTOOL_CUTTHROUGH_OUTSI
100
AcDbCircle
 10
91.78431894120841
 20
-22.81772625419724
 30
0.0
 40
0.0622738306674038
210
0.0
220
0.0
230
-1.0
100
AcDbArc
 50
269.912866765056
 51
0.9680592059838957
  0
LINE
  5
2FD
330
70
100
AcDbEntity
  8
W-S-A v1_4_ANYTOOL_CUTTHROUGH_OUTSI
100
AcDbLine
 10
-89.6862542375778
 20
-22.32000001353849
 30
0.0
 11
-89.68625423757796
 21
-22.55750001285304
 31
0.0
  0
LINE
  5
2FE
330
70
100
AcDbEntity
  8
W-S-A v1_4_ANYTOOL_CUTTHROUGH_OUTSI
100
AcDbLine
 10
-90.94611246876366
 20
-22.84050593220146
 30
0.0
 11
-90.96003006375596
 21
-22.86169418667803
 31
0.0
  0
LINE
  5
2FF
330
70
100
AcDbEntity
  8
W-S-A v1_4_ANYTOOL_CUTTHROUGH_OUTSI
100
AcDbLine
 10
-90.31875423757796
 20
-22.56000001285213
 30
0.0
 11
-90.43875423757791
 21
-22.56000001285316
 31
0.0
  0
LINE
  5
300
330
70
100
AcDbEntity
  8
W-S-A v1_4_ANYTOOL_CUTTHROUGH_OUTSI
100
AcDbLine
 10
-83.99686600639432
 20
-23.7765059321991
 30
0.0
 11
-84.00125423757783
 21
-23.75350001285146
 31
0.0
  0
LINE
  5
301
330
70
100
AcDbEntity
  8
W-S-A v1_4_ANYTOOL_CUTTHROUGH_OUTSI
100
AcDbLine
 10
-94.56125423757802
 20
-22.50000001285459
 30
0.0
 11
-95.06625423757778
 21
-22.50000001285192
 31
0.0
  0
ARC
  5
302
330
70
100
AcDbEntity
  8
W-S-A v1_4_ANYTOOL_CUTTHROUGH_OUTSI
100
AcDbCircle
 10
83.71875423757657
 20
-22.55750001284653
 30
0.0
 40
0.0024999999997064
210
0.0
220
0.0
230
-1.0
100
AcDbArc
 50
180.000000001547
 51
270.0000000045597
  0
ARC
  5
303
330
70
100
AcDbEntity
  8
W-S-A v1_4_ANYTOOL_CUTTHROUGH_OUTSI
100
AcDbCircle
 10
89.18875423757757
 20
-22.55750001285309
 30
0.0
 40
0.002500000000077
210
0.0
220
0.0
230
-1.0
100
AcDbArc
 50
270.0000000022798
 51
0.000000001221333
  0
LINE
  5
304
330
70
100
AcDbEntity
  8
W-S-A v1_4_ANYTOOL_CUTTHROUGH_OUTSI
100
AcDbLine
 10
-87.09328423758062
 20
-22.88000001285471
 30
0.0
 11
-87.87328423758014
 21
-22.88000001285486
 31
0.0
  0
LINE
  5
305
330
70
100
AcDbEntity
  8
W-S-A v1_4_ANYTOOL_CUTTHROUGH_OUTSI
100
AcDbLine
 10
-84.96003006375602
 20
-22.86169418667846
 30
0.0
 11
-84.9812183182326
 21
-22.87561178167063
 31
0.0
  0
LINE
  5
306
330
70
100
AcDbEntity
  8
W-S-A v1_4_ANYTOOL_CUTTHROUGH_OUTSI
100
AcDbLine
 10
-87.19987992395639
 20
-22.33394871485789
 30
0.0
 11
-87.03078423758034
 21
-22.81750001285477
 31
0.0
  0
ARC
  5
307
330
70
100
AcDbEntity
  8
W-S-A v1_4_ANYTOOL_CUTTHROUGH_OUTSI
100
AcDbCircle
 10
86.81375423758021
 20
-22.55750001285477
 30
0.0
 40
0.0024999999999935
210
0.0
220
0.0
230
-1.0
100
AcDbArc
 50
270.0000000003257
 51
0.0000000030940436
  0
LINE
  5
308
330
70
100
AcDbEntity
  8
W-S-A v1_4_ANYTOOL_CUTTHROUGH_OUTSI
100
AcDbLine
 10
-88.56125423757791
 20
-22.55750001285274
 30
0.0
 11
-88.56125423757795
 21
-22.50000001285479
 31
0.0
  0
LINE
  5
309
330
70
100
AcDbEntity
  8
W-S-A v1_4_ANYTOOL_CUTTHROUGH_OUTSI
100
AcDbLine
 10
-86.18625423758018
 20
-22.50000001285465
 30
0.0
 11
-86.69125423758016
 21
-22.50000001285465
 31
0.0
  0
ARC
  5
30A
330
70
100
AcDbEntity
  8
W-S-A v1_4_ANYTOOL_CUTTHROUGH_OUTSI
100
AcDbCircle
 10
96.3187542375779
 20
-22.55750001285205
 30
0.0
 40
0.002499999999862
210
0.0
220
0.0
230
-1.0
100
AcDbArc
 50
179.9999999958474
 51
270.0000000016284
  0
ARC
  5
30B
330
70
100
AcDbEntity
  8
W-S-A v1_4_ANYTOOL_CUTTHROUGH_OUTSI
100
AcDbCircle
 10
94.43875423757813
 20
-22.55750001285251
 30
0.0
 40
0.0025000000001389
210
0.0
220
0.0
230
-1.0
100
AcDbArc
 50
179.9999999988601
 51
269.9999999967431
  0
LINE
  5
30C
330
70
100
AcDbEntity
  8
W-S-A v1_4_ANYTOOL_CUTTHROUGH_OUTSI
100
AcDbLine
 10
-93.04909006375646
 20
-22.86169418667848
 30
0.0
 11
-93.07027831823301
 21
-22.87561178167074
 31
0.0
  0
ARC
  5
30D
330
70
100
AcDbEntity
  8
W-S-A v1_4_ANYTOOL_CUTTHROUGH_OUTSI
100
AcDbCircle
 10
90.31875423757838
 20
-22.55750001285168
 30
0.0
 40
0.0025000000004432
210
0.0
220
0.0
230
-1.0
100
AcDbArc
 50
180.0000000140046
 51
269.9999999902293
  0
LINE
  5
30E
330
70
100
AcDbEntity
  8
W-S-A v1_4_ANYTOOL_CUTTHROUGH_OUTSI
100
AcDbLine
 10
-90.94172423758003
 20
-22.81750001285379
 30
0.0
 11
-90.94611246876366
 21
-22.84050593220146
 31
0.0
  0
ARC
  5
30F
330
70
100
AcDbEntity
  8
W-S-A v1_4_ANYTOOL_CUTTHROUGH_OUTSI
100
AcDbCircle
 10
83.93898047892161
 20
-22.97340530922282
 30
0.0
 40
0.0622738306670677
210
0.0
220
0.0
230
-1.0
100
AcDbArc
 50
359.9128667646534
 51
90.96805920626374
  0
LINE
  5
310
330
70
100
AcDbEntity
  8
W-S-A v1_4_ANYTOOL_CUTTHROUGH_OUTSI
100
AcDbLine
 10
-87.76433861111499
 20
-22.32000001285476
 30
0.0
 11
-88.43625423757794
 21
-22.32000001285283
 31
0.0
  0
LINE
  5
311
330
70
100
AcDbEntity
  8
W-S-A v1_4_ANYTOOL_CUTTHROUGH_OUTSI
100
AcDbLine
 10
-94.56125423757809
 20
-22.55750001285216
 30
0.0
 11
-94.56125423757802
 21
-22.50000001285459
 31
0.0
  0
LINE
  5
312
330
70
100
AcDbEntity
  8
W-S-A v1_4_ANYTOOL_CUTTHROUGH_OUTSI
100
AcDbLine
 10
-95.06875423757767
 20
-22.56000001285191
 30
0.0
 11
-95.18875423757766
 21
-22.5600000128528
 31
0.0
  0
LINE
  5
313
330
70
100
AcDbEntity
  8
W-S-A v1_4_ANYTOOL_CUTTHROUGH_OUTSI
100
AcDbLine
 10
-89.06875423757766
 20
-22.56000001285228
 30
0.0
 11
-89.18875423757766
 21
-22.56000001285316
 31
0.0
  0
LINE
  5
314
330
70
100
AcDbEntity
  8
W-S-A v1_4_ANYTOOL_CUTTHROUGH_OUTSI
100
AcDbLine
 10
-88.43875423757795
 20
-22.56000001285287
 30
0.0
 11
-88.5587542375779
 21
-22.56000001285257
 31
0.0
  0
LINE
  5
315
330
70
100
AcDbEntity
  8
W-S-A v1_4_ANYTOOL_CUTTHROUGH_OUTSI
100
AcDbLine
 10
-86.18625423758018
 20
-22.55750001285464
 30
0.0
 11
-86.18625423758018
 21
-22.50000001285465
 31
0.0
  0
ARC
  5
316
330
70
100
AcDbEntity
  8
W-S-A v1_4_ANYTOOL_CUTTHROUGH_OUTSI
100
AcDbCircle
 10
86.18375423758033
 20
-22.55750001285492
 30
0.0
 40
0.0024999999998514
210
0.0
220
0.0
230
-1.0
100
AcDbArc
 50
269.9999999977202
 51
0.0000000063509316
  0
LINE
  5
317
330
70
100
AcDbEntity
  8
W-S-A v1_4_ANYTOOL_CUTTHROUGH_OUTSI
100
AcDbLine
 10
-87.76665275352694
 20
-22.33383806506423
 30
0.0
 11
-87.76433861111499
 21
-22.32000001285476
 31
0.0
  0
LINE
  5
318
330
70
100
AcDbEntity
  8
W-S-A v1_4_ANYTOOL_CUTTHROUGH_OUTSI
100
AcDbLine
 10
-83.93875423757789
 20
-24.86000001285471
 30
0.0
 11
-83.93792836151604
 21
-24.86014036696373
 31
0.0
  0
LINE
  5
319
330
70
100
AcDbEntity
  8
W-S-A v1_4_ANYTOOL_CUTTHROUGH_OUTSI
100
AcDbLine
 10
-90.31625423757793
 20
-22.50000001285449
 30
0.0
 11
-90.31625423757793
 21
-22.5575000128523
 31
0.0
  0
LINE
  5
31A
330
70
100
AcDbEntity
  8
W-S-A v1_4_ANYTOOL_CUTTHROUGH_OUTSI
100
AcDbLine
 10
-89.19125423757765
 20
-22.55750001285304
 30
0.0
 11
-89.19125423757776
 21
-22.32000001320093
 31
0.0
  0
LINE
  5
31B
330
70
100
AcDbEntity
  8
W-S-A v1_4_ANYTOOL_CUTTHROUGH_OUTSI
100
AcDbLine
 10
-86.06125423758017
 20
-22.32000001285489
 30
0.0
 11
-86.06125423758021
 21
-22.55750001285464
 31
0.0
  0
LINE
  5
31C
330
70
100
AcDbEntity
  8
W-S-A v1_4_ANYTOOL_CUTTHROUGH_OUTSI
100
AcDbLine
 10
-83.71875423757677
 20
-22.56000001284623
 30
0.0
 11
-83.8387542375767
 21
-22.56000001284727
 31
0.0
  0
ARC
  5
31D
330
70
100
AcDbEntity
  8
W-S-A v1_4_ANYTOOL_CUTTHROUGH_OUTSI
100
AcDbCircle
 10
86.06375423758027
 20
-22.55750001285471
 30
0.0
 40
0.0025000000000588
210
0.0
220
0.0
230
-1.0
100
AcDbArc
 50
179.9999999983715
 51
269.9999999973945
  0
LINE
  5
31E
330
70
100
AcDbEntity
  8
W-S-A v1_4_ANYTOOL_CUTTHROUGH_OUTSI
100
AcDbLine
 10
-84.9812183182326
 20
-22.87561178167063
 30
0.0
 11
-85.00422423758022
 21
-22.88000001285418
 31
0.0
  0
LINE
  5
31F
330
70
100
AcDbEntity
  8
W-S-A v1_4_ANYTOOL_CUTTHROUGH_OUTSI
100
AcDbLine
 10
-89.81125423757786
 20
-22.5575000128523
 30
0.0
 11
-89.81125423757786
 21
-22.50000001285227
 31
0.0
  0
ARC
  5
320
330
70
100
AcDbEntity
  8
W-S-A v1_4_ANYTOOL_CUTTHROUGH_OUTSI
100
AcDbCircle
 10
89.68875423757816
 20
-22.5575000128531
 30
0.0
 40
0.002500000000213
210
0.0
220
0.0
230
-1.0
100
AcDbArc
 50
179.9999999985344
 51
269.9999999938119
  0
ARC
  5
321
330
70
100
AcDbEntity
  8
W-S-A v1_4_ANYTOOL_CUTTHROUGH_OUTSI
100
AcDbCircle
 10
86.69375423758028
 20
-22.55750001285471
 30
0.0
 40
0.0025000000000588
210
0.0
220
0.0
230
-1.0
100
AcDbArc
 50
179.9999999983715
 51
269.9999999990229
  0
ARC
  5
322
330
70
100
AcDbEntity
  8
W-S-A v1_4_ANYTOOL_CUTTHROUGH_OUTSI
100
AcDbCircle
 10
83.93875423757787
 20
-25.70250001285473
 30
0.0
 40
0.0624999999999738
210
0.0
220
0.0
230
-1.0
100
AcDbArc
 50
270.000000000013
 51
0.000000000289863
  0
ARC
  5
323
330
70
100
AcDbEntity
  8
W-S-A v1_4_ANYTOOL_CUTTHROUGH_OUTSI
100
AcDbCircle
 10
92.18375423757999
 20
-22.55750001285398
 30
0.0
 40
0.0025000000002908
210
0.0
220
0.0
230
-1.0
100
AcDbArc
 50
270.0000000068395
 51
359.9999999938933
  0
LINE
  5
324
330
70
100
AcDbEntity
  8
W-S-A v1_4_ANYTOOL_CUTTHROUGH_OUTSI
100
AcDbLine
 10
-90.44125423757799
 20
-22.32000001285313
 30
0.0
 11
-91.11316986404531
 21
-22.32000001285387
 31
0.0
  0
LINE
  5
325
330
70
100
AcDbEntity
  8
W-S-A v1_4_ANYTOOL_CUTTHROUGH_OUTSI
100
AcDbLine
 10
-86.69375423758024
 20
-22.56000001285477
 30
0.0
 11
-86.81375423758023
 21
-22.56000001285477
 31
0.0
  0
LINE
  5
326
330
70
100
AcDbEntity
  8
W-S-A v1_4_ANYTOOL_CUTTHROUGH_OUTSI
100
AcDbLine
 10
-83.4412542375775
 20
-22.6190443853669
 30
0.0
 11
-83.4412542375775
 21
-22.50000001284989
 31
0.0
  0
LINE
  5
327
330
70
100
AcDbEntity
  8
W-S-A v1_4_ANYTOOL_CUTTHROUGH_OUTSI
100
AcDbLine
 10
-85.67527861111464
 20
-22.32000001285459
 30
0.0
 11
-86.06125423758017
 21
-22.32000001285489
 31
0.0
  0
LINE
  5
328
330
70
100
AcDbEntity
  8
W-S-A v1_4_ANYTOOL_CUTTHROUGH_OUTSI
100
AcDbLine
 10
-91.11316986404531
 20
-22.32000001285387
 30
0.0
 11
-91.11081992395602
 21
-22.33394871485691
 31
0.0
  0
LINE
  5
329
330
70
100
AcDbEntity
  8
W-S-A v1_4_ANYTOOL_CUTTHROUGH_OUTSI
100
AcDbLine
 10
-85.67759275352651
 20
-22.33383806506362
 30
0.0
 11
-85.67527861111464
 21
-22.32000001285459
 31
0.0
  0
LINE
  5
32A
330
70
100
AcDbEntity
  8
W-S-A v1_4_ANYTOOL_CUTTHROUGH_OUTSI
100
AcDbLine
 10
-98.85792470853317
 20
-25.9143756105735
 30
0.0
 11
-98.85634966981058
 21
-25.91302432967351
 31
0.0
  0
LINE
  5
32B
330
70
100
AcDbEntity
  8
W-S-A v1_4_ANYTOOL_CUTTHROUGH_OUTSI
100
AcDbLine
 10
-98.75049638194379
 20
-24.54743989553441
 30
0.0
 11
-98.75850549474328
 21
-24.55206253078261
 31
0.0
  0
LINE
  5
32C
330
70
100
AcDbEntity
  8
W-S-A v1_4_ANYTOOL_CUTTHROUGH_OUTSI
100
AcDbLine
 10
-98.5017727411656
 20
-26.13536193591241
 30
0.0
 11
-98.51008473062901
 21
-26.139414771418
 31
0.0
  0
LINE
  5
32D
330
70
100
AcDbEntity
  8
W-S-A v1_4_ANYTOOL_CUTTHROUGH_OUTSI
100
AcDbLine
 10
-98.65433896756796
 20
-24.51620498874831
 30
0.0
 11
-98.66349643113171
 21
-24.5174916532553
 31
0.0
  0
LINE
  5
32E
330
70
100
AcDbEntity
  8
W-S-A v1_4_ANYTOOL_CUTTHROUGH_OUTSI
100
AcDbLine
 10
-98.60818631126857
 20
-24.51459371450621
 30
0.0
 11
-98.61742809372479
 21
-24.51427106685781
 31
0.0
  0
LINE
  5
32F
330
70
100
AcDbEntity
  8
W-S-A v1_4_ANYTOOL_CUTTHROUGH_OUTSI
100
AcDbLine
 10
-98.3723709362043
 20
-25.93238246581221
 30
0.0
 11
-98.37147455173791
 21
-25.93425415006361
 31
0.0
  0
LINE
  5
330
330
70
100
AcDbEntity
  8
W-S-A v1_4_ANYTOOL_CUTTHROUGH_OUTSI
100
AcDbLine
 10
-91.67759275352654
 20
-22.33383806506322
 30
0.0
 11
-91.67527861111461
 21
-22.32000001285404
 31
0.0
  0
LINE
  5
331
330
70
100
AcDbEntity
  8
W-S-A v1_4_ANYTOOL_CUTTHROUGH_OUTSI
100
AcDbLine
 10
-91.67527861111461
 20
-22.32000001285404
 30
0.0
 11
-92.06125423758022
 21
-22.32000001285433
 31
0.0
  0
LINE
  5
332
330
70
100
AcDbEntity
  8
W-S-A v1_4_ANYTOOL_CUTTHROUGH_OUTSI
100
AcDbLine
 10
-96.31625423757803
 20
-22.50000001285429
 30
0.0
 11
-96.31625423757803
 21
-22.55750001285186
 31
0.0
  0
LINE
  5
333
330
70
100
AcDbEntity
  8
W-S-A v1_4_ANYTOOL_CUTTHROUGH_OUTSI
100
AcDbLine
 10
-98.87346016932351
 20
-25.9361557139811
 30
0.0
 11
-98.8726290485647
 21
-25.9342541500635
 31
0.0
  0
LINE
  5
334
330
70
100
AcDbEntity
  8
W-S-A v1_4_ANYTOOL_CUTTHROUGH_OUTSI
100
AcDbLine
 10
-98.47775515565297
 20
-24.5569617941192
 30
0.0
 11
-98.4855981055594
 21
-24.55206253078261
 31
0.0
  0
LINE
  5
335
330
70
100
AcDbEntity
  8
W-S-A v1_4_ANYTOOL_CUTTHROUGH_OUTSI
100
AcDbLine
 10
-98.4177538458308
 20
-24.77865735736421
 30
0.0
 11
-98.41570367373563
 21
-24.7783356409859
 31
0.0
  0
LINE
  5
336
330
70
100
AcDbEntity
  8
W-S-A v1_4_ANYTOOL_CUTTHROUGH_OUTSI
100
AcDbLine
 10
-98.36855119629014
 20
-25.9420167728213
 30
0.0
 11
-98.367990275096
 21
-25.94401479045441
 31
0.0
  0
LINE
  5
337
330
70
100
AcDbEntity
  8
W-S-A v1_4_ANYTOOL_CUTTHROUGH_OUTSI
100
AcDbLine
 10
-98.87737722882098
 20
-25.9501083940167
 30
0.0
 11
-98.87702628370032
 21
-25.94806302251731
 31
0.0
  0
LINE
  5
338
330
70
100
AcDbEntity
  8
W-S-A v1_4_ANYTOOL_CUTTHROUGH_OUTSI
100
AcDbLine
 10
-92.1862542375802
 20
-22.50000001285429
 30
0.0
 11
-92.69125423758021
 21
-22.50000001285429
 31
0.0
  0
LINE
  5
339
330
70
100
AcDbEntity
  8
W-S-A v1_4_ANYTOOL_CUTTHROUGH_OUTSI
100
AcDbLine
 10
-96.96003006375597
 20
-22.86169418667788
 30
0.0
 11
-96.98121831823261
 21
-22.87561178167011
 31
0.0
  0
LINE
  5
33A
330
70
100
AcDbEntity
  8
W-S-A v1_4_ANYTOOL_CUTTHROUGH_OUTSI
100
AcDbLine
 10
-95.19125423757774
 20
-22.55750001285276
 30
0.0
 11
-95.19125423757783
 21
-22.32000001320058
 31
0.0
  0
LINE
  5
33B
330
70
100
AcDbEntity
  8
W-S-A v1_4_ANYTOOL_CUTTHROUGH_OUTSI
100
AcDbLine
 10
-92.18625423758027
 20
-22.55750001285425
 30
0.0
 11
-92.1862542375802
 21
-22.50000001285429
 31
0.0
  0
LINE
  5
33C
330
70
100
AcDbEntity
  8
W-S-A v1_4_ANYTOOL_CUTTHROUGH_OUTSI
100
AcDbLine
 10
-99.01205175818692
 20
-25.89923072668981
 30
0.0
 11
-98.89069141051409
 21
-25.89923072673881
 31
0.0
  0
LINE
  5
33D
330
70
100
AcDbEntity
  8
W-S-A v1_4_ANYTOOL_CUTTHROUGH_OUTSI
100
AcDbLine
 10
-93.76433861111506
 20
-22.32000001285432
 30
0.0
 11
-94.43625423757799
 21
-22.32000001285254
 31
0.0
  0
LINE
  5
33E
330
70
100
AcDbEntity
  8
W-S-A v1_4_ANYTOOL_CUTTHROUGH_OUTSI
100
AcDbLine
 10
-86.06375423758015
 20
-22.56000001285477
 30
0.0
 11
-86.18375423758024
 21
-22.56000001285477
 31
0.0
  0
LINE
  5
33F
330
70
100
AcDbEntity
  8
W-S-A v1_4_ANYTOOL_CUTTHROUGH_OUTSI
100
AcDbLine
 10
-92.06125423758022
 20
-22.32000001285433
 30
0.0
 11
-92.06125423758022
 21
-22.55750001285425
 31
0.0
  0
LINE
  5
340
330
70
100
AcDbEntity
  8
W-S-A v1_4_ANYTOOL_CUTTHROUGH_OUTSI
100
AcDbLine
 10
-96.94611246876368
 20
-22.84050593220131
 30
0.0
 11
-96.96003006375597
 21
-22.86169418667788
 31
0.0
  0
LINE
  5
341
330
70
100
AcDbEntity
  8
W-S-A v1_4_ANYTOOL_CUTTHROUGH_OUTSI
100
AcDbLine
 10
-95.81125423757795
 20
-22.55750001285186
 30
0.0
 11
-95.81125423757789
 21
-22.50000001285192
 31
0.0
  0
LINE
  5
342
330
70
100
AcDbEntity
  8
W-S-A v1_4_ANYTOOL_CUTTHROUGH_OUTSI
100
AcDbLine
 10
-92.69375423758033
 20
-22.56000001285443
 30
0.0
 11
-92.81375423758026
 21
-22.56000001285427
 31
0.0
  0
ARC
  5
343
330
70
100
AcDbEntity
  8
W-S-A v1_4_ANYTOOL_CUTTHROUGH_OUTSI
100
AcDbCircle
 10
95.06875423757717
 20
-22.55750001285245
 30
0.0
 40
0.0024999999994618
210
0.0
220
0.0
230
-1.0
100
AcDbArc
 50
179.9999999866467
 51
270.0000000117248
  0
LINE
  5
344
330
70
100
AcDbEntity
  8
W-S-A v1_4_ANYTOOL_CUTTHROUGH_OUTSI
100
AcDbLine
 10
-96.31875423757797
 20
-22.56000001285191
 30
0.0
 11
-96.43875423757796
 21
-22.5600000128528
 31
0.0
  0
ARC
  5
345
330
70
100
AcDbEntity
  8
W-S-A v1_4_ANYTOOL_CUTTHROUGH_OUTSI
100
AcDbCircle
 10
92.69375423758011
 20
-22.55750001285459
 30
0.0
 40
0.0024999999998364
210
0.0
220
0.0
230
-1.0
100
AcDbArc
 50
179.9999999923463
 51
270.0000000042339
  0
LINE
  5
346
330
70
100
AcDbEntity
  8
W-S-A v1_4_ANYTOOL_CUTTHROUGH_OUTSI
100
AcDbLine
 10
-86.69125423758016
 20
-22.50000001285465
 30
0.0
 11
-86.69125423758023
 21
-22.55750001285464
 31
0.0
  0
ARC
  5
347
330
70
100
AcDbEntity
  8
W-S-A v1_4_ANYTOOL_CUTTHROUGH_OUTSI
100
AcDbCircle
 10
-98.23205180015818
 20
-24.83923072668979
 30
0.0
 40
0.0599999999999767
100
AcDbArc
 50
359.9999999999797
 51
90.00000000031212
  0
LINE
  5
348
330
70
100
AcDbEntity
  8
W-S-A v1_4_ANYTOOL_CUTTHROUGH_OUTSI
100
AcDbLine
 10
-98.90305931555971
 20
-25.35639505640801
 30
0.0
 11
-99.07205180015822
 21
-25.8392307266895
 31
0.0
  0
LINE
  5
349
330
70
100
AcDbEntity
  8
W-S-A v1_4_ANYTOOL_CUTTHROUGH_OUTSI
100
AcDbLine
 10
-88.56125423757795
 20
-22.50000001285479
 30
0.0
 11
-89.06625423757773
 21
-22.50000001285227
 31
0.0
  0
LINE
  5
34A
330
70
100
AcDbEntity
  8
W-S-A v1_4_ANYTOOL_CUTTHROUGH_OUTSI
100
AcDbLine
 10
-85.00422423758022
 20
-22.88000001285418
 30
0.0
 11
-85.78422423757976
 21
-22.88000001285418
 31
0.0
  0
LINE
  5
34B
330
70
100
AcDbEntity
  8
W-S-A v1_4_ANYTOOL_CUTTHROUGH_OUTSI
100
AcDbLine
 10
-98.17205180015822
 20
-25.83923072668981
 30
0.0
 11
-98.3410442847567
 21
-25.35639505640872
 31
0.0
  0
ARC
  5
34C
330
70
100
AcDbEntity
  8
W-S-A v1_4_ANYTOOL_CUTTHROUGH_OUTSI
100
AcDbCircle
 10
-98.6220518001582
 20
-24.7792307266907
 30
0.0
 40
0.2050000000002161
100
AcDbArc
 50
15.30519438132144
 51
164.6948056186536
  0
ARC
  5
34D
330
70
100
AcDbEntity
  8
W-S-A v1_4_ANYTOOL_CUTTHROUGH_OUTSI
100
AcDbCircle
 10
-99.01205180015818
 20
-25.83923072668979
 30
0.0
 40
0.0600000000000364
100
AcDbArc
 50
179.9999999997218
 51
270.0000400796164
  0
ARC
  5
34E
330
70
100
AcDbEntity
  8
W-S-A v1_4_ANYTOOL_CUTTHROUGH_OUTSI
100
AcDbCircle
 10
94.55875423757753
 20
-22.55750001285164
 30
0.0
 40
0.0025000000005647
210
0.0
220
0.0
230
-1.0
100
AcDbArc
 50
270.000000010422
 51
359.999999988031
  0
ARC
  5
34F
330
70
100
AcDbEntity
  8
W-S-A v1_4_ANYTOOL_CUTTHROUGH_OUTSI
100
AcDbCircle
 10
-98.62205180015816
 20
-25.89923072669018
 30
0.0
 40
0.2049999999999007
100
AcDbArc
 50
195.3051943809466
 51
344.6948056190736
  0
LINE
  5
350
330
70
100
AcDbEntity
  8
W-S-A v1_4_ANYTOOL_CUTTHROUGH_OUTSI
100
AcDbLine
 10
-95.68875423757802
 20
-22.5600000128528
 30
0.0
 11
-95.80875423757801
 21
-22.56000001285191
 31
0.0
  0
LINE
  5
351
330
70
100
AcDbEntity
  8
W-S-A v1_4_ANYTOOL_CUTTHROUGH_OUTSI
100
AcDbLine
 10
-94.43625423757799
 20
-22.32000001285254
 30
0.0
 11
-94.43625423757799
 21
-22.55750001285246
 31
0.0
  0
LINE
  5
352
330
70
100
AcDbEntity
  8
W-S-A v1_4_ANYTOOL_CUTTHROUGH_OUTSI
100
AcDbLine
 10
-98.81807475799032
 20
-25.89923072668901
 30
0.0
 11
-98.42602884231222
 21
-25.89923072668901
 31
0.0
  0
LINE
  5
353
330
70
100
AcDbEntity
  8
W-S-A v1_4_ANYTOOL_CUTTHROUGH_OUTSI
100
AcDbLine
 10
-98.81807475799032
 20
-24.77923072669041
 30
0.0
 11
-98.42602884231222
 21
-24.7792307266905
 31
0.0
  0
LINE
  5
354
330
70
100
AcDbEntity
  8
W-S-A v1_4_ANYTOOL_CUTTHROUGH_OUTSI
100
AcDbLine
 10
-98.86373016167881
 20
-25.92030022304411
 30
0.0
 11
-98.86235653834926
 21
-25.9187446311963
 31
0.0
  0
LINE
  5
355
330
70
100
AcDbEntity
  8
W-S-A v1_4_ANYTOOL_CUTTHROUGH_OUTSI
100
AcDbLine
 10
-98.86751707973569
 20
-25.92523871556231
 30
0.0
 11
-98.86631197669441
 21
-25.92354920862001
 31
0.0
  0
LINE
  5
356
330
70
100
AcDbEntity
  8
W-S-A v1_4_ANYTOOL_CUTTHROUGH_OUTSI
100
AcDbLine
 10
-98.39274596955823
 20
-25.9093082830265
 30
0.0
 11
-98.39103943462301
 21
-25.91048914947251
 31
0.0
  0
LINE
  5
357
330
70
100
AcDbEntity
  8
W-S-A v1_4_ANYTOOL_CUTTHROUGH_OUTSI
100
AcDbLine
 10
-98.64514218715637
 20
-24.51523861690731
 30
0.0
 11
-98.65433896756796
 21
-24.51620498874831
 31
0.0
  0
LINE
  5
358
330
70
100
AcDbEntity
  8
W-S-A v1_4_ANYTOOL_CUTTHROUGH_OUTSI
100
AcDbLine
 10
-98.3754405657466
 20
-25.92696888740292
 30
0.0
 11
-98.37435513006159
 21
-25.9287376543242
 31
0.0
  0
LINE
  5
359
330
70
100
AcDbEntity
  8
W-S-A v1_4_ANYTOOL_CUTTHROUGH_OUTSI
100
AcDbLine
 10
-96.98121831823261
 20
-22.87561178167011
 30
0.0
 11
-97.00422423758032
 21
-22.88000001285366
 31
0.0
  0
LINE
  5
35A
330
70
100
AcDbEntity
  8
W-S-A v1_4_ANYTOOL_CUTTHROUGH_OUTSI
100
AcDbLine
 10
-98.4347061007114
 20
-24.59180983964411
 30
0.0
 11
-98.44135939283368
 21
-24.5853873519323
 31
0.0
  0
LINE
  5
35B
330
70
100
AcDbEntity
  8
W-S-A v1_4_ANYTOOL_CUTTHROUGH_OUTSI
100
AcDbLine
 10
-93.19987992395644
 20
-22.33394871485745
 30
0.0
 11
-93.03078423758044
 21
-22.81750001285445
 31
0.0
  0
LINE
  5
35C
330
70
100
AcDbEntity
  8
W-S-A v1_4_ANYTOOL_CUTTHROUGH_OUTSI
100
AcDbLine
 10
-93.09328423758065
 20
-22.88000001285448
 30
0.0
 11
-93.87328423758019
 21
-22.88000001285448
 31
0.0
  0
ARC
  5
35D
330
70
100
AcDbEntity
  8
W-S-A v1_4_ANYTOOL_CUTTHROUGH_OUTSI
100
AcDbCircle
 10
92.81375423758005
 20
-22.55750001285393
 30
0.0
 40
0.0025000000003487
210
0.0
220
0.0
230
-1.0
100
AcDbArc
 50
270.0000000048853
 51
359.9999999925092
  0
LINE
  5
35E
330
70
100
AcDbEntity
  8
W-S-A v1_4_ANYTOOL_CUTTHROUGH_OUTSI
100
AcDbLine
 10
-97.67759275353038
 20
-22.33383806507555
 30
0.0
 11
-97.67527861111473
 21
-22.32000001285378
 31
0.0
  0
LINE
  5
35F
330
70
100
AcDbEntity
  8
W-S-A v1_4_ANYTOOL_CUTTHROUGH_OUTSI
100
AcDbLine
 10
-95.81125423757789
 20
-22.50000001285192
 30
0.0
 11
-96.31625423757803
 21
-22.50000001285429
 31
0.0
  0
LINE
  5
360
330
70
100
AcDbEntity
  8
W-S-A v1_4_ANYTOOL_CUTTHROUGH_OUTSI
100
AcDbLine
 10
-93.03517246876417
 20
-22.84050593220201
 30
0.0
 11
-93.04909006375646
 21
-22.86169418667848
 31
0.0
  0
LINE
  5
361
330
70
100
AcDbEntity
  8
W-S-A v1_4_ANYTOOL_CUTTHROUGH_OUTSI
100
AcDbLine
 10
-98.85945207446049
 20
-25.91578055198591
 30
0.0
 11
-98.85792470853317
 21
-25.9143756105735
 31
0.0
  0
LINE
  5
362
330
70
100
AcDbEntity
  8
W-S-A v1_4_ANYTOOL_CUTTHROUGH_OUTSI
100
AcDbLine
 10
-98.38465152584213
 20
-25.91578055198591
 30
0.0
 11
-98.38317365990929
 21
-25.91723747316881
 31
0.0
  0
LINE
  5
363
330
70
100
AcDbEntity
  8
W-S-A v1_4_ANYTOOL_CUTTHROUGH_OUTSI
100
AcDbLine
 10
-93.03078423758044
 20
-22.81750001285445
 30
0.0
 11
-93.03517246876417
 21
-22.84050593220201
 31
0.0
  0
LINE
  5
364
330
70
100
AcDbEntity
  8
W-S-A v1_4_ANYTOOL_CUTTHROUGH_OUTSI
100
AcDbLine
 10
-92.06375423758021
 20
-22.56000001285412
 30
0.0
 11
-92.18375423758029
 21
-22.56000001285427
 31
0.0
  0
LINE
  5
365
330
70
100
AcDbEntity
  8
W-S-A v1_4_ANYTOOL_CUTTHROUGH_OUTSI
100
AcDbLine
 10
-95.06625423757778
 20
-22.50000001285192
 30
0.0
 11
-95.06625423757771
 21
-22.55750001285186
 31
0.0
  0
LINE
  5
366
330
70
100
AcDbEntity
  8
W-S-A v1_4_ANYTOOL_CUTTHROUGH_OUTSI
100
AcDbLine
 10
-93.76665275352698
 20
-22.33383806506373
 30
0.0
 11
-93.76433861111506
 21
-22.32000001285432
 31
0.0
  0
ARC
  5
367
330
70
100
AcDbEntity
  8
W-S-A v1_4_ANYTOOL_CUTTHROUGH_OUTSI
100
AcDbCircle
 10
98.96055180015842
 20
-25.33923072668976
 30
0.0
 40
0.0600000000000728
210
0.0
220
0.0
230
-1.0
100
AcDbArc
 50
163.3770524843906
 51
196.6229475156061
  0
LINE
  5
368
330
70
100
AcDbEntity
  8
W-S-A v1_4_ANYTOOL_CUTTHROUGH_OUTSI
100
AcDbLine
 10
-98.61742809372479
 20
-24.51427106685781
 30
0.0
 11
-98.6266755065778
 21
-24.51427106685781
 31
0.0
  0
LINE
  5
369
330
70
100
AcDbEntity
  8
W-S-A v1_4_ANYTOOL_CUTTHROUGH_OUTSI
100
AcDbLine
 10
-98.3706434309791
 20
-25.9361557139811
 30
0.0
 11
-98.36987856820407
 21
-25.93808488270982
 31
0.0
  0
LINE
  5
36A
330
70
100
AcDbEntity
  8
W-S-A v1_4_ANYTOOL_CUTTHROUGH_OUTSI
100
AcDbLine
 10
-98.44823271837681
 20
-26.09926054149401
 30
0.0
 11
-98.45531770752938
 21
-26.10520340050132
 31
0.0
  0
LINE
  5
36B
330
70
100
AcDbEntity
  8
W-S-A v1_4_ANYTOOL_CUTTHROUGH_OUTSI
100
AcDbLine
 10
-98.44135939283368
 20
-24.5853873519323
 30
0.0
 11
-98.44823271837681
 21
-24.57920091188541
 31
0.0
  0
LINE
  5
36C
330
70
100
AcDbEntity
  8
W-S-A v1_4_ANYTOOL_CUTTHROUGH_OUTSI
100
AcDbLine
 10
-98.38937475777907
 20
-25.91172832583351
 30
0.0
 11
-98.38775393049203
 21
-25.91302432967361
 31
0.0
  0
LINE
  5
36D
330
70
100
AcDbEntity
  8
W-S-A v1_4_ANYTOOL_CUTTHROUGH_OUTSI
100
AcDbLine
 10
-98.49360721835902
 20
-26.131021557845
 30
0.0
 11
-98.5017727411656
 21
-26.13536193591241
 31
0.0
  0
LINE
  5
36E
330
70
100
AcDbEntity
  8
W-S-A v1_4_ANYTOOL_CUTTHROUGH_OUTSI
100
AcDbLine
 10
-98.51008473062901
 20
-26.139414771418
 30
0.0
 11
-98.51853306504271
 21
-26.143175129128
 31
0.0
  0
LINE
  5
36F
330
70
100
AcDbEntity
  8
W-S-A v1_4_ANYTOOL_CUTTHROUGH_OUTSI
100
AcDbLine
 10
-98.80939749959127
 20
-24.59180983964411
 30
0.0
 11
-98.81582265642158
 21
-24.59846055420571
 31
0.0
  0
LINE
  5
370
330
70
100
AcDbEntity
  8
W-S-A v1_4_ANYTOOL_CUTTHROUGH_OUTSI
100
AcDbLine
 10
-98.82014970835399
 20
-24.77919483746501
 30
0.0
 11
-98.81807475799032
 21
-24.77923072669041
 31
0.0
  0
LINE
  5
371
330
70
100
AcDbEntity
  8
W-S-A v1_4_ANYTOOL_CUTTHROUGH_OUTSI
100
AcDbLine
 10
-98.42188142386358
 20
-24.7790872127235
 30
0.0
 11
-98.41981391736647
 21
-24.7789079812178
 31
0.0
  0
LINE
  5
372
330
70
100
AcDbEntity
  8
W-S-A v1_4_ANYTOOL_CUTTHROUGH_OUTSI
100
AcDbLine
 10
-98.39103943462301
 20
-25.91048914947251
 30
0.0
 11
-98.38937475777907
 21
-25.91172832583351
 31
0.0
  0
LINE
  5
373
330
70
100
AcDbEntity
  8
W-S-A v1_4_ANYTOOL_CUTTHROUGH_OUTSI
100
AcDbLine
 10
-98.36987856820407
 20
-25.93808488270982
 30
0.0
 11
-98.369180878424
 21
-25.94003934837051
 31
0.0
  0
LINE
  5
374
330
70
100
AcDbEntity
  8
W-S-A v1_4_ANYTOOL_CUTTHROUGH_OUTSI
100
AcDbLine
 10
-98.47008791918566
 20
-26.1163297337841
 30
0.0
 11
-98.47775515565297
 21
-26.12149965926021
 31
0.0
  0
LINE
  5
375
330
70
100
AcDbEntity
  8
W-S-A v1_4_ANYTOOL_CUTTHROUGH_OUTSI
100
AcDbLine
 10
-98.36610045466636
 20
-25.9563001372981
 30
0.0
 11
-98.36603495393129
 21
-25.9583743640701
 31
0.0
  0
LINE
  5
376
330
70
100
AcDbEntity
  8
W-S-A v1_4_ANYTOOL_CUTTHROUGH_OUTSI
100
AcDbLine
 10
-98.36987856820407
 20
-24.74037657066971
 30
0.0
 11
-98.369180878424
 21
-24.73842210500911
 31
0.0
  0
LINE
  5
377
330
70
100
AcDbEntity
  8
W-S-A v1_4_ANYTOOL_CUTTHROUGH_OUTSI
100
AcDbLine
 10
-98.39627639990728
 20
-25.9071270591507
 30
0.0
 11
-98.39449232104406
 21
-25.90818713917501
 31
0.0
  0
LINE
  5
378
330
70
100
AcDbEntity
  8
W-S-A v1_4_ANYTOOL_CUTTHROUGH_OUTSI
100
AcDbLine
 10
-98.87806864637131
 20
-25.9583743640701
 30
0.0
 11
-98.87800314563618
 21
-25.95630013729801
 31
0.0
  0
LINE
  5
379
330
70
100
AcDbEntity
  8
W-S-A v1_4_ANYTOOL_CUTTHROUGH_OUTSI
100
AcDbLine
 10
-98.38037343862378
 20
-24.75816123033542
 30
0.0
 11
-98.37905443319671
 21
-24.75655906563371
 31
0.0
  0
LINE
  5
37A
330
70
100
AcDbEntity
  8
W-S-A v1_4_ANYTOOL_CUTTHROUGH_OUTSI
100
AcDbLine
 10
-98.37435513006159
 20
-25.9287376543242
 30
0.0
 11
-98.37333151202692
 21
-25.9305429003371
 31
0.0
  0
LINE
  5
37B
330
70
100
AcDbEntity
  8
W-S-A v1_4_ANYTOOL_CUTTHROUGH_OUTSI
100
AcDbLine
 10
-98.41164282363466
 20
-24.77748055472983
 30
0.0
 11
-98.40963700365456
 21
-24.77694820779831
 31
0.0
  0
LINE
  5
37C
330
70
100
AcDbEntity
  8
W-S-A v1_4_ANYTOOL_CUTTHROUGH_OUTSI
100
AcDbLine
 10
-98.4282809438811
 20
-24.59846055420571
 30
0.0
 11
-98.4347061007114
 21
-24.59180983964411
 31
0.0
  0
LINE
  5
37D
330
70
100
AcDbEntity
  8
W-S-A v1_4_ANYTOOL_CUTTHROUGH_OUTSI
100
AcDbLine
 10
-98.369180878424
 20
-24.73842210500911
 30
0.0
 11
-98.36855119629014
 21
-24.73644468055831
 31
0.0
  0
LINE
  5
37E
330
70
100
AcDbEntity
  8
W-S-A v1_4_ANYTOOL_CUTTHROUGH_OUTSI
100
AcDbLine
 10
-98.8707720882757
 20
-25.9305429003371
 30
0.0
 11
-98.86974847024102
 21
-25.9287376543242
 31
0.0
  0
LINE
  5
37F
330
70
100
AcDbEntity
  8
W-S-A v1_4_ANYTOOL_CUTTHROUGH_OUTSI
100
AcDbLine
 10
-98.82222217643901
 20
-24.77908721272341
 30
0.0
 11
-98.82014970835399
 21
-24.77919483746501
 31
0.0
  0
LINE
  5
380
330
70
100
AcDbEntity
  8
W-S-A v1_4_ANYTOOL_CUTTHROUGH_OUTSI
100
AcDbLine
 10
-98.38037343862378
 20
-25.92030022304411
 30
0.0
 11
-98.37905443319671
 21
-25.92190238774591
 31
0.0
  0
LINE
  5
381
330
70
100
AcDbEntity
  8
W-S-A v1_4_ANYTOOL_CUTTHROUGH_OUTSI
100
AcDbLine
 10
-98.83246077666786
 20
-24.77748055472983
 30
0.0
 11
-98.83043774658551
 21
-24.77794321695441
 31
0.0
  0
LINE
  5
382
330
70
100
AcDbEntity
  8
W-S-A v1_4_ANYTOOL_CUTTHROUGH_OUTSI
100
AcDbLine
 10
-98.44823271837681
 20
-24.57920091188541
 30
0.0
 11
-98.45531770752938
 21
-24.57325805287811
 31
0.0
  0
LINE
  5
383
330
70
100
AcDbEntity
  8
W-S-A v1_4_ANYTOOL_CUTTHROUGH_OUTSI
100
AcDbLine
 10
-98.60818631126857
 20
-26.1638677388732
 30
0.0
 11
-98.61742809372479
 21
-26.1641903865217
 31
0.0
  0
LINE
  5
384
330
70
100
AcDbEntity
  8
W-S-A v1_4_ANYTOOL_CUTTHROUGH_OUTSI
100
AcDbLine
 10
-98.68164886413126
 20
-24.5210192049399
 30
0.0
 11
-98.69062172891986
 21
-24.52325579653431
 31
0.0
  0
LINE
  5
385
330
70
100
AcDbEntity
  8
W-S-A v1_4_ANYTOOL_CUTTHROUGH_OUTSI
100
AcDbLine
 10
-98.66349643113171
 20
-24.5174916532553
 30
0.0
 11
-98.67260342658751
 21
-24.51909704362641
 31
0.0
  0
LINE
  5
386
330
70
100
AcDbEntity
  8
W-S-A v1_4_ANYTOOL_CUTTHROUGH_OUTSI
100
AcDbLine
 10
-98.4104510799532
 20
-24.61969974157601
 30
0.0
 11
-98.41614604502531
 21
-24.61241400089281
 31
0.0
  0
LINE
  5
387
330
70
100
AcDbEntity
  8
W-S-A v1_4_ANYTOOL_CUTTHROUGH_OUTSI
100
AcDbLine
 10
-98.39103943462301
 20
-24.76797230390711
 30
0.0
 11
-98.38937475777907
 21
-24.76673312754611
 31
0.0
  0
LINE
  5
388
330
70
100
AcDbEntity
  8
W-S-A v1_4_ANYTOOL_CUTTHROUGH_OUTSI
100
AcDbLine
 10
-98.52710745667017
 20
-26.14663842996581
 30
0.0
 11
-98.53579746427158
 21
-26.14980045658821
 31
0.0
  0
LINE
  5
389
330
70
100
AcDbEntity
  8
W-S-A v1_4_ANYTOOL_CUTTHROUGH_OUTSI
100
AcDbLine
 10
-98.53579746427158
 20
-24.52866099679121
 30
0.0
 11
-98.5445925058193
 21
-24.52580409485911
 31
0.0
  0
LINE
  5
38A
330
70
100
AcDbEntity
  8
W-S-A v1_4_ANYTOOL_CUTTHROUGH_OUTSI
100
AcDbLine
 10
-98.37779162360826
 20
-25.92354920862001
 30
0.0
 11
-98.37658652056692
 21
-25.92523871556231
 31
0.0
  0
LINE
  5
38B
330
70
100
AcDbEntity
  8
W-S-A v1_4_ANYTOOL_CUTTHROUGH_OUTSI
100
AcDbLine
 10
-98.38617889176937
 20
-24.764085842806
 30
0.0
 11
-98.38465152584213
 21
-24.7626809013936
 31
0.0
  0
LINE
  5
38C
330
70
100
AcDbEntity
  8
W-S-A v1_4_ANYTOOL_CUTTHROUGH_OUTSI
100
AcDbLine
 10
-98.40374667996409
 20
-24.7749398394199
 30
0.0
 11
-98.40183344739457
 21
-24.77413594379041
 31
0.0
  0
LINE
  5
38D
330
70
100
AcDbEntity
  8
W-S-A v1_4_ANYTOOL_CUTTHROUGH_OUTSI
100
AcDbLine
 10
-98.37435513006159
 20
-24.74972379905531
 30
0.0
 11
-98.37333151202692
 21
-24.74791855304242
 31
0.0
  0
LINE
  5
38E
330
70
100
AcDbEntity
  8
W-S-A v1_4_ANYTOOL_CUTTHROUGH_OUTSI
100
AcDbLine
 10
-98.82839992656698
 20
-24.77833564098582
 30
0.0
 11
-98.8263497544718
 21
-24.77865735736421
 31
0.0
  0
LINE
  5
38F
330
70
100
AcDbEntity
  8
W-S-A v1_4_ANYTOOL_CUTTHROUGH_OUTSI
100
AcDbLine
 10
-98.89069141046498
 20
-24.77923072668982
 30
0.0
 11
-99.01205175818693
 21
-24.77923072668982
 31
0.0
  0
LINE
  5
390
330
70
100
AcDbEntity
  8
W-S-A v1_4_ANYTOOL_CUTTHROUGH_OUTSI
100
AcDbLine
 10
-98.49360721835902
 20
-24.54743989553441
 30
0.0
 11
-98.5017727411656
 21
-24.543099517467
 31
0.0
  0
LINE
  5
391
330
70
100
AcDbEntity
  8
W-S-A v1_4_ANYTOOL_CUTTHROUGH_OUTSI
100
AcDbLine
 10
-98.40183344739457
 20
-24.77413594379041
 30
0.0
 11
-98.3999491599579
 21
-24.7732663646371
 31
0.0
  0
LINE
  5
392
330
70
100
AcDbEntity
  8
W-S-A v1_4_ANYTOOL_CUTTHROUGH_OUTSI
100
AcDbLine
 10
-98.87492272187859
 20
-25.94003934837051
 30
0.0
 11
-98.8742250320984
 21
-25.93808488270982
 31
0.0
  0
LINE
  5
393
330
70
100
AcDbEntity
  8
W-S-A v1_4_ANYTOOL_CUTTHROUGH_OUTSI
100
AcDbLine
 10
-98.58060716917089
 20
-26.1609698001241
 30
0.0
 11
-98.58976463273457
 21
-26.16225646463111
 31
0.0
  0
LINE
  5
394
330
70
100
AcDbEntity
  8
W-S-A v1_4_ANYTOOL_CUTTHROUGH_OUTSI
100
AcDbLine
 10
-98.52710745667017
 20
-24.53182302341361
 30
0.0
 11
-98.53579746427158
 21
-24.52866099679121
 31
0.0
  0
LINE
  5
395
330
70
100
AcDbEntity
  8
W-S-A v1_4_ANYTOOL_CUTTHROUGH_OUTSI
100
AcDbLine
 10
-98.76634844464968
 20
-24.5569617941192
 30
0.0
 11
-98.774015681117
 21
-24.56213171959531
 31
0.0
  0
LINE
  5
396
330
70
100
AcDbEntity
  8
W-S-A v1_4_ANYTOOL_CUTTHROUGH_OUTSI
100
AcDbLine
 10
-98.47775515565297
 20
-26.12149965926021
 30
0.0
 11
-98.4855981055594
 21
-26.12639892259681
 31
0.0
  0
LINE
  5
397
330
70
100
AcDbEntity
  8
W-S-A v1_4_ANYTOOL_CUTTHROUGH_OUTSI
100
AcDbLine
 10
-98.37905443319671
 20
-25.92190238774591
 30
0.0
 11
-98.37779162360826
 21
-25.92354920862001
 31
0.0
  0
LINE
  5
398
330
70
100
AcDbEntity
  8
W-S-A v1_4_ANYTOOL_CUTTHROUGH_OUTSI
100
AcDbLine
 10
-98.6266755065778
 20
-24.51427106685781
 30
0.0
 11
-98.6359172890341
 21
-24.51459371450621
 31
0.0
  0
LINE
  5
399
330
70
100
AcDbEntity
  8
W-S-A v1_4_ANYTOOL_CUTTHROUGH_OUTSI
100
AcDbLine
 10
-98.87555240401248
 20
-25.94201677282121
 30
0.0
 11
-98.87492272187859
 21
-25.94003934837051
 31
0.0
  0
LINE
  5
39A
330
70
100
AcDbEntity
  8
W-S-A v1_4_ANYTOOL_CUTTHROUGH_OUTSI
100
AcDbLine
 10
-98.4282809438811
 20
-26.08000089917371
 30
0.0
 11
-98.4347061007114
 21
-26.08665161373531
 31
0.0
  0
LINE
  5
39B
330
70
100
AcDbEntity
  8
W-S-A v1_4_ANYTOOL_CUTTHROUGH_OUTSI
100
AcDbLine
 10
-98.44135939283368
 20
-26.09307410144721
 30
0.0
 11
-98.44823271837681
 21
-26.09926054149401
 31
0.0
  0
LINE
  5
39C
330
70
100
AcDbEntity
  8
W-S-A v1_4_ANYTOOL_CUTTHROUGH_OUTSI
100
AcDbLine
 10
-98.56245473617141
 20
-24.5210192049399
 30
0.0
 11
-98.57150017371516
 21
-24.51909704362641
 31
0.0
  0
LINE
  5
39D
330
70
100
AcDbEntity
  8
W-S-A v1_4_ANYTOOL_CUTTHROUGH_OUTSI
100
AcDbLine
 10
-98.369180878424
 20
-25.94003934837051
 30
0.0
 11
-98.36855119629014
 21
-25.9420167728213
 31
0.0
  0
LINE
  5
39E
330
70
100
AcDbEntity
  8
W-S-A v1_4_ANYTOOL_CUTTHROUGH_OUTSI
100
AcDbLine
 10
-98.5445925058193
 20
-26.15265735852031
 30
0.0
 11
-98.55348187138282
 21
-26.15520565684522
 31
0.0
  0
LINE
  5
39F
330
70
100
AcDbEntity
  8
W-S-A v1_4_ANYTOOL_CUTTHROUGH_OUTSI
100
AcDbLine
 10
-98.36672637148163
 20
-25.9501083940167
 30
0.0
 11
-98.36644637035227
 21
-25.9521646786312
 31
0.0
  0
LINE
  5
3A0
330
70
100
AcDbEntity
  8
W-S-A v1_4_ANYTOOL_CUTTHROUGH_OUTSI
100
AcDbLine
 10
-98.47008791918566
 20
-24.56213171959531
 30
0.0
 11
-98.47775515565297
 21
-24.5569617941192
 31
0.0
  0
LINE
  5
3A1
330
70
100
AcDbEntity
  8
W-S-A v1_4_ANYTOOL_CUTTHROUGH_OUTSI
100
AcDbLine
 10
-98.86631197669441
 20
-25.92354920862001
 30
0.0
 11
-98.8650491671059
 21
-25.92190238774591
 31
0.0
  0
LINE
  5
3A2
330
70
100
AcDbEntity
  8
W-S-A v1_4_ANYTOOL_CUTTHROUGH_OUTSI
100
AcDbLine
 10
-98.367990275096
 20
-25.94401479045441
 30
0.0
 11
-98.367498785876
 21
-25.94603101102641
 31
0.0
  0
LINE
  5
3A3
330
70
100
AcDbEntity
  8
W-S-A v1_4_ANYTOOL_CUTTHROUGH_OUTSI
100
AcDbLine
 10
-98.82201185389442
 20
-24.60533139688451
 30
0.0
 11
-98.82795755527752
 21
-24.61241400089281
 31
0.0
  0
LINE
  5
3A4
330
70
100
AcDbEntity
  8
W-S-A v1_4_ANYTOOL_CUTTHROUGH_OUTSI
100
AcDbLine
 10
-98.61742809372479
 20
-26.1641903865217
 30
0.0
 11
-98.6266755065778
 21
-26.1641903865217
 31
0.0
  0
LINE
  5
3A5
330
70
100
AcDbEntity
  8
W-S-A v1_4_ANYTOOL_CUTTHROUGH_OUTSI
100
AcDbLine
 10
-98.71699614363249
 20
-24.53182302341361
 30
0.0
 11
-98.72557053525989
 21
-24.5352863242514
 31
0.0
  0
LINE
  5
3A6
330
70
100
AcDbEntity
  8
W-S-A v1_4_ANYTOOL_CUTTHROUGH_OUTSI
100
AcDbLine
 10
-98.38775393049203
 20
-24.765437123706
 30
0.0
 11
-98.38617889176937
 21
-24.764085842806
 31
0.0
  0
LINE
  5
3A7
330
70
100
AcDbEntity
  8
W-S-A v1_4_ANYTOOL_CUTTHROUGH_OUTSI
100
AcDbLine
 10
-98.36707731660222
 20
-25.94806302251731
 30
0.0
 11
-98.36672637148163
 21
-25.9501083940167
 31
0.0
  0
LINE
  5
3A8
330
70
100
AcDbEntity
  8
W-S-A v1_4_ANYTOOL_CUTTHROUGH_OUTSI
100
AcDbLine
 10
-98.42395389194861
 20
-24.7791948374651
 30
0.0
 11
-98.42188142386358
 21
-24.7790872127235
 31
0.0
  0
LINE
  5
3A9
330
70
100
AcDbEntity
  8
W-S-A v1_4_ANYTOOL_CUTTHROUGH_OUTSI
100
AcDbLine
 10
-98.74233085913699
 20
-24.543099517467
 30
0.0
 11
-98.75049638194379
 21
-24.54743989553441
 31
0.0
  0
LINE
  5
3AA
330
70
100
AcDbEntity
  8
W-S-A v1_4_ANYTOOL_CUTTHROUGH_OUTSI
100
AcDbLine
 10
-98.6359172890341
 20
-24.51459371450621
 30
0.0
 11
-98.64514218715637
 21
-24.51523861690731
 31
0.0
  0
LINE
  5
3AB
330
70
100
AcDbEntity
  8
W-S-A v1_4_ANYTOOL_CUTTHROUGH_OUTSI
100
AcDbLine
 10
-98.55348187138282
 20
-26.15520565684522
 30
0.0
 11
-98.56245473617141
 21
-26.15744224843961
 31
0.0
  0
LINE
  5
3AC
330
70
100
AcDbEntity
  8
W-S-A v1_4_ANYTOOL_CUTTHROUGH_OUTSI
100
AcDbLine
 10
-98.36623764818192
 20
-24.72423203696741
 30
0.0
 11
-98.36610045466636
 21
-24.72216131608151
 31
0.0
  0
LINE
  5
3AD
330
70
100
AcDbEntity
  8
W-S-A v1_4_ANYTOOL_CUTTHROUGH_OUTSI
100
AcDbLine
 10
-98.83043774658551
 20
-24.77794321695441
 30
0.0
 11
-98.82839992656698
 21
-24.77833564098582
 31
0.0
  0
LINE
  5
3AE
330
70
100
AcDbEntity
  8
W-S-A v1_4_ANYTOOL_CUTTHROUGH_OUTSI
100
AcDbLine
 10
-98.51008473062901
 20
-24.53904668196142
 30
0.0
 11
-98.51853306504271
 21
-24.53528632425151
 31
0.0
  0
LINE
  5
3AF
330
70
100
AcDbEntity
  8
W-S-A v1_4_ANYTOOL_CUTTHROUGH_OUTSI
100
AcDbLine
 10
-98.67260342658751
 20
-24.51909704362641
 30
0.0
 11
-98.68164886413126
 21
-24.5210192049399
 31
0.0
  0
LINE
  5
3B0
330
70
100
AcDbEntity
  8
W-S-A v1_4_ANYTOOL_CUTTHROUGH_OUTSI
100
AcDbLine
 10
-98.40501378608619
 20
-26.051281706464
 30
0.0
 11
-98.4104510799532
 21
-26.05876171180341
 31
0.0
  0
LINE
  5
3B1
330
70
100
AcDbEntity
  8
W-S-A v1_4_ANYTOOL_CUTTHROUGH_OUTSI
100
AcDbLine
 10
-98.78878589277329
 20
-24.57325805287811
 30
0.0
 11
-98.79587088192579
 21
-24.57920091188541
 31
0.0
  0
LINE
  5
3B2
330
70
100
AcDbEntity
  8
W-S-A v1_4_ANYTOOL_CUTTHROUGH_OUTSI
100
AcDbLine
 10
-98.38317365990929
 20
-25.91723747316881
 30
0.0
 11
-98.38174706195326
 21
-25.9187446311963
 31
0.0
  0
LINE
  5
3B3
330
70
100
AcDbEntity
  8
W-S-A v1_4_ANYTOOL_CUTTHROUGH_OUTSI
100
AcDbLine
 10
-98.82795755527752
 20
-24.61241400089281
 30
0.0
 11
-98.83365252034941
 21
-24.61969974157601
 31
0.0
  0
LINE
  5
3B4
330
70
100
AcDbEntity
  8
W-S-A v1_4_ANYTOOL_CUTTHROUGH_OUTSI
100
AcDbLine
 10
-98.38465152584213
 20
-24.7626809013936
 30
0.0
 11
-98.38317365990929
 21
-24.7612239802108
 31
0.0
  0
LINE
  5
3B5
330
70
100
AcDbEntity
  8
W-S-A v1_4_ANYTOOL_CUTTHROUGH_OUTSI
100
AcDbLine
 10
-98.37658652056692
 20
-24.75322273781731
 30
0.0
 11
-98.3754405657466
 21
-24.7514925659767
 31
0.0
  0
LINE
  5
3B6
330
70
100
AcDbEntity
  8
W-S-A v1_4_ANYTOOL_CUTTHROUGH_OUTSI
100
AcDbLine
 10
-98.36707731660222
 20
-24.73039843086221
 30
0.0
 11
-98.36672637148163
 21
-24.7283530593628
 31
0.0
  0
LINE
  5
3B7
330
70
100
AcDbEntity
  8
W-S-A v1_4_ANYTOOL_CUTTHROUGH_OUTSI
100
AcDbLine
 10
-98.53579746427158
 20
-26.14980045658821
 30
0.0
 11
-98.5445925058193
 21
-26.15265735852031
 31
0.0
  0
LINE
  5
3B8
330
70
100
AcDbEntity
  8
W-S-A v1_4_ANYTOOL_CUTTHROUGH_OUTSI
100
AcDbLine
 10
-99.07205180015825
 20
-24.83923072669001
 30
0.0
 11
-98.90305931555971
 21
-25.3220663969715
 31
0.0
  0
LINE
  5
3B9
330
70
100
AcDbEntity
  8
W-S-A v1_4_ANYTOOL_CUTTHROUGH_OUTSI
100
AcDbLine
 10
-98.8530641656796
 20
-25.9104891494724
 30
0.0
 11
-98.85135763074437
 21
-25.9093082830265
 31
0.0
  0
LINE
  5
3BA
330
70
100
AcDbEntity
  8
W-S-A v1_4_ANYTOOL_CUTTHROUGH_OUTSI
100
AcDbLine
 10
-98.37658652056692
 20
-25.92523871556231
 30
0.0
 11
-98.3754405657466
 21
-25.92696888740292
 31
0.0
  0
ARC
  5
3BB
330
70
100
AcDbEntity
  8
W-S-A v1_4_ANYTOOL_CUTTHROUGH_OUTSI
100
AcDbCircle
 10
98.28355180015854
 20
-25.33923072668974
 30
0.0
 40
0.0599999999997664
210
0.0
220
0.0
230
-1.0
100
AcDbArc
 50
343.3770524835904
 51
16.62294751628419
  0
ARC
  5
3BC
330
70
100
AcDbEntity
  8
W-S-A v1_4_ANYTOOL_CUTTHROUGH_OUTSI
100
AcDbCircle
 10
-99.01205180015827
 20
-24.83923072668978
 30
0.0
 40
0.0599999999999786
100
AcDbArc
 50
89.99995992031568
 51
180.0000000002239
  0
LINE
  5
3BD
330
70
100
AcDbEntity
  8
W-S-A v1_4_ANYTOOL_CUTTHROUGH_OUTSI
100
AcDbLine
 10
-98.38775393049203
 20
-25.91302432967361
 30
0.0
 11
-98.38617889176937
 21
-25.9143756105735
 31
0.0
  0
LINE
  5
3BE
330
70
100
AcDbEntity
  8
W-S-A v1_4_ANYTOOL_CUTTHROUGH_OUTSI
100
AcDbLine
 10
-98.4104510799532
 20
-26.05876171180341
 30
0.0
 11
-98.41614604502531
 21
-26.06604745248661
 31
0.0
  0
LINE
  5
3BF
330
70
100
AcDbEntity
  8
W-S-A v1_4_ANYTOOL_CUTTHROUGH_OUTSI
100
AcDbLine
 10
-98.37905443319671
 20
-24.75655906563371
 30
0.0
 11
-98.37779162360826
 21
-24.75491224475951
 31
0.0
  0
LINE
  5
3C0
330
70
100
AcDbEntity
  8
W-S-A v1_4_ANYTOOL_CUTTHROUGH_OUTSI
100
AcDbLine
 10
-98.39984078454522
 20
-26.0436165450481
 30
0.0
 11
-98.40501378608619
 21
-26.051281706464
 31
0.0
  0
LINE
  5
3C1
330
70
100
AcDbEntity
  8
W-S-A v1_4_ANYTOOL_CUTTHROUGH_OUTSI
100
AcDbLine
 10
-98.58976463273457
 20
-26.16225646463111
 30
0.0
 11
-98.5989614131463
 21
-26.16322283647211
 31
0.0
  0
LINE
  5
3C2
330
70
100
AcDbEntity
  8
W-S-A v1_4_ANYTOOL_CUTTHROUGH_OUTSI
100
AcDbLine
 10
-98.57150017371516
 20
-24.51909704362641
 30
0.0
 11
-98.58060716917089
 21
-24.5174916532553
 31
0.0
  0
LINE
  5
3C3
330
70
100
AcDbEntity
  8
W-S-A v1_4_ANYTOOL_CUTTHROUGH_OUTSI
100
AcDbLine
 10
-98.36855119629014
 20
-24.73644468055831
 30
0.0
 11
-98.367990275096
 21
-24.73444666292521
 31
0.0
  0
LINE
  5
3C4
330
70
100
AcDbEntity
  8
W-S-A v1_4_ANYTOOL_CUTTHROUGH_OUTSI
100
AcDbLine
 10
-98.37147455173791
 20
-25.93425415006361
 30
0.0
 11
-98.3706434309791
 21
-25.9361557139811
 31
0.0
  0
LINE
  5
3C5
330
70
100
AcDbEntity
  8
W-S-A v1_4_ANYTOOL_CUTTHROUGH_OUTSI
100
AcDbLine
 10
-98.41981391736647
 20
-24.7789079812178
 30
0.0
 11
-98.4177538458308
 21
-24.77865735736421
 31
0.0
  0
LINE
  5
3C6
330
70
100
AcDbEntity
  8
W-S-A v1_4_ANYTOOL_CUTTHROUGH_OUTSI
100
AcDbLine
 10
-98.84961127925851
 20
-25.9081871391749
 30
0.0
 11
-98.84782720039531
 21
-25.9071270591507
 31
0.0
  0
LINE
  5
3C7
330
70
100
AcDbEntity
  8
W-S-A v1_4_ANYTOOL_CUTTHROUGH_OUTSI
100
AcDbLine
 10
-98.42209174640817
 20
-24.60533139688451
 30
0.0
 11
-98.4282809438811
 21
-24.59846055420571
 31
0.0
  0
LINE
  5
3C8
330
70
100
AcDbEntity
  8
W-S-A v1_4_ANYTOOL_CUTTHROUGH_OUTSI
100
AcDbLine
 10
-98.36644637035227
 20
-24.7262967747483
 30
0.0
 11
-98.36623764818192
 21
-24.72423203696741
 31
0.0
  0
LINE
  5
3C9
330
70
100
AcDbEntity
  8
W-S-A v1_4_ANYTOOL_CUTTHROUGH_OUTSI
100
AcDbLine
 10
-98.46260573273269
 20
-26.11089544170911
 30
0.0
 11
-98.47008791918566
 21
-26.1163297337841
 31
0.0
  0
LINE
  5
3CA
330
70
100
AcDbEntity
  8
W-S-A v1_4_ANYTOOL_CUTTHROUGH_OUTSI
100
AcDbLine
 10
-98.5989614131463
 20
-26.16322283647211
 30
0.0
 11
-98.60818631126857
 21
-26.1638677388732
 31
0.0
  0
LINE
  5
3CB
330
70
100
AcDbEntity
  8
W-S-A v1_4_ANYTOOL_CUTTHROUGH_OUTSI
100
AcDbLine
 10
-98.58060716917089
 20
-24.5174916532553
 30
0.0
 11
-98.58976463273457
 21
-24.51620498874831
 31
0.0
  0
LINE
  5
3CC
330
70
100
AcDbEntity
  8
W-S-A v1_4_ANYTOOL_CUTTHROUGH_OUTSI
100
AcDbLine
 10
-98.83446659664798
 20
-24.77694820779821
 30
0.0
 11
-98.83246077666786
 21
-24.77748055472983
 31
0.0
  0
LINE
  5
3CD
330
70
100
AcDbEntity
  8
W-S-A v1_4_ANYTOOL_CUTTHROUGH_OUTSI
100
AcDbLine
 10
-98.367498785876
 20
-24.7324304423532
 30
0.0
 11
-98.36707731660222
 21
-24.73039843086221
 31
0.0
  0
LINE
  5
3CE
330
70
100
AcDbEntity
  8
W-S-A v1_4_ANYTOOL_CUTTHROUGH_OUTSI
100
AcDbLine
 10
-98.367498785876
 20
-25.94603101102641
 30
0.0
 11
-98.36707731660222
 21
-25.94806302251731
 31
0.0
  0
LINE
  5
3CF
330
70
100
AcDbEntity
  8
W-S-A v1_4_ANYTOOL_CUTTHROUGH_OUTSI
100
AcDbLine
 10
-98.4347061007114
 20
-26.08665161373531
 30
0.0
 11
-98.44135939283368
 21
-26.09307410144721
 31
0.0
  0
LINE
  5
3D0
330
70
100
AcDbEntity
  8
W-S-A v1_4_ANYTOOL_CUTTHROUGH_OUTSI
100
AcDbLine
 10
-98.8263497544718
 20
-25.89980409601531
 30
0.0
 11
-98.82428968293606
 21
-25.8995534721617
 31
0.0
  0
LINE
  5
3D1
330
70
100
AcDbEntity
  8
W-S-A v1_4_ANYTOOL_CUTTHROUGH_OUTSI
100
AcDbLine
 10
-98.41614604502531
 20
-26.06604745248661
 30
0.0
 11
-98.42209174640817
 21
-26.07313005649491
 31
0.0
  0
LINE
  5
3D2
330
70
100
AcDbEntity
  8
W-S-A v1_4_ANYTOOL_CUTTHROUGH_OUTSI
100
AcDbLine
 10
-98.36610045466636
 20
-24.72216131608151
 30
0.0
 11
-98.36603495393129
 21
-24.72008708930941
 31
0.0
  0
LINE
  5
3D3
330
70
100
AcDbEntity
  8
W-S-A v1_4_ANYTOOL_CUTTHROUGH_OUTSI
100
AcDbLine
 10
-98.36644637035227
 20
-25.9521646786312
 30
0.0
 11
-98.36623764818192
 21
-25.95422941641211
 31
0.0
  0
LINE
  5
3D4
330
70
100
AcDbEntity
  8
W-S-A v1_4_ANYTOOL_CUTTHROUGH_OUTSI
100
AcDbLine
 10
-98.38174706195326
 20
-25.9187446311963
 30
0.0
 11
-98.38037343862378
 21
-25.92030022304411
 31
0.0
  0
LINE
  5
3D5
330
70
100
AcDbEntity
  8
W-S-A v1_4_ANYTOOL_CUTTHROUGH_OUTSI
100
AcDbLine
 10
-98.3706434309791
 20
-24.7423057393984
 30
0.0
 11
-98.36987856820407
 21
-24.74037657066971
 31
0.0
  0
LINE
  5
3D6
330
70
100
AcDbEntity
  8
W-S-A v1_4_ANYTOOL_CUTTHROUGH_OUTSI
100
AcDbLine
 10
-98.85472884252346
 20
-25.91172832583351
 30
0.0
 11
-98.8530641656796
 21
-25.9104891494724
 31
0.0
  0
LINE
  5
3D7
330
70
100
AcDbEntity
  8
W-S-A v1_4_ANYTOOL_CUTTHROUGH_OUTSI
100
AcDbLine
 10
-98.87173266409831
 20
-25.93238246581221
 30
0.0
 11
-98.8707720882757
 21
-25.9305429003371
 31
0.0
  0
LINE
  5
3D8
330
70
100
AcDbEntity
  8
W-S-A v1_4_ANYTOOL_CUTTHROUGH_OUTSI
100
AcDbLine
 10
-98.46260573273269
 20
-24.5675660116703
 30
0.0
 11
-98.47008791918566
 21
-24.56213171959531
 31
0.0
  0
LINE
  5
3D9
330
70
100
AcDbEntity
  8
W-S-A v1_4_ANYTOOL_CUTTHROUGH_OUTSI
100
AcDbLine
 10
-98.39449232104406
 20
-25.90818713917501
 30
0.0
 11
-98.39274596955823
 21
-25.9093082830265
 31
0.0
  0
LINE
  5
3DA
330
70
100
AcDbEntity
  8
W-S-A v1_4_ANYTOOL_CUTTHROUGH_OUTSI
100
AcDbLine
 10
-98.5017727411656
 20
-24.543099517467
 30
0.0
 11
-98.51008473062901
 21
-24.53904668196142
 31
0.0
  0
LINE
  5
3DB
330
70
100
AcDbEntity
  8
W-S-A v1_4_ANYTOOL_CUTTHROUGH_OUTSI
100
AcDbLine
 10
-98.72557053525989
 20
-24.5352863242514
 30
0.0
 11
-98.73401886967366
 21
-24.53904668196142
 31
0.0
  0
LINE
  5
3DC
330
70
100
AcDbEntity
  8
W-S-A v1_4_ANYTOOL_CUTTHROUGH_OUTSI
100
AcDbLine
 10
-98.4855981055594
 20
-24.55206253078261
 30
0.0
 11
-98.49360721835902
 21
-24.54743989553441
 31
0.0
  0
LINE
  5
3DD
330
70
100
AcDbEntity
  8
W-S-A v1_4_ANYTOOL_CUTTHROUGH_OUTSI
100
AcDbLine
 10
-98.56245473617141
 20
-26.15744224843961
 30
0.0
 11
-98.57150017371516
 21
-26.159364409753
 31
0.0
  0
LINE
  5
3DE
330
70
100
AcDbEntity
  8
W-S-A v1_4_ANYTOOL_CUTTHROUGH_OUTSI
100
AcDbLine
 10
-98.45531770752938
 20
-26.10520340050132
 30
0.0
 11
-98.46260573273269
 21
-26.11089544170911
 31
0.0
  0
LINE
  5
3DF
330
70
100
AcDbEntity
  8
W-S-A v1_4_ANYTOOL_CUTTHROUGH_OUTSI
100
AcDbLine
 10
-98.73401886967366
 20
-24.53904668196142
 30
0.0
 11
-98.74233085913699
 21
-24.543099517467
 31
0.0
  0
LINE
  5
3E0
330
70
100
AcDbEntity
  8
W-S-A v1_4_ANYTOOL_CUTTHROUGH_OUTSI
100
AcDbLine
 10
-98.34104428475676
 20
-25.3220663969709
 30
0.0
 11
-98.17205180015822
 21
-24.83923072668981
 31
0.0
  0
LINE
  5
3E1
330
70
100
AcDbEntity
  8
W-S-A v1_4_ANYTOOL_CUTTHROUGH_OUTSI
100
AcDbLine
 10
-98.37333151202692
 20
-25.9305429003371
 30
0.0
 11
-98.3723709362043
 21
-25.93238246581221
 31
0.0
  0
LINE
  5
3E2
330
70
100
AcDbEntity
  8
W-S-A v1_4_ANYTOOL_CUTTHROUGH_OUTSI
100
AcDbLine
 10
-98.69951109448336
 20
-24.52580409485911
 30
0.0
 11
-98.70830613603102
 21
-24.52866099679121
 31
0.0
  0
LINE
  5
3E3
330
70
100
AcDbEntity
  8
W-S-A v1_4_ANYTOOL_CUTTHROUGH_OUTSI
100
AcDbLine
 10
-98.38174706195326
 20
-24.75971682218321
 30
0.0
 11
-98.38037343862378
 21
-24.75816123033542
 31
0.0
  0
LINE
  5
3E4
330
70
100
AcDbEntity
  8
W-S-A v1_4_ANYTOOL_CUTTHROUGH_OUTSI
100
AcDbLine
 10
-98.36623764818192
 20
-25.95422941641211
 30
0.0
 11
-98.36610045466636
 21
-25.9563001372981
 31
0.0
  0
LINE
  5
3E5
330
70
100
AcDbEntity
  8
W-S-A v1_4_ANYTOOL_CUTTHROUGH_OUTSI
100
AcDbLine
 10
-98.41614604502531
 20
-24.61241400089281
 30
0.0
 11
-98.42209174640817
 21
-24.60533139688451
 31
0.0
  0
LINE
  5
3E6
330
70
100
AcDbEntity
  8
W-S-A v1_4_ANYTOOL_CUTTHROUGH_OUTSI
100
AcDbLine
 10
-98.38617889176937
 20
-25.9143756105735
 30
0.0
 11
-98.38465152584213
 21
-25.91578055198591
 31
0.0
  0
LINE
  5
3E7
330
70
100
AcDbEntity
  8
W-S-A v1_4_ANYTOOL_CUTTHROUGH_OUTSI
100
AcDbLine
 10
-98.8766048144266
 20
-25.9460310110263
 30
0.0
 11
-98.87611332520661
 21
-25.94401479045441
 31
0.0
  0
LINE
  5
3E8
330
70
100
AcDbEntity
  8
W-S-A v1_4_ANYTOOL_CUTTHROUGH_OUTSI
100
AcDbLine
 10
-98.3999491599579
 20
-24.7732663646371
 30
0.0
 11
-98.39809607184099
 21
-24.7723321422442
 31
0.0
  0
LINE
  5
3E9
330
70
100
AcDbEntity
  8
W-S-A v1_4_ANYTOOL_CUTTHROUGH_OUTSI
100
AcDbLine
 10
-98.8263497544718
 20
-24.77865735736421
 30
0.0
 11
-98.82428968293606
 21
-24.7789079812178
 31
0.0
  0
LINE
  5
3EA
330
70
100
AcDbEntity
  8
W-S-A v1_4_ANYTOOL_CUTTHROUGH_OUTSI
100
AcDbLine
 10
-98.42602884231222
 20
-24.7792307266905
 30
0.0
 11
-98.42395389194861
 21
-24.7791948374651
 31
0.0
  0
LINE
  5
3EB
330
70
100
AcDbEntity
  8
W-S-A v1_4_ANYTOOL_CUTTHROUGH_OUTSI
100
AcDbLine
 10
-98.367990275096
 20
-24.73444666292521
 30
0.0
 11
-98.367498785876
 21
-24.7324304423532
 31
0.0
  0
LINE
  5
3EC
330
70
100
AcDbEntity
  8
W-S-A v1_4_ANYTOOL_CUTTHROUGH_OUTSI
100
AcDbLine
 10
-98.3754405657466
 20
-24.7514925659767
 30
0.0
 11
-98.37435513006159
 21
-24.74972379905531
 31
0.0
  0
LINE
  5
3ED
330
70
100
AcDbEntity
  8
W-S-A v1_4_ANYTOOL_CUTTHROUGH_OUTSI
100
AcDbLine
 10
-98.57150017371516
 20
-26.159364409753
 30
0.0
 11
-98.58060716917089
 21
-26.1609698001241
 31
0.0
  0
LINE
  5
3EE
330
70
100
AcDbEntity
  8
W-S-A v1_4_ANYTOOL_CUTTHROUGH_OUTSI
100
AcDbLine
 10
-98.8650491671059
 20
-25.92190238774591
 30
0.0
 11
-98.86373016167881
 21
-25.92030022304411
 31
0.0
  0
LINE
  5
3EF
330
70
100
AcDbEntity
  8
W-S-A v1_4_ANYTOOL_CUTTHROUGH_OUTSI
100
AcDbLine
 10
-98.51853306504271
 20
-24.53528632425151
 30
0.0
 11
-98.52710745667017
 21
-24.53182302341361
 31
0.0
  0
LINE
  5
3F0
330
70
100
AcDbEntity
  8
W-S-A v1_4_ANYTOOL_CUTTHROUGH_OUTSI
100
AcDbLine
 10
-98.41570367373563
 20
-24.7783356409859
 30
0.0
 11
-98.41366585371709
 21
-24.77794321695451
 31
0.0
  0
LINE
  5
3F1
330
70
100
AcDbEntity
  8
W-S-A v1_4_ANYTOOL_CUTTHROUGH_OUTSI
100
AcDbLine
 10
-98.75850549474328
 20
-24.55206253078261
 30
0.0
 11
-98.76634844464968
 21
-24.5569617941192
 31
0.0
  0
LINE
  5
3F2
330
70
100
AcDbEntity
  8
W-S-A v1_4_ANYTOOL_CUTTHROUGH_OUTSI
100
AcDbLine
 10
-98.84782720039531
 20
-25.9071270591507
 30
0.0
 11
-98.84600752846161
 21
-25.90612931113531
 31
0.0
  0
LINE
  5
3F3
330
70
100
AcDbEntity
  8
W-S-A v1_4_ANYTOOL_CUTTHROUGH_OUTSI
100
AcDbLine
 10
-98.8726290485647
 20
-25.9342541500635
 30
0.0
 11
-98.87173266409831
 21
-25.93238246581221
 31
0.0
  0
LINE
  5
3F4
330
70
100
AcDbEntity
  8
W-S-A v1_4_ANYTOOL_CUTTHROUGH_OUTSI
100
AcDbLine
 10
-98.82428968293606
 20
-24.7789079812178
 30
0.0
 11
-98.82222217643901
 21
-24.77908721272341
 31
0.0
  0
LINE
  5
3F5
330
70
100
AcDbEntity
  8
W-S-A v1_4_ANYTOOL_CUTTHROUGH_OUTSI
100
AcDbLine
 10
-98.83043774658551
 20
-25.900518236425
 30
0.0
 11
-98.82839992656698
 21
-25.90012581239361
 31
0.0
  0
LINE
  5
3F6
330
70
100
AcDbEntity
  8
W-S-A v1_4_ANYTOOL_CUTTHROUGH_OUTSI
100
AcDbLine
 10
-98.87786595212062
 20
-25.95422941641211
 30
0.0
 11
-98.8776572299502
 21
-25.9521646786312
 31
0.0
  0
LINE
  5
3F7
330
70
100
AcDbEntity
  8
W-S-A v1_4_ANYTOOL_CUTTHROUGH_OUTSI
100
AcDbLine
 10
-98.83841703145073
 20
-24.77567708981921
 30
0.0
 11
-98.83645280694842
 21
-24.7763468130103
 31
0.0
  0
LINE
  5
3F8
330
70
100
AcDbEntity
  8
W-S-A v1_4_ANYTOOL_CUTTHROUGH_OUTSI
100
AcDbLine
 10
-98.36714587916626
 20
-25.9707544696209
 30
0.0
 11
-98.36757962014168
 21
-25.97278389708061
 31
0.0
  0
LINE
  5
3F9
330
70
100
AcDbEntity
  8
W-S-A v1_4_ANYTOOL_CUTTHROUGH_OUTSI
100
AcDbLine
 10
-98.79587088192579
 20
-24.57920091188541
 30
0.0
 11
-98.802744207469
 21
-24.5853873519323
 31
0.0
  0
LINE
  5
3FA
330
70
100
AcDbEntity
  8
W-S-A v1_4_ANYTOOL_CUTTHROUGH_OUTSI
100
AcDbLine
 10
-98.3903125260819
 20
-26.02776830428301
 30
0.0
 11
-98.39493837461688
 21
-26.0357755616041
 31
0.0
  0
LINE
  5
3FB
330
70
100
AcDbEntity
  8
W-S-A v1_4_ANYTOOL_CUTTHROUGH_OUTSI
100
AcDbLine
 10
-98.51853306504271
 20
-26.143175129128
 30
0.0
 11
-98.52710745667017
 21
-26.14663842996581
 31
0.0
  0
LINE
  5
3FC
330
70
100
AcDbEntity
  8
W-S-A v1_4_ANYTOOL_CUTTHROUGH_OUTSI
100
AcDbLine
 10
-98.84035692033853
 20
-25.90352161395961
 30
0.0
 11
-98.83841703145073
 21
-25.90278436356021
 31
0.0
  0
LINE
  5
3FD
330
70
100
AcDbEntity
  8
W-S-A v1_4_ANYTOOL_CUTTHROUGH_OUTSI
100
AcDbLine
 10
-98.23205180015852
 20
-24.77923072668982
 30
0.0
 11
-98.35341218985121
 21
-24.7792307266897
 31
0.0
  0
LINE
  5
3FE
330
70
100
AcDbEntity
  8
W-S-A v1_4_ANYTOOL_CUTTHROUGH_OUTSI
100
AcDbLine
 10
-98.39627639990728
 20
-24.77133439422891
 30
0.0
 11
-98.39449232104406
 21
-24.7702743142046
 31
0.0
  0
LINE
  5
3FF
330
70
100
AcDbEntity
  8
W-S-A v1_4_ANYTOOL_CUTTHROUGH_OUTSI
100
AcDbLine
 10
-98.36808328436069
 20
-25.97479711078081
 30
0.0
 11
-98.36865626928606
 21
-25.9767917022988
 31
0.0
  0
LINE
  5
400
330
70
100
AcDbEntity
  8
W-S-A v1_4_ANYTOOL_CUTTHROUGH_OUTSI
100
AcDbLine
 10
-98.45531770752938
 20
-24.57325805287811
 30
0.0
 11
-98.46260573273269
 21
-24.5675660116703
 31
0.0
  0
LINE
  5
401
330
70
100
AcDbEntity
  8
W-S-A v1_4_ANYTOOL_CUTTHROUGH_OUTSI
100
AcDbLine
 10
-98.36865626928606
 20
-25.9767917022988
 30
0.0
 11
-98.37151670000137
 21
-25.98558559680551
 31
0.0
  0
ARC
  5
402
330
70
100
AcDbEntity
  8
W-S-A v1_4_ANYTOOL_CUTTHROUGH_OUTSI
100
AcDbCircle
 10
98.85887160531149
 20
-24.74741092153652
 30
0.0
 40
0.0449999999999899
210
0.0
220
0.0
230
-1.0
100
AcDbArc
 50
150.3051943809195
 51
315.0000000001759
  0
LINE
  5
403
330
70
100
AcDbEntity
  8
W-S-A v1_4_ANYTOOL_CUTTHROUGH_OUTSI
100
AcDbLine
 10
-98.802744207469
 20
-24.5853873519323
 30
0.0
 11
-98.80939749959127
 21
-24.59180983964411
 31
0.0
  0
LINE
  5
404
330
70
100
AcDbEntity
  8
W-S-A v1_4_ANYTOOL_CUTTHROUGH_OUTSI
100
AcDbLine
 10
-98.41366585371709
 20
-24.77794321695451
 30
0.0
 11
-98.41164282363466
 21
-24.77748055472983
 31
0.0
  0
LINE
  5
405
330
70
100
AcDbEntity
  8
W-S-A v1_4_ANYTOOL_CUTTHROUGH_OUTSI
100
AcDbLine
 10
-98.36626896270557
 20
-25.96459326241432
 30
0.0
 11
-98.36649015822629
 21
-25.9666567011921
 31
0.0
  0
LINE
  5
406
330
70
100
AcDbEntity
  8
W-S-A v1_4_ANYTOOL_CUTTHROUGH_OUTSI
100
AcDbLine
 10
-98.41570367373563
 20
-25.90012581239371
 30
0.0
 11
-98.41366585371709
 21
-25.90051823642511
 31
0.0
  0
LINE
  5
407
330
70
100
AcDbEntity
  8
W-S-A v1_4_ANYTOOL_CUTTHROUGH_OUTSI
100
AcDbLine
 10
-98.8776572299502
 20
-25.9521646786312
 30
0.0
 11
-98.87737722882098
 21
-25.9501083940167
 31
0.0
  0
ARC
  5
408
330
70
100
AcDbEntity
  8
W-S-A v1_4_ANYTOOL_CUTTHROUGH_OUTSI
100
AcDbCircle
 10
98.85887160531162
 20
-25.93105053184309
 30
0.0
 40
0.0449999999999791
210
0.0
220
0.0
230
-1.0
100
AcDbArc
 50
44.99999991159483
 51
209.6948056188224
  0
ARC
  5
409
330
70
100
AcDbEntity
  8
W-S-A v1_4_ANYTOOL_CUTTHROUGH_OUTSI
100
AcDbCircle
 10
98.38523199500464
 20
-25.93105053184318
 30
0.0
 40
0.0449999999999448
210
0.0
220
0.0
230
-1.0
100
AcDbArc
 50
330.3051943813902
 51
135.0000000885683
  0
LINE
  5
40A
330
70
100
AcDbEntity
  8
W-S-A v1_4_ANYTOOL_CUTTHROUGH_OUTSI
100
AcDbLine
 10
-98.83645280694842
 20
-25.90211464036912
 30
0.0
 11
-98.83446659664798
 21
-25.90151324558122
 31
0.0
  0
LINE
  5
40B
330
70
100
AcDbEntity
  8
W-S-A v1_4_ANYTOOL_CUTTHROUGH_OUTSI
100
AcDbLine
 10
-98.40963700365456
 20
-25.90151324558131
 30
0.0
 11
-98.40765079335419
 21
-25.90211464036921
 31
0.0
  0
LINE
  5
40C
330
70
100
AcDbEntity
  8
W-S-A v1_4_ANYTOOL_CUTTHROUGH_OUTSI
100
AcDbLine
 10
-98.36604122433548
 20
-25.9604496153152
 30
0.0
 11
-98.36611925837779
 21
-25.96252340839471
 31
0.0
  0
LINE
  5
40D
330
70
100
AcDbEntity
  8
W-S-A v1_4_ANYTOOL_CUTTHROUGH_OUTSI
100
AcDbLine
 10
-98.36603495393129
 20
-24.72008708930941
 30
0.0
 11
-98.36604122433548
 21
-24.7180118380644
 31
0.0
  0
ARC
  5
40E
330
70
100
AcDbEntity
  8
W-S-A v1_4_ANYTOOL_CUTTHROUGH_OUTSI
100
AcDbCircle
 10
98.38523199500478
 20
-24.74741092153646
 30
0.0
 40
0.0450000000000173
210
0.0
220
0.0
230
-1.0
100
AcDbArc
 50
224.9999999996961
 51
29.69480561885162
  0
LINE
  5
40F
330
70
100
AcDbEntity
  8
W-S-A v1_4_ANYTOOL_CUTTHROUGH_OUTSI
100
AcDbLine
 10
-98.39493837461688
 20
-26.0357755616041
 30
0.0
 11
-98.39984078454522
 21
-26.0436165450481
 31
0.0
  0
LINE
  5
410
330
70
100
AcDbEntity
  8
W-S-A v1_4_ANYTOOL_CUTTHROUGH_OUTSI
100
AcDbLine
 10
-98.8694213870653
 20
-24.6841871184361
 30
0.0
 11
-98.8725869003013
 21
-24.69287585657391
 31
0.0
  0
LINE
  5
411
330
70
100
AcDbEntity
  8
W-S-A v1_4_ANYTOOL_CUTTHROUGH_OUTSI
100
AcDbLine
 10
-98.37151670000137
 20
-25.98558559680551
 30
0.0
 11
-98.37468221323732
 21
-25.9942743349433
 31
0.0
  0
LINE
  5
412
330
70
100
AcDbEntity
  8
W-S-A v1_4_ANYTOOL_CUTTHROUGH_OUTSI
100
AcDbLine
 10
-98.36611925837779
 20
-25.96252340839471
 30
0.0
 11
-98.36626896270557
 21
-25.96459326241432
 31
0.0
  0
LINE
  5
413
330
70
100
AcDbEntity
  8
W-S-A v1_4_ANYTOOL_CUTTHROUGH_OUTSI
100
AcDbLine
 10
-98.83841703145073
 20
-25.90278436356021
 30
0.0
 11
-98.83645280694842
 21
-25.90211464036912
 31
0.0
  0
LINE
  5
414
330
70
100
AcDbEntity
  8
W-S-A v1_4_ANYTOOL_CUTTHROUGH_OUTSI
100
AcDbLine
 10
-98.37814895427371
 20
-26.00284733623001
 30
0.0
 11
-98.3819127015778
 21
-26.01129416111901
 31
0.0
  0
LINE
  5
415
330
70
100
AcDbEntity
  8
W-S-A v1_4_ANYTOOL_CUTTHROUGH_OUTSI
100
AcDbLine
 10
-98.3819127015778
 20
-26.01129416111901
 30
0.0
 11
-98.38596887194535
 21
-26.0196045237117
 31
0.0
  0
LINE
  5
416
330
70
100
AcDbEntity
  8
W-S-A v1_4_ANYTOOL_CUTTHROUGH_OUTSI
100
AcDbLine
 10
-98.70830613603102
 20
-24.52866099679121
 30
0.0
 11
-98.71699614363249
 21
-24.53182302341361
 31
0.0
  0
LINE
  5
417
330
70
100
AcDbEntity
  8
W-S-A v1_4_ANYTOOL_CUTTHROUGH_OUTSI
100
AcDbLine
 10
-98.86235653834926
 20
-25.9187446311963
 30
0.0
 11
-98.86092994039332
 21
-25.9172374731687
 31
0.0
  0
LINE
  5
418
330
70
100
AcDbEntity
  8
W-S-A v1_4_ANYTOOL_CUTTHROUGH_OUTSI
100
AcDbLine
 10
-98.36678258032209
 20
-25.9687112562208
 30
0.0
 11
-98.36714587916626
 21
-25.9707544696209
 31
0.0
  0
LINE
  5
419
330
70
100
AcDbEntity
  8
W-S-A v1_4_ANYTOOL_CUTTHROUGH_OUTSI
100
AcDbLine
 10
-98.87611332520661
 20
-25.94401479045441
 30
0.0
 11
-98.87555240401248
 21
-25.94201677282121
 31
0.0
  0
LINE
  5
41A
330
70
100
AcDbEntity
  8
W-S-A v1_4_ANYTOOL_CUTTHROUGH_OUTSI
100
AcDbLine
 10
-98.82222217643901
 20
-25.899374240656
 30
0.0
 11
-98.82014970835399
 21
-25.89926661591441
 31
0.0
  0
LINE
  5
41B
330
70
100
AcDbEntity
  8
W-S-A v1_4_ANYTOOL_CUTTHROUGH_OUTSI
100
AcDbLine
 10
-98.36603495393129
 20
-25.9583743640701
 30
0.0
 11
-98.36604122433548
 21
-25.9604496153152
 31
0.0
  0
LINE
  5
41C
330
70
100
AcDbEntity
  8
W-S-A v1_4_ANYTOOL_CUTTHROUGH_OUTSI
100
AcDbLine
 10
-98.86974847024102
 20
-25.9287376543242
 30
0.0
 11
-98.86866303455599
 21
-25.92696888740292
 31
0.0
  0
LINE
  5
41D
330
70
100
AcDbEntity
  8
W-S-A v1_4_ANYTOOL_CUTTHROUGH_OUTSI
100
AcDbLine
 10
-98.5445925058193
 20
-24.52580409485911
 30
0.0
 11
-98.55348187138282
 21
-24.52325579653431
 31
0.0
  0
LINE
  5
41E
330
70
100
AcDbEntity
  8
W-S-A v1_4_ANYTOOL_CUTTHROUGH_OUTSI
100
AcDbLine
 10
-98.82428968293606
 20
-25.8995534721617
 30
0.0
 11
-98.82222217643901
 21
-25.899374240656
 31
0.0
  0
LINE
  5
41F
330
70
100
AcDbEntity
  8
W-S-A v1_4_ANYTOOL_CUTTHROUGH_OUTSI
100
AcDbLine
 10
-98.38596887194535
 20
-26.0196045237117
 30
0.0
 11
-98.3903125260819
 21
-26.02776830428301
 31
0.0
  0
LINE
  5
420
330
70
100
AcDbEntity
  8
W-S-A v1_4_ANYTOOL_CUTTHROUGH_OUTSI
100
AcDbLine
 10
-98.774015681117
 20
-24.56213171959531
 30
0.0
 11
-98.78149786756999
 21
-24.5675660116703
 31
0.0
  0
LINE
  5
421
330
70
100
AcDbEntity
  8
W-S-A v1_4_ANYTOOL_CUTTHROUGH_OUTSI
100
AcDbLine
 10
-98.37468221323732
 20
-25.9942743349433
 30
0.0
 11
-98.37814895427371
 21
-26.00284733623001
 31
0.0
  0
LINE
  5
422
330
70
100
AcDbEntity
  8
W-S-A v1_4_ANYTOOL_CUTTHROUGH_OUTSI
100
AcDbLine
 10
-98.69062172891986
 20
-24.52325579653431
 30
0.0
 11
-98.69951109448336
 21
-24.52580409485911
 31
0.0
  0
LINE
  5
423
330
70
100
AcDbEntity
  8
W-S-A v1_4_ANYTOOL_CUTTHROUGH_OUTSI
100
AcDbLine
 10
-98.87555240401248
 20
-24.7364446805582
 30
0.0
 11
-98.87492272187859
 21
-24.73842210500891
 31
0.0
  0
LINE
  5
424
330
70
100
AcDbEntity
  8
W-S-A v1_4_ANYTOOL_CUTTHROUGH_OUTSI
100
AcDbLine
 10
-98.81582265642158
 20
-24.59846055420571
 30
0.0
 11
-98.82201185389442
 21
-24.60533139688451
 31
0.0
  0
LINE
  5
425
330
70
100
AcDbEntity
  8
W-S-A v1_4_ANYTOOL_CUTTHROUGH_OUTSI
100
AcDbLine
 10
-98.87732101998052
 20
-24.70975019715862
 30
0.0
 11
-98.87761344207639
 21
-24.71180475218741
 31
0.0
  0
LINE
  5
426
330
70
100
AcDbEntity
  8
W-S-A v1_4_ANYTOOL_CUTTHROUGH_OUTSI
100
AcDbLine
 10
-98.5989614131463
 20
-24.51523861690731
 30
0.0
 11
-98.60818631126857
 21
-24.51459371450621
 31
0.0
  0
LINE
  5
427
330
70
100
AcDbEntity
  8
W-S-A v1_4_ANYTOOL_CUTTHROUGH_OUTSI
100
AcDbLine
 10
-98.78149786756999
 20
-24.5675660116703
 30
0.0
 11
-98.78878589277329
 21
-24.57325805287811
 31
0.0
  0
LINE
  5
428
330
70
100
AcDbEntity
  8
W-S-A v1_4_ANYTOOL_CUTTHROUGH_OUTSI
100
AcDbLine
 10
-98.36649015822629
 20
-25.9666567011921
 30
0.0
 11
-98.36678258032209
 21
-25.9687112562208
 31
0.0
  0
LINE
  5
429
330
70
100
AcDbEntity
  8
W-S-A v1_4_ANYTOOL_CUTTHROUGH_OUTSI
100
AcDbLine
 10
-98.4855981055594
 20
-26.12639892259681
 30
0.0
 11
-98.49360721835902
 21
-26.131021557845
 31
0.0
  0
LINE
  5
42A
330
70
100
AcDbEntity
  8
W-S-A v1_4_ANYTOOL_CUTTHROUGH_OUTSI
100
AcDbLine
 10
-98.75049638194379
 20
-26.131021557845
 30
0.0
 11
-98.75850549474328
 21
-26.12639892259681
 31
0.0
  0
LINE
  5
42B
330
70
100
AcDbEntity
  8
W-S-A v1_4_ANYTOOL_CUTTHROUGH_OUTSI
100
AcDbLine
 10
-98.84415444034472
 20
-25.90519508874241
 30
0.0
 11
-98.84227015290802
 21
-25.90432550958911
 31
0.0
  0
LINE
  5
42C
330
70
100
AcDbEntity
  8
W-S-A v1_4_ANYTOOL_CUTTHROUGH_OUTSI
100
AcDbLine
 10
-98.85634966981058
 20
-25.91302432967351
 30
0.0
 11
-98.85472884252346
 21
-25.91172832583351
 31
0.0
  0
LINE
  5
42D
330
70
100
AcDbEntity
  8
W-S-A v1_4_ANYTOOL_CUTTHROUGH_OUTSI
100
AcDbLine
 10
-98.8725869003013
 20
-25.98558559680551
 30
0.0
 11
-98.87544733101647
 21
-25.97679170229871
 31
0.0
  0
LINE
  5
42E
330
70
100
AcDbEntity
  8
W-S-A v1_4_ANYTOOL_CUTTHROUGH_OUTSI
100
AcDbLine
 10
-98.87732101998052
 20
-25.9687112562208
 30
0.0
 11
-98.87761344207639
 21
-25.96665670119201
 31
0.0
  0
LINE
  5
42F
330
70
100
AcDbEntity
  8
W-S-A v1_4_ANYTOOL_CUTTHROUGH_OUTSI
100
AcDbLine
 10
-98.86751707973569
 20
-24.75322273781711
 30
0.0
 11
-98.86631197669441
 21
-24.7549122447594
 31
0.0
  0
LINE
  5
430
330
70
100
AcDbEntity
  8
W-S-A v1_4_ANYTOOL_CUTTHROUGH_OUTSI
100
AcDbLine
 10
-98.8742250320984
 20
-25.93808488270982
 30
0.0
 11
-98.87346016932351
 21
-25.9361557139811
 31
0.0
  0
LINE
  5
431
330
70
100
AcDbEntity
  8
W-S-A v1_4_ANYTOOL_CUTTHROUGH_OUTSI
100
AcDbLine
 10
-98.87695772113627
 20
-25.97075446962081
 30
0.0
 11
-98.87732101998052
 21
-25.9687112562208
 31
0.0
  0
LINE
  5
432
330
70
100
AcDbEntity
  8
W-S-A v1_4_ANYTOOL_CUTTHROUGH_OUTSI
100
AcDbLine
 10
-98.70830613603102
 20
-26.14980045658821
 30
0.0
 11
-98.71699614363249
 21
-26.14663842996581
 31
0.0
  0
LINE
  5
433
330
70
100
AcDbEntity
  8
W-S-A v1_4_ANYTOOL_CUTTHROUGH_OUTSI
100
AcDbLine
 10
-98.84961127925851
 20
-24.77027431420451
 30
0.0
 11
-98.84782720039531
 21
-24.77133439422881
 31
0.0
  0
LINE
  5
434
330
70
100
AcDbEntity
  8
W-S-A v1_4_ANYTOOL_CUTTHROUGH_OUTSI
100
AcDbLine
 10
-98.6266755065778
 20
-26.1641903865217
 30
0.0
 11
-98.6359172890341
 21
-26.16386773887331
 31
0.0
  0
LINE
  5
435
330
70
100
AcDbEntity
  8
W-S-A v1_4_ANYTOOL_CUTTHROUGH_OUTSI
100
AcDbLine
 10
-98.35341218980211
 20
-25.89923072673901
 30
0.0
 11
-98.23205180015852
 21
-25.89923072668981
 31
0.0
  0
LINE
  5
436
330
70
100
AcDbEntity
  8
W-S-A v1_4_ANYTOOL_CUTTHROUGH_OUTSI
100
AcDbLine
 10
-98.71699614363249
 20
-26.14663842996581
 30
0.0
 11
-98.72557053525989
 21
-26.143175129128
 31
0.0
  0
LINE
  5
437
330
70
100
AcDbEntity
  8
W-S-A v1_4_ANYTOOL_CUTTHROUGH_OUTSI
100
AcDbLine
 10
-98.83365252034941
 20
-24.61969974157601
 30
0.0
 11
-98.83908981421654
 21
-24.62717974691541
 31
0.0
  0
LINE
  5
438
330
70
100
AcDbEntity
  8
W-S-A v1_4_ANYTOOL_CUTTHROUGH_OUTSI
100
AcDbLine
 10
-98.86219089872486
 20
-24.66716729226041
 30
0.0
 11
-98.86595464602891
 21
-24.6756141171494
 31
0.0
  0
LINE
  5
439
330
70
100
AcDbEntity
  8
W-S-A v1_4_ANYTOOL_CUTTHROUGH_OUTSI
100
AcDbLine
 10
-98.41981391736647
 20
-25.8995534721617
 30
0.0
 11
-98.4177538458308
 21
-25.89980409601531
 31
0.0
  0
LINE
  5
43A
330
70
100
AcDbEntity
  8
W-S-A v1_4_ANYTOOL_CUTTHROUGH_OUTSI
100
AcDbLine
 10
-98.87544733101647
 20
-24.7016697510807
 30
0.0
 11
-98.87602031594191
 21
-24.70366434259861
 31
0.0
  0
LINE
  5
43B
330
70
100
AcDbEntity
  8
W-S-A v1_4_ANYTOOL_CUTTHROUGH_OUTSI
100
AcDbLine
 10
-98.85813472835732
 20
-26.0196045237117
 30
0.0
 11
-98.86219089872486
 21
-26.01129416111901
 31
0.0
  0
LINE
  5
43C
330
70
100
AcDbEntity
  8
W-S-A v1_4_ANYTOOL_CUTTHROUGH_OUTSI
100
AcDbLine
 10
-98.58976463273457
 20
-24.51620498874831
 30
0.0
 11
-98.5989614131463
 21
-24.51523861690731
 31
0.0
  0
LINE
  5
43D
330
70
100
AcDbEntity
  8
W-S-A v1_4_ANYTOOL_CUTTHROUGH_OUTSI
100
AcDbLine
 10
-98.40183344739457
 20
-25.9043255095892
 30
0.0
 11
-98.3999491599579
 21
-25.90519508874241
 31
0.0
  0
LINE
  5
43E
330
70
100
AcDbEntity
  8
W-S-A v1_4_ANYTOOL_CUTTHROUGH_OUTSI
100
AcDbLine
 10
-98.83246077666786
 20
-25.90098089864971
 30
0.0
 11
-98.83043774658551
 21
-25.900518236425
 31
0.0
  0
LINE
  5
43F
330
70
100
AcDbEntity
  8
W-S-A v1_4_ANYTOOL_CUTTHROUGH_OUTSI
100
AcDbLine
 10
-98.8725869003013
 20
-24.69287585657391
 30
0.0
 11
-98.87544733101647
 21
-24.7016697510807
 31
0.0
  0
LINE
  5
440
330
70
100
AcDbEntity
  8
W-S-A v1_4_ANYTOOL_CUTTHROUGH_OUTSI
100
AcDbLine
 10
-98.87783463759696
 20
-25.96459326241421
 30
0.0
 11
-98.87798434192481
 21
-25.96252340839462
 31
0.0
  0
LINE
  5
441
330
70
100
AcDbEntity
  8
W-S-A v1_4_ANYTOOL_CUTTHROUGH_OUTSI
100
AcDbLine
 10
-98.82795755527752
 20
-26.06604745248661
 30
0.0
 11
-98.83365252034941
 21
-26.05876171180341
 31
0.0
  0
LINE
  5
442
330
70
100
AcDbEntity
  8
W-S-A v1_4_ANYTOOL_CUTTHROUGH_OUTSI
100
AcDbLine
 10
-98.72557053525989
 20
-26.143175129128
 30
0.0
 11
-98.73401886967366
 21
-26.139414771418
 31
0.0
  0
LINE
  5
443
330
70
100
AcDbEntity
  8
W-S-A v1_4_ANYTOOL_CUTTHROUGH_OUTSI
100
AcDbLine
 10
-98.87783463759696
 20
-24.71386819096521
 30
0.0
 11
-98.87798434192481
 21
-24.71593804498481
 31
0.0
  0
LINE
  5
444
330
70
100
AcDbEntity
  8
W-S-A v1_4_ANYTOOL_CUTTHROUGH_OUTSI
100
AcDbLine
 10
-98.87800314563618
 20
-25.95630013729801
 30
0.0
 11
-98.87786595212062
 21
-25.95422941641211
 31
0.0
  0
LINE
  5
445
330
70
100
AcDbEntity
  8
W-S-A v1_4_ANYTOOL_CUTTHROUGH_OUTSI
100
AcDbLine
 10
-98.84426281575738
 20
-24.63484490833132
 30
0.0
 11
-98.84916522568572
 21
-24.64268589177531
 31
0.0
  0
LINE
  5
446
330
70
100
AcDbEntity
  8
W-S-A v1_4_ANYTOOL_CUTTHROUGH_OUTSI
100
AcDbLine
 10
-98.79587088192579
 20
-26.09926054149401
 30
0.0
 11
-98.802744207469
 21
-26.09307410144721
 31
0.0
  0
LINE
  5
447
330
70
100
AcDbEntity
  8
W-S-A v1_4_ANYTOOL_CUTTHROUGH_OUTSI
100
AcDbLine
 10
-98.65433896756796
 20
-26.16225646463111
 30
0.0
 11
-98.66349643113171
 21
-26.1609698001241
 31
0.0
  0
LINE
  5
448
330
70
100
AcDbEntity
  8
W-S-A v1_4_ANYTOOL_CUTTHROUGH_OUTSI
100
AcDbLine
 10
-98.87761344207639
 20
-25.96665670119201
 30
0.0
 11
-98.87783463759696
 21
-25.96459326241421
 31
0.0
  0
LINE
  5
449
330
70
100
AcDbEntity
  8
W-S-A v1_4_ANYTOOL_CUTTHROUGH_OUTSI
100
AcDbLine
 10
-98.3723709362043
 20
-24.74607898756731
 30
0.0
 11
-98.37147455173791
 21
-24.744207303316
 31
0.0
  0
LINE
  5
44A
330
70
100
AcDbEntity
  8
W-S-A v1_4_ANYTOOL_CUTTHROUGH_OUTSI
100
AcDbLine
 10
-98.85135763074437
 20
-25.9093082830265
 30
0.0
 11
-98.84961127925851
 21
-25.9081871391749
 31
0.0
  0
ARC
  5
44B
330
70
100
AcDbEntity
  8
W-S-A v1_4_ANYTOOL_CUTTHROUGH_OUTSI
100
AcDbCircle
 10
-98.23205180015822
 20
-25.83923072668981
 30
0.0
 40
0.0600000000000094
100
AcDbArc
 50
269.9999999997286
 51
359.9999999999898
  0
LINE
  5
44C
330
70
100
AcDbEntity
  8
W-S-A v1_4_ANYTOOL_CUTTHROUGH_OUTSI
100
AcDbLine
 10
-98.87695772113627
 20
-24.7077069837586
 30
0.0
 11
-98.87732101998052
 21
-24.70975019715862
 31
0.0
  0
LINE
  5
44D
330
70
100
AcDbEntity
  8
W-S-A v1_4_ANYTOOL_CUTTHROUGH_OUTSI
100
AcDbLine
 10
-98.86866303455599
 20
-25.92696888740292
 30
0.0
 11
-98.86751707973569
 21
-25.92523871556231
 31
0.0
  0
LINE
  5
44E
330
70
100
AcDbEntity
  8
W-S-A v1_4_ANYTOOL_CUTTHROUGH_OUTSI
100
AcDbLine
 10
-98.87761344207639
 20
-24.71180475218741
 30
0.0
 11
-98.87783463759696
 21
-24.71386819096521
 31
0.0
  0
LINE
  5
44F
330
70
100
AcDbEntity
  8
W-S-A v1_4_ANYTOOL_CUTTHROUGH_OUTSI
100
AcDbLine
 10
-98.36757962014168
 20
-25.97278389708061
 30
0.0
 11
-98.36808328436069
 21
-25.97479711078081
 31
0.0
  0
LINE
  5
450
330
70
100
AcDbEntity
  8
W-S-A v1_4_ANYTOOL_CUTTHROUGH_OUTSI
100
AcDbLine
 10
-98.8694213870653
 20
-25.9942743349433
 30
0.0
 11
-98.8725869003013
 21
-25.98558559680551
 31
0.0
  0
LINE
  5
451
330
70
100
AcDbEntity
  8
W-S-A v1_4_ANYTOOL_CUTTHROUGH_OUTSI
100
AcDbLine
 10
-98.86595464602891
 20
-24.6756141171494
 30
0.0
 11
-98.8694213870653
 21
-24.6841871184361
 31
0.0
  0
LINE
  5
452
330
70
100
AcDbEntity
  8
W-S-A v1_4_ANYTOOL_CUTTHROUGH_OUTSI
100
AcDbLine
 10
-98.82014970835399
 20
-25.89926661591441
 30
0.0
 11
-98.81807475799032
 21
-25.89923072668901
 31
0.0
  0
LINE
  5
453
330
70
100
AcDbEntity
  8
W-S-A v1_4_ANYTOOL_CUTTHROUGH_OUTSI
100
AcDbLine
 10
-98.66349643113171
 20
-26.1609698001241
 30
0.0
 11
-98.67260342658751
 21
-26.159364409753
 31
0.0
  0
LINE
  5
454
330
70
100
AcDbEntity
  8
W-S-A v1_4_ANYTOOL_CUTTHROUGH_OUTSI
100
AcDbLine
 10
-98.87798434192481
 20
-25.96252340839462
 30
0.0
 11
-98.87806237596713
 21
-25.9604496153152
 31
0.0
  0
LINE
  5
455
330
70
100
AcDbEntity
  8
W-S-A v1_4_ANYTOOL_CUTTHROUGH_OUTSI
100
AcDbLine
 10
-98.84227015290802
 20
-24.7741359437903
 30
0.0
 11
-98.84035692033853
 21
-24.77493983941981
 31
0.0
  0
LINE
  5
456
330
70
100
AcDbEntity
  8
W-S-A v1_4_ANYTOOL_CUTTHROUGH_OUTSI
100
AcDbLine
 10
-98.83365252034941
 20
-26.05876171180341
 30
0.0
 11
-98.83908981421654
 21
-26.051281706464
 31
0.0
  0
LINE
  5
457
330
70
100
AcDbEntity
  8
W-S-A v1_4_ANYTOOL_CUTTHROUGH_OUTSI
100
AcDbLine
 10
-98.85379107422071
 20
-26.02776830428301
 30
0.0
 11
-98.85813472835732
 21
-26.0196045237117
 31
0.0
  0
LINE
  5
458
330
70
100
AcDbEntity
  8
W-S-A v1_4_ANYTOOL_CUTTHROUGH_OUTSI
100
AcDbLine
 10
-98.802744207469
 20
-26.09307410144721
 30
0.0
 11
-98.80939749959127
 21
-26.08665161373531
 31
0.0
  0
LINE
  5
459
330
70
100
AcDbEntity
  8
W-S-A v1_4_ANYTOOL_CUTTHROUGH_OUTSI
100
AcDbLine
 10
-98.87544733101647
 20
-25.97679170229871
 30
0.0
 11
-98.87602031594191
 21
-25.97479711078081
 31
0.0
  0
LINE
  5
45A
330
70
100
AcDbEntity
  8
W-S-A v1_4_ANYTOOL_CUTTHROUGH_OUTSI
100
AcDbLine
 10
-98.87798434192481
 20
-24.71593804498481
 30
0.0
 11
-98.87806237596713
 21
-24.71801183806431
 31
0.0
  0
LINE
  5
45B
330
70
100
AcDbEntity
  8
W-S-A v1_4_ANYTOOL_CUTTHROUGH_OUTSI
100
AcDbLine
 10
-98.87602031594191
 20
-24.70366434259861
 30
0.0
 11
-98.87652398016099
 21
-24.7056775562988
 31
0.0
  0
LINE
  5
45C
330
70
100
AcDbEntity
  8
W-S-A v1_4_ANYTOOL_CUTTHROUGH_OUTSI
100
AcDbLine
 10
-98.83446659664798
 20
-25.90151324558122
 30
0.0
 11
-98.83246077666786
 21
-25.90098089864971
 31
0.0
  0
LINE
  5
45D
330
70
100
AcDbEntity
  8
W-S-A v1_4_ANYTOOL_CUTTHROUGH_OUTSI
100
AcDbLine
 10
-98.87652398016099
 20
-24.7056775562988
 30
0.0
 11
-98.87695772113627
 21
-24.7077069837586
 31
0.0
  0
LINE
  5
45E
330
70
100
AcDbEntity
  8
W-S-A v1_4_ANYTOOL_CUTTHROUGH_OUTSI
100
AcDbLine
 10
-98.82839992656698
 20
-25.90012581239361
 30
0.0
 11
-98.8263497544718
 21
-25.89980409601531
 31
0.0
  0
LINE
  5
45F
330
70
100
AcDbEntity
  8
W-S-A v1_4_ANYTOOL_CUTTHROUGH_OUTSI
100
AcDbLine
 10
-98.84916522568572
 20
-26.0357755616041
 30
0.0
 11
-98.85379107422071
 21
-26.02776830428301
 31
0.0
  0
LINE
  5
460
330
70
100
AcDbEntity
  8
W-S-A v1_4_ANYTOOL_CUTTHROUGH_OUTSI
100
AcDbLine
 10
-98.84600752846161
 20
-25.90612931113531
 30
0.0
 11
-98.84415444034472
 21
-25.90519508874241
 31
0.0
  0
LINE
  5
461
330
70
100
AcDbEntity
  8
W-S-A v1_4_ANYTOOL_CUTTHROUGH_OUTSI
100
AcDbLine
 10
-98.87602031594191
 20
-25.97479711078081
 30
0.0
 11
-98.87652398016099
 21
-25.97278389708061
 31
0.0
  0
LINE
  5
462
330
70
100
AcDbEntity
  8
W-S-A v1_4_ANYTOOL_CUTTHROUGH_OUTSI
100
AcDbLine
 10
-98.84916522568572
 20
-24.64268589177531
 30
0.0
 11
-98.85379107422071
 21
-24.65069314909641
 31
0.0
  0
LINE
  5
463
330
70
100
AcDbEntity
  8
W-S-A v1_4_ANYTOOL_CUTTHROUGH_OUTSI
100
AcDbLine
 10
-98.87702628370032
 20
-25.94806302251731
 30
0.0
 11
-98.8766048144266
 21
-25.9460310110263
 31
0.0
  0
LINE
  5
464
330
70
100
AcDbEntity
  8
W-S-A v1_4_ANYTOOL_CUTTHROUGH_OUTSI
100
AcDbLine
 10
-98.85379107422071
 20
-24.65069314909641
 30
0.0
 11
-98.85813472835732
 21
-24.65885692966771
 31
0.0
  0
LINE
  5
465
330
70
100
AcDbEntity
  8
W-S-A v1_4_ANYTOOL_CUTTHROUGH_OUTSI
100
AcDbLine
 10
-98.81582265642158
 20
-26.08000089917371
 30
0.0
 11
-98.82201185389442
 21
-26.07313005649491
 31
0.0
  0
LINE
  5
466
330
70
100
AcDbEntity
  8
W-S-A v1_4_ANYTOOL_CUTTHROUGH_OUTSI
100
AcDbLine
 10
-98.85813472835732
 20
-24.65885692966771
 30
0.0
 11
-98.86219089872486
 21
-24.66716729226041
 31
0.0
  0
LINE
  5
467
330
70
100
AcDbEntity
  8
W-S-A v1_4_ANYTOOL_CUTTHROUGH_OUTSI
100
AcDbLine
 10
-98.86092994039332
 20
-25.9172374731687
 30
0.0
 11
-98.85945207446049
 21
-25.91578055198591
 31
0.0
  0
LINE
  5
468
330
70
100
AcDbEntity
  8
W-S-A v1_4_ANYTOOL_CUTTHROUGH_OUTSI
100
AcDbLine
 10
-98.84227015290802
 20
-25.90432550958911
 30
0.0
 11
-98.84035692033853
 21
-25.90352161395961
 31
0.0
  0
LINE
  5
469
330
70
100
AcDbEntity
  8
W-S-A v1_4_ANYTOOL_CUTTHROUGH_OUTSI
100
AcDbLine
 10
-98.83908981421654
 20
-24.62717974691541
 30
0.0
 11
-98.84426281575738
 21
-24.63484490833132
 31
0.0
  0
LINE
  5
46A
330
70
100
AcDbEntity
  8
W-S-A v1_4_ANYTOOL_CUTTHROUGH_OUTSI
100
AcDbLine
 10
-98.8650491671059
 20
-24.75655906563362
 30
0.0
 11
-98.86373016167881
 21
-24.75816123033542
 31
0.0
  0
LINE
  5
46B
330
70
100
AcDbEntity
  8
W-S-A v1_4_ANYTOOL_CUTTHROUGH_OUTSI
100
AcDbLine
 10
-98.8776572299502
 20
-24.72629677474821
 30
0.0
 11
-98.87737722882098
 21
-24.72835305936271
 31
0.0
  0
LINE
  5
46C
330
70
100
AcDbEntity
  8
W-S-A v1_4_ANYTOOL_CUTTHROUGH_OUTSI
100
AcDbLine
 10
-98.40501378608619
 20
-24.62717974691541
 30
0.0
 11
-98.4104510799532
 21
-24.61969974157601
 31
0.0
  0
LINE
  5
46D
330
70
100
AcDbEntity
  8
W-S-A v1_4_ANYTOOL_CUTTHROUGH_OUTSI
100
AcDbLine
 10
-98.37151670000137
 20
-24.69287585657391
 30
0.0
 11
-98.37468221323732
 21
-24.6841871184361
 31
0.0
  0
LINE
  5
46E
330
70
100
AcDbEntity
  8
W-S-A v1_4_ANYTOOL_CUTTHROUGH_OUTSI
100
AcDbLine
 10
-98.37333151202692
 20
-24.74791855304242
 30
0.0
 11
-98.3723709362043
 21
-24.74607898756731
 31
0.0
  0
LINE
  5
46F
330
70
100
AcDbEntity
  8
W-S-A v1_4_ANYTOOL_CUTTHROUGH_OUTSI
100
AcDbLine
 10
-98.36649015822629
 20
-24.71180475218751
 30
0.0
 11
-98.36678258032209
 21
-24.70975019715871
 31
0.0
  0
LINE
  5
470
330
70
100
AcDbEntity
  8
W-S-A v1_4_ANYTOOL_CUTTHROUGH_OUTSI
100
AcDbLine
 10
-98.78149786756999
 20
-26.11089544170911
 30
0.0
 11
-98.78878589277329
 21
-26.10520340050132
 31
0.0
  0
LINE
  5
471
330
70
100
AcDbEntity
  8
W-S-A v1_4_ANYTOOL_CUTTHROUGH_OUTSI
100
AcDbLine
 10
-98.8707720882757
 20
-24.74791855304232
 30
0.0
 11
-98.86974847024102
 21
-24.74972379905522
 31
0.0
  0
LINE
  5
472
330
70
100
AcDbEntity
  8
W-S-A v1_4_ANYTOOL_CUTTHROUGH_OUTSI
100
AcDbLine
 10
-98.75850549474328
 20
-26.12639892259681
 30
0.0
 11
-98.76634844464968
 21
-26.12149965926021
 31
0.0
  0
LINE
  5
473
330
70
100
AcDbEntity
  8
W-S-A v1_4_ANYTOOL_CUTTHROUGH_OUTSI
100
AcDbLine
 10
-98.86866303455599
 20
-24.75149256597661
 30
0.0
 11
-98.86751707973569
 21
-24.75322273781711
 31
0.0
  0
LINE
  5
474
330
70
100
AcDbEntity
  8
W-S-A v1_4_ANYTOOL_CUTTHROUGH_OUTSI
100
AcDbLine
 10
-98.38596887194535
 20
-24.65885692966771
 30
0.0
 11
-98.3903125260819
 21
-24.65069314909641
 31
0.0
  0
LINE
  5
475
330
70
100
AcDbEntity
  8
W-S-A v1_4_ANYTOOL_CUTTHROUGH_OUTSI
100
AcDbLine
 10
-98.69062172891986
 20
-26.15520565684522
 30
0.0
 11
-98.69951109448336
 21
-26.15265735852031
 31
0.0
  0
LINE
  5
476
330
70
100
AcDbEntity
  8
W-S-A v1_4_ANYTOOL_CUTTHROUGH_OUTSI
100
AcDbLine
 10
-98.36865626928606
 20
-24.70166975108081
 30
0.0
 11
-98.37151670000137
 21
-24.69287585657391
 31
0.0
  0
LINE
  5
477
330
70
100
AcDbEntity
  8
W-S-A v1_4_ANYTOOL_CUTTHROUGH_OUTSI
100
AcDbLine
 10
-98.84600752846161
 20
-24.77233214224411
 30
0.0
 11
-98.84415444034472
 21
-24.77326636463701
 31
0.0
  0
LINE
  5
478
330
70
100
AcDbEntity
  8
W-S-A v1_4_ANYTOOL_CUTTHROUGH_OUTSI
100
AcDbLine
 10
-98.8726290485647
 20
-24.74420730331591
 30
0.0
 11
-98.87173266409831
 21
-24.7460789875672
 31
0.0
  0
LINE
  5
479
330
70
100
AcDbEntity
  8
W-S-A v1_4_ANYTOOL_CUTTHROUGH_OUTSI
100
AcDbLine
 10
-98.86631197669441
 20
-24.7549122447594
 30
0.0
 11
-98.8650491671059
 21
-24.75655906563362
 31
0.0
  0
LINE
  5
47A
330
70
100
AcDbEntity
  8
W-S-A v1_4_ANYTOOL_CUTTHROUGH_OUTSI
100
AcDbLine
 10
-98.84035692033853
 20
-24.77493983941981
 30
0.0
 11
-98.83841703145073
 21
-24.77567708981921
 31
0.0
  0
LINE
  5
47B
330
70
100
AcDbEntity
  8
W-S-A v1_4_ANYTOOL_CUTTHROUGH_OUTSI
100
AcDbLine
 10
-98.37147455173791
 20
-24.744207303316
 30
0.0
 11
-98.3706434309791
 21
-24.7423057393984
 31
0.0
  0
LINE
  5
47C
330
70
100
AcDbEntity
  8
W-S-A v1_4_ANYTOOL_CUTTHROUGH_OUTSI
100
AcDbLine
 10
-98.87652398016099
 20
-25.97278389708061
 30
0.0
 11
-98.87695772113627
 21
-25.97075446962081
 31
0.0
  0
LINE
  5
47D
330
70
100
AcDbEntity
  8
W-S-A v1_4_ANYTOOL_CUTTHROUGH_OUTSI
100
AcDbLine
 10
-98.37468221323732
 20
-24.6841871184361
 30
0.0
 11
-98.37814895427371
 21
-24.6756141171494
 31
0.0
  0
LINE
  5
47E
330
70
100
AcDbEntity
  8
W-S-A v1_4_ANYTOOL_CUTTHROUGH_OUTSI
100
AcDbLine
 10
-98.36678258032209
 20
-24.70975019715871
 30
0.0
 11
-98.36714587916626
 21
-24.70770698375871
 31
0.0
  0
LINE
  5
47F
330
70
100
AcDbEntity
  8
W-S-A v1_4_ANYTOOL_CUTTHROUGH_OUTSI
100
AcDbLine
 10
-98.87800314563618
 20
-24.72216131608141
 30
0.0
 11
-98.87786595212062
 21
-24.72423203696741
 31
0.0
  0
LINE
  5
480
330
70
100
AcDbEntity
  8
W-S-A v1_4_ANYTOOL_CUTTHROUGH_OUTSI
100
AcDbLine
 10
-98.38937475777907
 20
-24.76673312754611
 30
0.0
 11
-98.38775393049203
 21
-24.765437123706
 31
0.0
  0
LINE
  5
481
330
70
100
AcDbEntity
  8
W-S-A v1_4_ANYTOOL_CUTTHROUGH_OUTSI
100
AcDbLine
 10
-98.40963700365456
 20
-24.77694820779831
 30
0.0
 11
-98.40765079335419
 21
-24.77634681301041
 31
0.0
  0
LINE
  5
482
330
70
100
AcDbEntity
  8
W-S-A v1_4_ANYTOOL_CUTTHROUGH_OUTSI
100
AcDbLine
 10
-98.84782720039531
 20
-24.77133439422881
 30
0.0
 11
-98.84600752846161
 21
-24.77233214224411
 31
0.0
  0
LINE
  5
483
330
70
100
AcDbEntity
  8
W-S-A v1_4_ANYTOOL_CUTTHROUGH_OUTSI
100
AcDbLine
 10
-98.69951109448336
 20
-26.15265735852031
 30
0.0
 11
-98.70830613603102
 21
-26.14980045658821
 31
0.0
  0
LINE
  5
484
330
70
100
AcDbEntity
  8
W-S-A v1_4_ANYTOOL_CUTTHROUGH_OUTSI
100
AcDbLine
 10
-98.64514218715637
 20
-26.16322283647211
 30
0.0
 11
-98.65433896756796
 21
-26.16225646463111
 31
0.0
  0
LINE
  5
485
330
70
100
AcDbEntity
  8
W-S-A v1_4_ANYTOOL_CUTTHROUGH_OUTSI
100
AcDbLine
 10
-98.8530641656796
 20
-24.76797230390701
 30
0.0
 11
-98.85135763074437
 21
-24.76915317035301
 31
0.0
  0
LINE
  5
486
330
70
100
AcDbEntity
  8
W-S-A v1_4_ANYTOOL_CUTTHROUGH_OUTSI
100
AcDbLine
 10
-98.68164886413126
 20
-26.15744224843961
 30
0.0
 11
-98.69062172891986
 21
-26.15520565684522
 31
0.0
  0
LINE
  5
487
330
70
100
AcDbEntity
  8
W-S-A v1_4_ANYTOOL_CUTTHROUGH_OUTSI
100
AcDbLine
 10
-98.39984078454522
 20
-24.63484490833132
 30
0.0
 11
-98.40501378608619
 21
-24.62717974691541
 31
0.0
  0
LINE
  5
488
330
70
100
AcDbEntity
  8
W-S-A v1_4_ANYTOOL_CUTTHROUGH_OUTSI
100
AcDbLine
 10
-98.86595464602891
 20
-26.00284733623001
 30
0.0
 11
-98.8694213870653
 21
-25.9942743349433
 31
0.0
  0
LINE
  5
489
330
70
100
AcDbEntity
  8
W-S-A v1_4_ANYTOOL_CUTTHROUGH_OUTSI
100
AcDbLine
 10
-98.37779162360826
 20
-24.75491224475951
 30
0.0
 11
-98.37658652056692
 21
-24.75322273781731
 31
0.0
  0
LINE
  5
48A
330
70
100
AcDbEntity
  8
W-S-A v1_4_ANYTOOL_CUTTHROUGH_OUTSI
100
AcDbLine
 10
-98.87611332520661
 20
-24.7344466629251
 30
0.0
 11
-98.87555240401248
 21
-24.7364446805582
 31
0.0
  0
LINE
  5
48B
330
70
100
AcDbEntity
  8
W-S-A v1_4_ANYTOOL_CUTTHROUGH_OUTSI
100
AcDbLine
 10
-98.86974847024102
 20
-24.74972379905522
 30
0.0
 11
-98.86866303455599
 21
-24.75149256597661
 31
0.0
  0
LINE
  5
48C
330
70
100
AcDbEntity
  8
W-S-A v1_4_ANYTOOL_CUTTHROUGH_OUTSI
100
AcDbLine
 10
-98.39274596955823
 20
-24.76915317035301
 30
0.0
 11
-98.39103943462301
 21
-24.76797230390711
 31
0.0
  0
LINE
  5
48D
330
70
100
AcDbEntity
  8
W-S-A v1_4_ANYTOOL_CUTTHROUGH_OUTSI
100
AcDbLine
 10
-98.87346016932351
 20
-24.74230573939832
 30
0.0
 11
-98.8726290485647
 21
-24.74420730331591
 31
0.0
  0
LINE
  5
48E
330
70
100
AcDbEntity
  8
W-S-A v1_4_ANYTOOL_CUTTHROUGH_OUTSI
100
AcDbLine
 10
-98.6359172890341
 20
-26.16386773887331
 30
0.0
 11
-98.64514218715637
 21
-26.16322283647211
 31
0.0
  0
LINE
  5
48F
330
70
100
AcDbEntity
  8
W-S-A v1_4_ANYTOOL_CUTTHROUGH_OUTSI
100
AcDbLine
 10
-98.87806237596713
 20
-25.9604496153152
 30
0.0
 11
-98.87806864637131
 21
-25.9583743640701
 31
0.0
  0
LINE
  5
490
330
70
100
AcDbEntity
  8
W-S-A v1_4_ANYTOOL_CUTTHROUGH_OUTSI
100
AcDbLine
 10
-98.36626896270557
 20
-24.7138681909653
 30
0.0
 11
-98.36649015822629
 21
-24.71180475218751
 31
0.0
  0
LINE
  5
491
330
70
100
AcDbEntity
  8
W-S-A v1_4_ANYTOOL_CUTTHROUGH_OUTSI
100
AcDbLine
 10
-98.67260342658751
 20
-26.159364409753
 30
0.0
 11
-98.68164886413126
 21
-26.15744224843961
 31
0.0
  0
LINE
  5
492
330
70
100
AcDbEntity
  8
W-S-A v1_4_ANYTOOL_CUTTHROUGH_OUTSI
100
AcDbLine
 10
-98.73401886967366
 20
-26.139414771418
 30
0.0
 11
-98.74233085913699
 21
-26.13536193591241
 31
0.0
  0
LINE
  5
493
330
70
100
AcDbEntity
  8
W-S-A v1_4_ANYTOOL_CUTTHROUGH_OUTSI
100
AcDbLine
 10
-98.85945207446049
 20
-24.76268090139351
 30
0.0
 11
-98.85792470853317
 21
-24.76408584280591
 31
0.0
  0
LINE
  5
494
330
70
100
AcDbEntity
  8
W-S-A v1_4_ANYTOOL_CUTTHROUGH_OUTSI
100
AcDbLine
 10
-98.3903125260819
 20
-24.65069314909641
 30
0.0
 11
-98.39493837461688
 21
-24.64268589177531
 31
0.0
  0
LINE
  5
495
330
70
100
AcDbEntity
  8
W-S-A v1_4_ANYTOOL_CUTTHROUGH_OUTSI
100
AcDbLine
 10
-98.86235653834926
 20
-24.75971682218311
 30
0.0
 11
-98.86092994039332
 21
-24.76122398021071
 31
0.0
  0
LINE
  5
496
330
70
100
AcDbEntity
  8
W-S-A v1_4_ANYTOOL_CUTTHROUGH_OUTSI
100
AcDbLine
 10
-98.39809607184099
 20
-24.7723321422442
 30
0.0
 11
-98.39627639990728
 21
-24.77133439422891
 31
0.0
  0
LINE
  5
497
330
70
100
AcDbEntity
  8
W-S-A v1_4_ANYTOOL_CUTTHROUGH_OUTSI
100
AcDbLine
 10
-98.78878589277329
 20
-26.10520340050132
 30
0.0
 11
-98.79587088192579
 21
-26.09926054149401
 31
0.0
  0
LINE
  5
498
330
70
100
AcDbEntity
  8
W-S-A v1_4_ANYTOOL_CUTTHROUGH_OUTSI
100
AcDbLine
 10
-98.85135763074437
 20
-24.76915317035301
 30
0.0
 11
-98.84961127925851
 21
-24.77027431420451
 31
0.0
  0
LINE
  5
499
330
70
100
AcDbEntity
  8
W-S-A v1_4_ANYTOOL_CUTTHROUGH_OUTSI
100
AcDbLine
 10
-98.86219089872486
 20
-26.01129416111901
 30
0.0
 11
-98.86595464602891
 21
-26.00284733623001
 31
0.0
  0
LINE
  5
49A
330
70
100
AcDbEntity
  8
W-S-A v1_4_ANYTOOL_CUTTHROUGH_OUTSI
100
AcDbLine
 10
-98.74233085913699
 20
-26.13536193591241
 30
0.0
 11
-98.75049638194379
 21
-26.131021557845
 31
0.0
  0
LINE
  5
49B
330
70
100
AcDbEntity
  8
W-S-A v1_4_ANYTOOL_CUTTHROUGH_OUTSI
100
AcDbLine
 10
-98.87737722882098
 20
-24.72835305936271
 30
0.0
 11
-98.87702628370032
 21
-24.73039843086211
 31
0.0
  0
LINE
  5
49C
330
70
100
AcDbEntity
  8
W-S-A v1_4_ANYTOOL_CUTTHROUGH_OUTSI
100
AcDbLine
 10
-98.38317365990929
 20
-24.7612239802108
 30
0.0
 11
-98.38174706195326
 21
-24.75971682218321
 31
0.0
  0
LINE
  5
49D
330
70
100
AcDbEntity
  8
W-S-A v1_4_ANYTOOL_CUTTHROUGH_OUTSI
100
AcDbLine
 10
-98.774015681117
 20
-26.1163297337841
 30
0.0
 11
-98.78149786756999
 21
-26.11089544170911
 31
0.0
  0
LINE
  5
49E
330
70
100
AcDbEntity
  8
W-S-A v1_4_ANYTOOL_CUTTHROUGH_OUTSI
100
AcDbLine
 10
-98.83645280694842
 20
-24.7763468130103
 30
0.0
 11
-98.83446659664798
 21
-24.77694820779821
 31
0.0
  0
LINE
  5
49F
330
70
100
AcDbEntity
  8
W-S-A v1_4_ANYTOOL_CUTTHROUGH_OUTSI
100
AcDbLine
 10
-98.87173266409831
 20
-24.7460789875672
 30
0.0
 11
-98.8707720882757
 21
-24.74791855304232
 31
0.0
  0
LINE
  5
4A0
330
70
100
AcDbEntity
  8
W-S-A v1_4_ANYTOOL_CUTTHROUGH_OUTSI
100
AcDbLine
 10
-98.40765079335419
 20
-24.77634681301041
 30
0.0
 11
-98.40568656885182
 21
-24.77567708981932
 31
0.0
  0
LINE
  5
4A1
330
70
100
AcDbEntity
  8
W-S-A v1_4_ANYTOOL_CUTTHROUGH_OUTSI
100
AcDbLine
 10
-98.83908981421654
 20
-26.051281706464
 30
0.0
 11
-98.84426281575738
 21
-26.0436165450481
 31
0.0
  0
LINE
  5
4A2
330
70
100
AcDbEntity
  8
W-S-A v1_4_ANYTOOL_CUTTHROUGH_OUTSI
100
AcDbLine
 10
-98.37814895427371
 20
-24.6756141171494
 30
0.0
 11
-98.3819127015778
 21
-24.66716729226041
 31
0.0
  0
LINE
  5
4A3
330
70
100
AcDbEntity
  8
W-S-A v1_4_ANYTOOL_CUTTHROUGH_OUTSI
100
AcDbLine
 10
-98.76634844464968
 20
-26.12149965926021
 30
0.0
 11
-98.774015681117
 21
-26.1163297337841
 31
0.0
  0
LINE
  5
4A4
330
70
100
AcDbEntity
  8
W-S-A v1_4_ANYTOOL_CUTTHROUGH_OUTSI
100
AcDbLine
 10
-98.87806237596713
 20
-24.71801183806431
 30
0.0
 11
-98.87806864637131
 21
-24.72008708930931
 31
0.0
  0
LINE
  5
4A5
330
70
100
AcDbEntity
  8
W-S-A v1_4_ANYTOOL_CUTTHROUGH_OUTSI
100
AcDbLine
 10
-98.85634966981058
 20
-24.76543712370591
 30
0.0
 11
-98.85472884252346
 21
-24.766733127546
 31
0.0
  0
LINE
  5
4A6
330
70
100
AcDbEntity
  8
W-S-A v1_4_ANYTOOL_CUTTHROUGH_OUTSI
100
AcDbLine
 10
-98.84426281575738
 20
-26.0436165450481
 30
0.0
 11
-98.84916522568572
 21
-26.0357755616041
 31
0.0
  0
LINE
  5
4A7
330
70
100
AcDbEntity
  8
W-S-A v1_4_ANYTOOL_CUTTHROUGH_OUTSI
100
AcDbLine
 10
-98.82201185389442
 20
-26.07313005649491
 30
0.0
 11
-98.82795755527752
 21
-26.06604745248661
 31
0.0
  0
LINE
  5
4A8
330
70
100
AcDbEntity
  8
W-S-A v1_4_ANYTOOL_CUTTHROUGH_OUTSI
100
AcDbLine
 10
-98.80939749959127
 20
-26.08665161373531
 30
0.0
 11
-98.81582265642158
 21
-26.08000089917371
 31
0.0
  0
LINE
  5
4A9
330
70
100
AcDbEntity
  8
W-S-A v1_4_ANYTOOL_CUTTHROUGH_OUTSI
100
AcDbLine
 10
-98.85472884252346
 20
-24.766733127546
 30
0.0
 11
-98.8530641656796
 21
-24.76797230390701
 31
0.0
  0
LINE
  5
4AA
330
70
100
AcDbEntity
  8
W-S-A v1_4_ANYTOOL_CUTTHROUGH_OUTSI
100
AcDbLine
 10
-98.40568656885182
 20
-24.77567708981932
 30
0.0
 11
-98.40374667996409
 21
-24.7749398394199
 31
0.0
  0
LINE
  5
4AB
330
70
100
AcDbEntity
  8
W-S-A v1_4_ANYTOOL_CUTTHROUGH_OUTSI
100
AcDbLine
 10
-92.33298634101913
 20
-24.52983316180301
 30
0.0
 11
-92.34099545381862
 21
-24.53445579705121
 31
0.0
  0
LINE
  5
4AC
330
70
100
AcDbEntity
  8
W-S-A v1_4_ANYTOOL_CUTTHROUGH_OUTSI
100
AcDbLine
 10
-92.06024511472831
 20
-24.5393550603878
 30
0.0
 11
-92.06808806463472
 21
-24.53445579705121
 31
0.0
  0
LINE
  5
4AD
330
70
100
AcDbEntity
  8
W-S-A v1_4_ANYTOOL_CUTTHROUGH_OUTSI
100
AcDbLine
 10
-92.19991805280013
 20
-24.49666433312641
 30
0.0
 11
-92.20916546565312
 21
-24.49666433312641
 31
0.0
  0
LINE
  5
4AE
330
70
100
AcDbEntity
  8
W-S-A v1_4_ANYTOOL_CUTTHROUGH_OUTSI
100
AcDbLine
 10
-98.40765079335419
 20
-25.90211464036921
 30
0.0
 11
-98.40568656885182
 21
-25.9027843635603
 31
0.0
  0
LINE
  5
4AF
330
70
100
AcDbEntity
  8
W-S-A v1_4_ANYTOOL_CUTTHROUGH_OUTSI
100
AcDbLine
 10
-92.2368289266433
 20
-24.49859825501691
 30
0.0
 11
-92.24598639020703
 21
-24.4998849195239
 31
0.0
  0
ARC
  5
4B0
330
70
100
AcDbEntity
  8
W-S-A v1_4_ANYTOOL_CUTTHROUGH_OUTSI
100
AcDbCircle
 10
-92.59454175923352
 20
-25.82162399295838
 30
0.0
 40
0.0600000000000362
100
AcDbArc
 50
179.9999999997218
 51
270.0000400796164
  0
LINE
  5
4B1
330
70
100
AcDbEntity
  8
W-S-A v1_4_ANYTOOL_CUTTHROUGH_OUTSI
100
AcDbLine
 10
-92.45000703881101
 20
-25.90763198183091
 30
0.0
 11
-92.44880193576975
 21
-25.9059424748886
 31
0.0
  0
LINE
  5
4B2
330
70
100
AcDbEntity
  8
W-S-A v1_4_ANYTOOL_CUTTHROUGH_OUTSI
100
AcDbLine
 10
-98.36672637148163
 20
-24.7283530593628
 30
0.0
 11
-98.36644637035227
 21
-24.7262967747483
 31
0.0
  0
LINE
  5
4B3
330
70
100
AcDbEntity
  8
W-S-A v1_4_ANYTOOL_CUTTHROUGH_OUTSI
100
AcDbLine
 10
-98.39493837461688
 20
-24.64268589177531
 30
0.0
 11
-98.39984078454522
 21
-24.63484490833132
 31
0.0
  0
LINE
  5
4B4
330
70
100
AcDbEntity
  8
W-S-A v1_4_ANYTOOL_CUTTHROUGH_OUTSI
100
AcDbLine
 10
-98.42602884231222
 20
-25.89923072668901
 30
0.0
 11
-98.42395389194861
 21
-25.89926661591441
 31
0.0
  0
LINE
  5
4B5
330
70
100
AcDbEntity
  8
W-S-A v1_4_ANYTOOL_CUTTHROUGH_OUTSI
100
AcDbLine
 10
-98.39449232104406
 20
-24.7702743142046
 30
0.0
 11
-98.39274596955823
 21
-24.76915317035301
 31
0.0
  0
LINE
  5
4B6
330
70
100
AcDbEntity
  8
W-S-A v1_4_ANYTOOL_CUTTHROUGH_OUTSI
100
AcDbLine
 10
-92.19067627034389
 20
-24.4969869807748
 30
0.0
 11
-92.19991805280013
 21
-24.49666433312641
 31
0.0
  0
ARC
  5
4B7
330
70
100
AcDbEntity
  8
W-S-A v1_4_ANYTOOL_CUTTHROUGH_OUTSI
100
AcDbCircle
 10
92.54304175923374
 20
-25.32162399295835
 30
0.0
 40
0.0600000000000726
210
0.0
220
0.0
230
-1.0
100
AcDbArc
 50
163.3770524843906
 51
196.6229475156061
  0
LINE
  5
4B8
330
70
100
AcDbEntity
  8
W-S-A v1_4_ANYTOOL_CUTTHROUGH_OUTSI
100
AcDbLine
 10
-98.39809607184099
 20
-25.90612931113542
 30
0.0
 11
-98.39627639990728
 21
-25.9071270591507
 31
0.0
  0
LINE
  5
4B9
330
70
100
AcDbEntity
  8
W-S-A v1_4_ANYTOOL_CUTTHROUGH_OUTSI
100
AcDbLine
 10
-92.44622012075415
 20
-25.90269348931271
 30
0.0
 11
-92.44484649742458
 21
-25.9011378974649
 31
0.0
  0
LINE
  5
4BA
330
70
100
AcDbEntity
  8
W-S-A v1_4_ANYTOOL_CUTTHROUGH_OUTSI
100
AcDbLine
 10
-98.85792470853317
 20
-24.76408584280591
 30
0.0
 11
-98.85634966981058
 21
-24.76543712370591
 31
0.0
  0
LINE
  5
4BB
330
70
100
AcDbEntity
  8
W-S-A v1_4_ANYTOOL_CUTTHROUGH_OUTSI
100
AcDbLine
 10
-98.8742250320984
 20
-24.74037657066971
 30
0.0
 11
-98.87346016932351
 21
-24.74230573939832
 31
0.0
  0
LINE
  5
4BC
330
70
100
AcDbEntity
  8
W-S-A v1_4_ANYTOOL_CUTTHROUGH_OUTSI
100
AcDbLine
 10
-98.8766048144266
 20
-24.73243044235311
 30
0.0
 11
-98.87611332520661
 21
-24.7344466629251
 31
0.0
  0
LINE
  5
4BD
330
70
100
AcDbEntity
  8
W-S-A v1_4_ANYTOOL_CUTTHROUGH_OUTSI
100
AcDbLine
 10
-92.22763214623169
 20
-24.49763188317591
 30
0.0
 11
-92.2368289266433
 21
-24.49859825501691
 31
0.0
  0
LINE
  5
4BE
330
70
100
AcDbEntity
  8
W-S-A v1_4_ANYTOOL_CUTTHROUGH_OUTSI
100
AcDbLine
 10
-91.95486089527964
 20
-25.9147757320808
 30
0.0
 11
-91.95396451081323
 21
-25.9166474163322
 31
0.0
  0
LINE
  5
4BF
330
70
100
AcDbEntity
  8
W-S-A v1_4_ANYTOOL_CUTTHROUGH_OUTSI
100
AcDbLine
 10
-98.36611925837779
 20
-24.71593804498491
 30
0.0
 11
-98.36626896270557
 21
-24.7138681909653
 31
0.0
  0
LINE
  5
4C0
330
70
100
AcDbEntity
  8
W-S-A v1_4_ANYTOOL_CUTTHROUGH_OUTSI
100
AcDbLine
 10
-92.59454171726224
 20
-25.88162399295841
 30
0.0
 11
-92.47318136958943
 21
-25.8816239930074
 31
0.0
  0
LINE
  5
4C1
330
70
100
AcDbEntity
  8
W-S-A v1_4_ANYTOOL_CUTTHROUGH_OUTSI
100
AcDbLine
 10
-92.00024380490614
 20
-24.76105062363281
 30
0.0
 11
-91.99819363281095
 21
-24.76072890725449
 31
0.0
  0
LINE
  5
4C2
330
70
100
AcDbEntity
  8
W-S-A v1_4_ANYTOOL_CUTTHROUGH_OUTSI
100
AcDbLine
 10
-91.95104115536546
 20
-25.9244100390899
 30
0.0
 11
-91.95048023417134
 21
-25.926408056723
 31
0.0
  0
LINE
  5
4C3
330
70
100
AcDbEntity
  8
W-S-A v1_4_ANYTOOL_CUTTHROUGH_OUTSI
100
AcDbLine
 10
-98.3999491599579
 20
-25.90519508874241
 30
0.0
 11
-98.39809607184099
 21
-25.90612931113542
 31
0.0
  0
LINE
  5
4C4
330
70
100
AcDbEntity
  8
W-S-A v1_4_ANYTOOL_CUTTHROUGH_OUTSI
100
AcDbLine
 10
-98.4177538458308
 20
-25.89980409601531
 30
0.0
 11
-98.41570367373563
 21
-25.90012581239371
 31
0.0
  0
LINE
  5
4C5
330
70
100
AcDbEntity
  8
W-S-A v1_4_ANYTOOL_CUTTHROUGH_OUTSI
100
AcDbLine
 10
-98.87806864637131
 20
-24.72008708930931
 30
0.0
 11
-98.87800314563618
 21
-24.72216131608141
 31
0.0
  0
LINE
  5
4C6
330
70
100
AcDbEntity
  8
W-S-A v1_4_ANYTOOL_CUTTHROUGH_OUTSI
100
AcDbLine
 10
-92.4598671878963
 20
-25.93250166028529
 30
0.0
 11
-92.45951624277564
 21
-25.93045628878591
 31
0.0
  0
LINE
  5
4C7
330
70
100
AcDbEntity
  8
W-S-A v1_4_ANYTOOL_CUTTHROUGH_OUTSI
100
AcDbLine
 10
-98.40374667996409
 20
-25.9035216139597
 30
0.0
 11
-98.40183344739457
 21
-25.9043255095892
 31
0.0
  0
ARC
  5
4C8
330
70
100
AcDbEntity
  8
W-S-A v1_4_ANYTOOL_CUTTHROUGH_OUTSI
100
AcDbCircle
 10
-92.20454175923356
 20
-24.7616239929593
 30
0.0
 40
0.2050000000002158
100
AcDbArc
 50
15.30519438132144
 51
164.6948056186536
  0
LINE
  5
4C9
330
70
100
AcDbEntity
  8
W-S-A v1_4_ANYTOOL_CUTTHROUGH_OUTSI
100
AcDbLine
 10
-92.40056471706564
 20
-25.8816239929576
 30
0.0
 11
-92.00851880138754
 21
-25.8816239929576
 31
0.0
  0
LINE
  5
4CA
330
70
100
AcDbEntity
  8
W-S-A v1_4_ANYTOOL_CUTTHROUGH_OUTSI
100
AcDbLine
 10
-98.3819127015778
 20
-24.66716729226041
 30
0.0
 11
-98.38596887194535
 21
-24.65885692966771
 31
0.0
  0
LINE
  5
4CB
330
70
100
AcDbEntity
  8
W-S-A v1_4_ANYTOOL_CUTTHROUGH_OUTSI
100
AcDbLine
 10
-98.36604122433548
 20
-24.7180118380644
 30
0.0
 11
-98.36611925837779
 21
-24.71593804498491
 31
0.0
  0
LINE
  5
4CC
330
70
100
AcDbEntity
  8
W-S-A v1_4_ANYTOOL_CUTTHROUGH_OUTSI
100
AcDbLine
 10
-98.36757962014168
 20
-24.70567755629891
 30
0.0
 11
-98.36808328436069
 21
-24.7036643425987
 31
0.0
  0
LINE
  5
4CD
330
70
100
AcDbEntity
  8
W-S-A v1_4_ANYTOOL_CUTTHROUGH_OUTSI
100
AcDbLine
 10
-98.36714587916626
 20
-24.70770698375871
 30
0.0
 11
-98.36757962014168
 21
-24.70567755629891
 31
0.0
  0
LINE
  5
4CE
330
70
100
AcDbEntity
  8
W-S-A v1_4_ANYTOOL_CUTTHROUGH_OUTSI
100
AcDbLine
 10
-98.86373016167881
 20
-24.75816123033542
 30
0.0
 11
-98.86235653834926
 21
-24.75971682218311
 31
0.0
  0
LINE
  5
4CF
330
70
100
AcDbEntity
  8
W-S-A v1_4_ANYTOOL_CUTTHROUGH_OUTSI
100
AcDbLine
 10
-98.87492272187859
 20
-24.73842210500891
 30
0.0
 11
-98.8742250320984
 21
-24.74037657066971
 31
0.0
  0
LINE
  5
4D0
330
70
100
AcDbEntity
  8
W-S-A v1_4_ANYTOOL_CUTTHROUGH_OUTSI
100
AcDbLine
 10
-98.55348187138282
 20
-24.52325579653431
 30
0.0
 11
-98.56245473617141
 21
-24.5210192049399
 31
0.0
  0
LINE
  5
4D1
330
70
100
AcDbEntity
  8
W-S-A v1_4_ANYTOOL_CUTTHROUGH_OUTSI
100
AcDbLine
 10
-92.48554927463505
 20
-25.33878832267661
 30
0.0
 11
-92.65454175923355
 21
-25.82162399295809
 31
0.0
  0
LINE
  5
4D2
330
70
100
AcDbEntity
  8
W-S-A v1_4_ANYTOOL_CUTTHROUGH_OUTSI
100
AcDbLine
 10
-91.75454175923354
 20
-25.82162399295841
 30
0.0
 11
-91.92353424383204
 21
-25.33878832267732
 31
0.0
  0
LINE
  5
4D3
330
70
100
AcDbEntity
  8
W-S-A v1_4_ANYTOOL_CUTTHROUGH_OUTSI
100
AcDbLine
 10
-98.41366585371709
 20
-25.90051823642511
 30
0.0
 11
-98.41164282363466
 21
-25.90098089864971
 31
0.0
  0
LINE
  5
4D4
330
70
100
AcDbEntity
  8
W-S-A v1_4_ANYTOOL_CUTTHROUGH_OUTSI
100
AcDbLine
 10
-92.40056471706564
 20
-24.76162399295901
 30
0.0
 11
-92.00851880138754
 21
-24.7616239929591
 31
0.0
  0
LINE
  5
4D5
330
70
100
AcDbEntity
  8
W-S-A v1_4_ANYTOOL_CUTTHROUGH_OUTSI
100
AcDbLine
 10
-98.41164282363466
 20
-25.90098089864971
 30
0.0
 11
-98.40963700365456
 21
-25.90151324558131
 31
0.0
  0
ARC
  5
4D6
330
70
100
AcDbEntity
  8
W-S-A v1_4_ANYTOOL_CUTTHROUGH_OUTSI
100
AcDbCircle
 10
-92.20454175923348
 20
-25.88162399295878
 30
0.0
 40
0.204999999999901
100
AcDbArc
 50
195.3051943809466
 51
344.6948056190736
  0
LINE
  5
4D7
330
70
100
AcDbEntity
  8
W-S-A v1_4_ANYTOOL_CUTTHROUGH_OUTSI
100
AcDbLine
 10
-98.42395389194861
 20
-25.89926661591441
 30
0.0
 11
-98.42188142386358
 21
-25.89937424065611
 31
0.0
  0
LINE
  5
4D8
330
70
100
AcDbEntity
  8
W-S-A v1_4_ANYTOOL_CUTTHROUGH_OUTSI
100
AcDbLine
 10
-98.86092994039332
 20
-24.76122398021071
 30
0.0
 11
-98.85945207446049
 21
-24.76268090139351
 31
0.0
  0
LINE
  5
4D9
330
70
100
AcDbEntity
  8
W-S-A v1_4_ANYTOOL_CUTTHROUGH_OUTSI
100
AcDbLine
 10
-98.87702628370032
 20
-24.73039843086211
 30
0.0
 11
-98.8766048144266
 21
-24.73243044235311
 31
0.0
  0
LINE
  5
4DA
330
70
100
AcDbEntity
  8
W-S-A v1_4_ANYTOOL_CUTTHROUGH_OUTSI
100
AcDbLine
 10
-98.42209174640817
 20
-26.07313005649491
 30
0.0
 11
-98.4282809438811
 21
-26.08000089917371
 31
0.0
  0
LINE
  5
4DB
330
70
100
AcDbEntity
  8
W-S-A v1_4_ANYTOOL_CUTTHROUGH_OUTSI
100
AcDbLine
 10
-92.44194203353583
 20
-25.8981738182545
 30
0.0
 11
-92.44041466760849
 21
-25.8967688768421
 31
0.0
  0
LINE
  5
4DC
330
70
100
AcDbEntity
  8
W-S-A v1_4_ANYTOOL_CUTTHROUGH_OUTSI
100
AcDbLine
 10
-91.97523592863356
 20
-25.8917015492951
 30
0.0
 11
-91.97352939369833
 21
-25.8928824157411
 31
0.0
  0
LINE
  5
4DD
330
70
100
AcDbEntity
  8
W-S-A v1_4_ANYTOOL_CUTTHROUGH_OUTSI
100
AcDbLine
 10
-91.96714148491745
 20
-25.8981738182545
 30
0.0
 11
-91.96566361898462
 21
-25.89963073943741
 31
0.0
  0
LINE
  5
4DE
330
70
100
AcDbEntity
  8
W-S-A v1_4_ANYTOOL_CUTTHROUGH_OUTSI
100
AcDbLine
 10
-92.45595012839883
 20
-25.9185489802497
 30
0.0
 11
-92.45511900764002
 21
-25.9166474163321
 31
0.0
  0
LINE
  5
4DF
330
70
100
AcDbEntity
  8
W-S-A v1_4_ANYTOOL_CUTTHROUGH_OUTSI
100
AcDbLine
 10
-98.84415444034472
 20
-24.77326636463701
 30
0.0
 11
-98.84227015290802
 21
-24.7741359437903
 31
0.0
  0
LINE
  5
4E0
330
70
100
AcDbEntity
  8
W-S-A v1_4_ANYTOOL_CUTTHROUGH_OUTSI
100
AcDbLine
 10
-91.95793052482192
 20
-25.90936215367151
 30
0.0
 11
-91.95684508913691
 21
-25.91113092059279
 31
0.0
  0
LINE
  5
4E1
330
70
100
AcDbEntity
  8
W-S-A v1_4_ANYTOOL_CUTTHROUGH_OUTSI
100
AcDbLine
 10
-92.44041466760849
 20
-25.8967688768421
 30
0.0
 11
-92.43883962888592
 21
-25.8954175959421
 31
0.0
  0
LINE
  5
4E2
330
70
100
AcDbEntity
  8
W-S-A v1_4_ANYTOOL_CUTTHROUGH_OUTSI
100
AcDbLine
 10
-92.08426270024094
 20
-26.11775520218101
 30
0.0
 11
-92.09257468970434
 21
-26.12180803768659
 31
0.0
  0
LINE
  5
4E3
330
70
100
AcDbEntity
  8
W-S-A v1_4_ANYTOOL_CUTTHROUGH_OUTSI
100
AcDbLine
 10
-92.01719605978672
 20
-24.57420310591271
 30
0.0
 11
-92.02384935190901
 21
-24.5677806182009
 31
0.0
  0
LINE
  5
4E4
330
70
100
AcDbEntity
  8
W-S-A v1_4_ANYTOOL_CUTTHROUGH_OUTSI
100
AcDbLine
 10
-98.36808328436069
 20
-24.7036643425987
 30
0.0
 11
-98.36865626928606
 21
-24.70166975108081
 31
0.0
  0
LINE
  5
4E5
330
70
100
AcDbEntity
  8
W-S-A v1_4_ANYTOOL_CUTTHROUGH_OUTSI
100
AcDbLine
 10
-98.42188142386358
 20
-25.89937424065611
 30
0.0
 11
-98.41981391736647
 21
-25.8995534721617
 31
0.0
  0
LINE
  5
4E6
330
70
100
AcDbEntity
  8
W-S-A v1_4_ANYTOOL_CUTTHROUGH_OUTSI
100
AcDbLine
 10
-98.40568656885182
 20
-25.9027843635603
 30
0.0
 11
-98.40374667996409
 21
-25.9035216139597
 31
0.0
  0
ARC
  5
4E7
330
70
100
AcDbEntity
  8
W-S-A v1_4_ANYTOOL_CUTTHROUGH_OUTSI
100
AcDbCircle
 10
-91.81454175923352
 20
-24.82162399295838
 30
0.0
 40
0.0599999999999767
100
AcDbArc
 50
359.9999999999797
 51
90.00000000031212
  0
LINE
  5
4E8
330
70
100
AcDbEntity
  8
W-S-A v1_4_ANYTOOL_CUTTHROUGH_OUTSI
100
AcDbLine
 10
-98.87786595212062
 20
-24.72423203696741
 30
0.0
 11
-98.8776572299502
 21
-24.72629677474821
 31
0.0
  0
LINE
  5
4E9
330
70
100
AcDbEntity
  8
W-S-A v1_4_ANYTOOL_CUTTHROUGH_OUTSI
100
AcDbLine
 10
-91.95313339005442
 20
-25.9185489802497
 30
0.0
 11
-91.95236852727941
 21
-25.92047814897842
 31
0.0
  0
LINE
  5
4EA
330
70
100
AcDbEntity
  8
W-S-A v1_4_ANYTOOL_CUTTHROUGH_OUTSI
100
AcDbLine
 10
-92.44880193576975
 20
-25.9059424748886
 30
0.0
 11
-92.44753912618122
 21
-25.9042956540145
 31
0.0
  0
LINE
  5
4EB
330
70
100
AcDbEntity
  8
W-S-A v1_4_ANYTOOL_CUTTHROUGH_OUTSI
100
AcDbLine
 10
-92.11828742334692
 20
-24.51105426305981
 30
0.0
 11
-92.12708246489462
 21
-24.5081973611277
 31
0.0
  0
LINE
  5
4EC
330
70
100
AcDbEntity
  8
W-S-A v1_4_ANYTOOL_CUTTHROUGH_OUTSI
100
AcDbLine
 10
-92.40263966742933
 20
-24.76158810373361
 30
0.0
 11
-92.40056471706564
 21
-24.76162399295901
 31
0.0
  0
LINE
  5
4ED
330
70
100
AcDbEntity
  8
W-S-A v1_4_ANYTOOL_CUTTHROUGH_OUTSI
100
AcDbLine
 10
-92.07609717743435
 20
-26.1134148241136
 30
0.0
 11
-92.08426270024094
 21
-26.11775520218101
 31
0.0
  0
LINE
  5
4EE
330
70
100
AcDbEntity
  8
W-S-A v1_4_ANYTOOL_CUTTHROUGH_OUTSI
100
AcDbLine
 10
-91.97024388956736
 20
-24.74783038997459
 30
0.0
 11
-91.96866885084471
 21
-24.7464791090746
 31
0.0
  0
LINE
  5
4EF
330
70
100
AcDbEntity
  8
W-S-A v1_4_ANYTOOL_CUTTHROUGH_OUTSI
100
AcDbLine
 10
-92.16309712824623
 20
-26.1433630663927
 30
0.0
 11
-92.17225459180992
 21
-26.14464973089971
 31
0.0
  0
LINE
  5
4F0
330
70
100
AcDbEntity
  8
W-S-A v1_4_ANYTOOL_CUTTHROUGH_OUTSI
100
AcDbLine
 10
-92.01077090295644
 20
-24.58085382047431
 30
0.0
 11
-92.01719605978672
 21
-24.57420310591271
 31
0.0
  0
LINE
  5
4F1
330
70
100
AcDbEntity
  8
W-S-A v1_4_ANYTOOL_CUTTHROUGH_OUTSI
100
AcDbLine
 10
-92.19991805280013
 20
-26.1465836527903
 30
0.0
 11
-92.20916546565312
 21
-26.1465836527903
 31
0.0
  0
LINE
  5
4F2
330
70
100
AcDbEntity
  8
W-S-A v1_4_ANYTOOL_CUTTHROUGH_OUTSI
100
AcDbLine
 10
-91.96154439227205
 20
-25.9042956540145
 30
0.0
 11
-91.9602815826836
 21
-25.9059424748886
 31
0.0
  0
LINE
  5
4F3
330
70
100
AcDbEntity
  8
W-S-A v1_4_ANYTOOL_CUTTHROUGH_OUTSI
100
AcDbLine
 10
-92.10959741574553
 20
-26.1290316962344
 30
0.0
 11
-92.11828742334692
 21
-26.1321937228568
 31
0.0
  0
LINE
  5
4F4
330
70
100
AcDbEntity
  8
W-S-A v1_4_ANYTOOL_CUTTHROUGH_OUTSI
100
AcDbLine
 10
-92.41088988564232
 20
-24.76072890725441
 30
0.0
 11
-92.40883971354714
 21
-24.76105062363281
 31
0.0
  0
LINE
  5
4F5
330
70
100
AcDbEntity
  8
W-S-A v1_4_ANYTOOL_CUTTHROUGH_OUTSI
100
AcDbLine
 10
-92.06024511472831
 20
-26.1038929255288
 30
0.0
 11
-92.06808806463472
 21
-26.10879218886541
 31
0.0
  0
LINE
  5
4F6
330
70
100
AcDbEntity
  8
W-S-A v1_4_ANYTOOL_CUTTHROUGH_OUTSI
100
AcDbLine
 10
-92.01077090295644
 20
-26.06239416544231
 30
0.0
 11
-92.01719605978672
 21
-26.0690448800039
 31
0.0
  0
LINE
  5
4F7
330
70
100
AcDbEntity
  8
W-S-A v1_4_ANYTOOL_CUTTHROUGH_OUTSI
100
AcDbLine
 10
-91.95167083749934
 20
-24.72081537127771
 30
0.0
 11
-91.95104115536546
 21
-24.71883794682691
 31
0.0
  0
LINE
  5
4F8
330
70
100
AcDbEntity
  8
W-S-A v1_4_ANYTOOL_CUTTHROUGH_OUTSI
100
AcDbLine
 10
-92.03072267745215
 20
-24.561594178154
 30
0.0
 11
-92.03780766660472
 21
-24.55565131914671
 31
0.0
  0
LINE
  5
4F9
330
70
100
AcDbEntity
  8
W-S-A v1_4_ANYTOOL_CUTTHROUGH_OUTSI
100
AcDbLine
 10
-92.02384935190901
 20
-26.0754673677158
 30
0.0
 11
-92.03072267745215
 21
-26.0816538077626
 31
0.0
  0
LINE
  5
4FA
330
70
100
AcDbEntity
  8
W-S-A v1_4_ANYTOOL_CUTTHROUGH_OUTSI
100
AcDbLine
 10
-92.14494469524673
 20
-24.5034124712085
 30
0.0
 11
-92.1539901327905
 21
-24.501490309895
 31
0.0
  0
LINE
  5
4FB
330
70
100
AcDbEntity
  8
W-S-A v1_4_ANYTOOL_CUTTHROUGH_OUTSI
100
AcDbLine
 10
-92.052577878261
 20
-26.09872300005269
 30
0.0
 11
-92.06024511472831
 21
-26.1038929255288
 31
0.0
  0
LINE
  5
4FC
330
70
100
AcDbEntity
  8
W-S-A v1_4_ANYTOOL_CUTTHROUGH_OUTSI
100
AcDbLine
 10
-92.00437138293892
 20
-24.7614804789921
 30
0.0
 11
-92.00230387644181
 21
-24.76130124748639
 31
0.0
  0
LINE
  5
4FD
330
70
100
AcDbEntity
  8
W-S-A v1_4_ANYTOOL_CUTTHROUGH_OUTSI
100
AcDbLine
 10
-92.32482081821231
 20
-24.5254927837356
 30
0.0
 11
-92.33298634101913
 21
-24.52983316180301
 31
0.0
  0
LINE
  5
4FE
330
70
100
AcDbEntity
  8
W-S-A v1_4_ANYTOOL_CUTTHROUGH_OUTSI
100
AcDbLine
 10
-91.94956727567754
 20
-25.93045628878591
 30
0.0
 11
-91.94921633055697
 21
-25.93250166028529
 31
0.0
  0
LINE
  5
4FF
330
70
100
AcDbEntity
  8
W-S-A v1_4_ANYTOOL_CUTTHROUGH_OUTSI
100
AcDbLine
 10
-91.95167083749934
 20
-25.9224326146391
 30
0.0
 11
-91.95104115536546
 21
-25.9244100390899
 31
0.0
  0
LINE
  5
500
330
70
100
AcDbEntity
  8
W-S-A v1_4_ANYTOOL_CUTTHROUGH_OUTSI
100
AcDbLine
 10
-91.9485904137417
 20
-25.9386934035667
 30
0.0
 11
-91.94852491300663
 21
-25.94076763033869
 31
0.0
  0
LINE
  5
501
330
70
100
AcDbEntity
  8
W-S-A v1_4_ANYTOOL_CUTTHROUGH_OUTSI
100
AcDbLine
 10
-92.03072267745215
 20
-26.0816538077626
 30
0.0
 11
-92.03780766660472
 21
-26.08759666676992
 31
0.0
  0
LINE
  5
502
330
70
100
AcDbEntity
  8
W-S-A v1_4_ANYTOOL_CUTTHROUGH_OUTSI
100
AcDbLine
 10
-92.47318136954032
 20
-24.76162399295841
 30
0.0
 11
-92.59454171726225
 21
-24.76162399295841
 31
0.0
  0
LINE
  5
503
330
70
100
AcDbEntity
  8
W-S-A v1_4_ANYTOOL_CUTTHROUGH_OUTSI
100
AcDbLine
 10
-91.9602815826836
 20
-25.9059424748886
 30
0.0
 11
-91.95907647964224
 21
-25.90763198183091
 31
0.0
  0
LINE
  5
504
330
70
100
AcDbEntity
  8
W-S-A v1_4_ANYTOOL_CUTTHROUGH_OUTSI
100
AcDbLine
 10
-92.34883840372502
 20
-24.5393550603878
 30
0.0
 11
-92.35650564019234
 21
-24.54452498586391
 31
0.0
  0
LINE
  5
505
330
70
100
AcDbEntity
  8
W-S-A v1_4_ANYTOOL_CUTTHROUGH_OUTSI
100
AcDbLine
 10
-92.20916546565312
 20
-24.49666433312641
 30
0.0
 11
-92.21840724810943
 21
-24.4969869807748
 31
0.0
  0
LINE
  5
506
330
70
100
AcDbEntity
  8
W-S-A v1_4_ANYTOOL_CUTTHROUGH_OUTSI
100
AcDbLine
 10
-92.10959741574553
 20
-24.5142162896822
 30
0.0
 11
-92.11828742334692
 21
-24.51105426305981
 31
0.0
  0
LINE
  5
507
330
70
100
AcDbEntity
  8
W-S-A v1_4_ANYTOOL_CUTTHROUGH_OUTSI
100
AcDbLine
 10
-91.97352939369833
 20
-24.7503655701757
 30
0.0
 11
-91.97186471685439
 21
-24.7491263938147
 31
0.0
  0
LINE
  5
508
330
70
100
AcDbEntity
  8
W-S-A v1_4_ANYTOOL_CUTTHROUGH_OUTSI
100
AcDbLine
 10
-92.09257468970434
 20
-26.12180803768659
 30
0.0
 11
-92.10102302411803
 21
-26.1255683953966
 31
0.0
  0
LINE
  5
509
330
70
100
AcDbEntity
  8
W-S-A v1_4_ANYTOOL_CUTTHROUGH_OUTSI
100
AcDbLine
 10
-92.07609717743435
 20
-24.52983316180301
 30
0.0
 11
-92.08426270024094
 21
-24.5254927837356
 31
0.0
  0
LINE
  5
50A
330
70
100
AcDbEntity
  8
W-S-A v1_4_ANYTOOL_CUTTHROUGH_OUTSI
100
AcDbLine
 10
-91.98623663903942
 20
-24.75733310568849
 30
0.0
 11
-91.98432340646993
 21
-24.75652921005901
 31
0.0
  0
LINE
  5
50B
330
70
100
AcDbEntity
  8
W-S-A v1_4_ANYTOOL_CUTTHROUGH_OUTSI
100
AcDbLine
 10
-91.95684508913691
 20
-25.91113092059279
 30
0.0
 11
-91.95582147110226
 21
-25.9129361666057
 31
0.0
  0
LINE
  5
50C
330
70
100
AcDbEntity
  8
W-S-A v1_4_ANYTOOL_CUTTHROUGH_OUTSI
100
AcDbLine
 10
-92.00644385102394
 20
-24.7615881037337
 30
0.0
 11
-92.00437138293892
 21
-24.7614804789921
 31
0.0
  0
LINE
  5
50D
330
70
100
AcDbEntity
  8
W-S-A v1_4_ANYTOOL_CUTTHROUGH_OUTSI
100
AcDbLine
 10
-91.95048023417134
 20
-25.926408056723
 30
0.0
 11
-91.94998874495134
 21
-25.92842427729501
 31
0.0
  0
LINE
  5
50E
330
70
100
AcDbEntity
  8
W-S-A v1_4_ANYTOOL_CUTTHROUGH_OUTSI
100
AcDbLine
 10
-92.12708246489462
 20
-26.13505062478891
 30
0.0
 11
-92.13597183045814
 21
-26.13759892311382
 31
0.0
  0
LINE
  5
50F
330
70
100
AcDbEntity
  8
W-S-A v1_4_ANYTOOL_CUTTHROUGH_OUTSI
100
AcDbLine
 10
-92.45804236308782
 20
-25.92441003908981
 30
0.0
 11
-92.45741268095393
 21
-25.9224326146391
 31
0.0
  0
LINE
  5
510
330
70
100
AcDbEntity
  8
W-S-A v1_4_ANYTOOL_CUTTHROUGH_OUTSI
100
AcDbLine
 10
-91.99294103902852
 20
-24.60209300784461
 30
0.0
 11
-91.99863600410063
 21
-24.59480726716141
 31
0.0
  0
LINE
  5
511
330
70
100
AcDbEntity
  8
W-S-A v1_4_ANYTOOL_CUTTHROUGH_OUTSI
100
AcDbLine
 10
-92.45326204735102
 20
-25.9129361666057
 30
0.0
 11
-92.45223842931634
 21
-25.91113092059279
 31
0.0
  0
LINE
  5
512
330
70
100
AcDbEntity
  8
W-S-A v1_4_ANYTOOL_CUTTHROUGH_OUTSI
100
AcDbLine
 10
-92.40471213551435
 20
-24.761480478992
 30
0.0
 11
-92.40263966742933
 21
-24.76158810373361
 31
0.0
  0
LINE
  5
513
330
70
100
AcDbEntity
  8
W-S-A v1_4_ANYTOOL_CUTTHROUGH_OUTSI
100
AcDbLine
 10
-91.96866885084471
 20
-24.7464791090746
 30
0.0
 11
-91.96714148491745
 21
-24.74507416766219
 31
0.0
  0
LINE
  5
514
330
70
100
AcDbEntity
  8
W-S-A v1_4_ANYTOOL_CUTTHROUGH_OUTSI
100
AcDbLine
 10
-91.94921633055697
 20
-25.93250166028529
 30
0.0
 11
-91.94893632942759
 21
-25.9345579448998
 31
0.0
  0
LINE
  5
515
330
70
100
AcDbEntity
  8
W-S-A v1_4_ANYTOOL_CUTTHROUGH_OUTSI
100
AcDbLine
 10
-92.24598639020703
 20
-24.4998849195239
 30
0.0
 11
-92.25509338566284
 21
-24.501490309895
 31
0.0
  0
LINE
  5
516
330
70
100
AcDbEntity
  8
W-S-A v1_4_ANYTOOL_CUTTHROUGH_OUTSI
100
AcDbLine
 10
-91.99413278271
 20
-24.75987382099841
 30
0.0
 11
-91.99212696272988
 21
-24.75934147406691
 31
0.0
  0
LINE
  5
517
330
70
100
AcDbEntity
  8
W-S-A v1_4_ANYTOOL_CUTTHROUGH_OUTSI
100
AcDbLine
 10
-91.97352939369833
 20
-25.8928824157411
 30
0.0
 11
-91.97186471685439
 21
-25.89412159210211
 31
0.0
  0
LINE
  5
518
330
70
100
AcDbEntity
  8
W-S-A v1_4_ANYTOOL_CUTTHROUGH_OUTSI
100
AcDbLine
 10
-91.98432340646993
 20
-24.75652921005901
 30
0.0
 11
-91.98243911903324
 21
-24.75565963090569
 31
0.0
  0
LINE
  5
519
330
70
100
AcDbEntity
  8
W-S-A v1_4_ANYTOOL_CUTTHROUGH_OUTSI
100
AcDbLine
 10
-91.95684508913691
 20
-24.73211706532391
 30
0.0
 11
-91.95582147110226
 21
-24.73031181931102
 31
0.0
  0
LINE
  5
51A
330
70
100
AcDbEntity
  8
W-S-A v1_4_ANYTOOL_CUTTHROUGH_OUTSI
100
AcDbLine
 10
-92.45741268095393
 20
-25.9224326146391
 30
0.0
 11
-92.45671499117372
 21
-25.92047814897842
 31
0.0
  0
LINE
  5
51B
330
70
100
AcDbEntity
  8
W-S-A v1_4_ANYTOOL_CUTTHROUGH_OUTSI
100
AcDbLine
 10
-92.19067627034389
 20
-26.14626100514179
 30
0.0
 11
-92.19991805280013
 21
-26.1465836527903
 31
0.0
  0
LINE
  5
51C
330
70
100
AcDbEntity
  8
W-S-A v1_4_ANYTOOL_CUTTHROUGH_OUTSI
100
AcDbLine
 10
-92.29948610270781
 20
-24.5142162896822
 30
0.0
 11
-92.30806049433523
 21
-24.51767959051999
 31
0.0
  0
LINE
  5
51D
330
70
100
AcDbEntity
  8
W-S-A v1_4_ANYTOOL_CUTTHROUGH_OUTSI
100
AcDbLine
 10
-91.97876635898261
 20
-25.88952032541929
 30
0.0
 11
-91.97698228011942
 21
-25.8905804054436
 31
0.0
  0
LINE
  5
51E
330
70
100
AcDbEntity
  8
W-S-A v1_4_ANYTOOL_CUTTHROUGH_OUTSI
100
AcDbLine
 10
-92.02384935190901
 20
-24.5677806182009
 30
0.0
 11
-92.03072267745215
 21
-24.561594178154
 31
0.0
  0
LINE
  5
51F
330
70
100
AcDbEntity
  8
W-S-A v1_4_ANYTOOL_CUTTHROUGH_OUTSI
100
AcDbLine
 10
-92.41495073574318
 20
-24.75987382099841
 30
0.0
 11
-92.41292770566085
 21
-24.76033648322301
 31
0.0
  0
LINE
  5
520
330
70
100
AcDbEntity
  8
W-S-A v1_4_ANYTOOL_CUTTHROUGH_OUTSI
100
AcDbLine
 10
-92.052577878261
 20
-24.54452498586391
 30
0.0
 11
-92.06024511472831
 21
-24.5393550603878
 31
0.0
  0
LINE
  5
521
330
70
100
AcDbEntity
  8
W-S-A v1_4_ANYTOOL_CUTTHROUGH_OUTSI
100
AcDbLine
 10
-92.46055860544663
 20
-25.94076763033869
 30
0.0
 11
-92.4604931047115
 21
-25.9386934035666
 31
0.0
  0
LINE
  5
522
330
70
100
AcDbEntity
  8
W-S-A v1_4_ANYTOOL_CUTTHROUGH_OUTSI
100
AcDbLine
 10
-92.40450181296976
 20
-24.5877246631531
 30
0.0
 11
-92.41044751435287
 21
-24.59480726716141
 31
0.0
  0
LINE
  5
523
330
70
100
AcDbEntity
  8
W-S-A v1_4_ANYTOOL_CUTTHROUGH_OUTSI
100
AcDbLine
 10
-91.97186471685439
 20
-25.89412159210211
 30
0.0
 11
-91.97024388956736
 21
-25.8954175959422
 31
0.0
  0
LINE
  5
524
330
70
100
AcDbEntity
  8
W-S-A v1_4_ANYTOOL_CUTTHROUGH_OUTSI
100
AcDbLine
 10
-91.95236852727941
 20
-25.92047814897842
 30
0.0
 11
-91.95167083749934
 21
-25.9224326146391
 31
0.0
  0
LINE
  5
525
330
70
100
AcDbEntity
  8
W-S-A v1_4_ANYTOOL_CUTTHROUGH_OUTSI
100
AcDbLine
 10
-91.95236852727941
 20
-24.72276983693831
 30
0.0
 11
-91.95167083749934
 21
-24.72081537127771
 31
0.0
  0
LINE
  5
526
330
70
100
AcDbEntity
  8
W-S-A v1_4_ANYTOOL_CUTTHROUGH_OUTSI
100
AcDbLine
 10
-91.9628633976991
 20
-25.90269348931271
 30
0.0
 11
-91.96154439227205
 21
-25.9042956540145
 31
0.0
  0
LINE
  5
527
330
70
100
AcDbEntity
  8
W-S-A v1_4_ANYTOOL_CUTTHROUGH_OUTSI
100
AcDbLine
 10
-91.9628633976991
 20
-24.74055449660401
 30
0.0
 11
-91.96154439227205
 21
-24.7389523319023
 31
0.0
  0
LINE
  5
528
330
70
100
AcDbEntity
  8
W-S-A v1_4_ANYTOOL_CUTTHROUGH_OUTSI
100
AcDbLine
 10
-92.2641388232066
 20
-24.5034124712085
 30
0.0
 11
-92.2731116879952
 21
-24.50564906280291
 31
0.0
  0
LINE
  5
529
330
70
100
AcDbEntity
  8
W-S-A v1_4_ANYTOOL_CUTTHROUGH_OUTSI
100
AcDbLine
 10
-92.39188745866661
 20
-24.57420310591271
 30
0.0
 11
-92.3983126154969
 21
-24.58085382047431
 31
0.0
  0
LINE
  5
52A
330
70
100
AcDbEntity
  8
W-S-A v1_4_ANYTOOL_CUTTHROUGH_OUTSI
100
AcDbLine
 10
-92.41292770566085
 20
-24.76033648322301
 30
0.0
 11
-92.41088988564232
 21
-24.76072890725441
 31
0.0
  0
LINE
  5
52B
330
70
100
AcDbEntity
  8
W-S-A v1_4_ANYTOOL_CUTTHROUGH_OUTSI
100
AcDbLine
 10
-91.94998874495134
 20
-25.92842427729501
 30
0.0
 11
-91.94956727567754
 21
-25.93045628878591
 31
0.0
  0
LINE
  5
52C
330
70
100
AcDbEntity
  8
W-S-A v1_4_ANYTOOL_CUTTHROUGH_OUTSI
100
AcDbLine
 10
-91.96154439227205
 20
-24.7389523319023
 30
0.0
 11
-91.9602815826836
 21
-24.73730551102811
 31
0.0
  0
LINE
  5
52D
330
70
100
AcDbEntity
  8
W-S-A v1_4_ANYTOOL_CUTTHROUGH_OUTSI
100
AcDbLine
 10
-92.37127585184863
 20
-24.55565131914671
 30
0.0
 11
-92.37836084100113
 21
-24.561594178154
 31
0.0
  0
LINE
  5
52E
330
70
100
AcDbEntity
  8
W-S-A v1_4_ANYTOOL_CUTTHROUGH_OUTSI
100
AcDbLine
 10
-92.1539901327905
 20
-24.501490309895
 30
0.0
 11
-92.16309712824623
 21
-24.4998849195239
 31
0.0
  0
ARC
  5
52F
330
70
100
AcDbEntity
  8
W-S-A v1_4_ANYTOOL_CUTTHROUGH_OUTSI
100
AcDbCircle
 10
91.86604175923388
 20
-25.32162399295834
 30
0.0
 40
0.0599999999997667
210
0.0
220
0.0
230
-1.0
100
AcDbArc
 50
343.3770524835904
 51
16.62294751628419
  0
LINE
  5
530
330
70
100
AcDbEntity
  8
W-S-A v1_4_ANYTOOL_CUTTHROUGH_OUTSI
100
AcDbLine
 10
-91.99863600410063
 20
-24.59480726716141
 30
0.0
 11
-92.00458170548351
 21
-24.5877246631531
 31
0.0
  0
LINE
  5
531
330
70
100
AcDbEntity
  8
W-S-A v1_4_ANYTOOL_CUTTHROUGH_OUTSI
100
AcDbLine
 10
-91.96566361898462
 20
-25.89963073943741
 30
0.0
 11
-91.9642370210286
 21
-25.9011378974649
 31
0.0
  0
LINE
  5
532
330
70
100
AcDbEntity
  8
W-S-A v1_4_ANYTOOL_CUTTHROUGH_OUTSI
100
AcDbLine
 10
-92.01719605978672
 20
-26.0690448800039
 30
0.0
 11
-92.02384935190901
 21
-26.0754673677158
 31
0.0
  0
LINE
  5
533
330
70
100
AcDbEntity
  8
W-S-A v1_4_ANYTOOL_CUTTHROUGH_OUTSI
100
AcDbLine
 10
-91.94893632942759
 20
-24.7086900410169
 30
0.0
 11
-91.94872760725724
 21
-24.70662530323601
 31
0.0
  0
LINE
  5
534
330
70
100
AcDbEntity
  8
W-S-A v1_4_ANYTOOL_CUTTHROUGH_OUTSI
100
AcDbLine
 10
-92.30806049433523
 20
-24.51767959051999
 30
0.0
 11
-92.316508828749
 21
-24.52143994823001
 31
0.0
  0
LINE
  5
535
330
70
100
AcDbEntity
  8
W-S-A v1_4_ANYTOOL_CUTTHROUGH_OUTSI
100
AcDbLine
 10
-92.65454175923357
 20
-24.82162399295861
 30
0.0
 11
-92.48554927463505
 21
-25.30445966324009
 31
0.0
  0
LINE
  5
536
330
70
100
AcDbEntity
  8
W-S-A v1_4_ANYTOOL_CUTTHROUGH_OUTSI
100
AcDbLine
 10
-92.03780766660472
 20
-26.08759666676992
 30
0.0
 11
-92.04509569180801
 21
-26.0932887079777
 31
0.0
  0
LINE
  5
537
330
70
100
AcDbEntity
  8
W-S-A v1_4_ANYTOOL_CUTTHROUGH_OUTSI
100
AcDbLine
 10
-92.04509569180801
 20
-26.0932887079777
 30
0.0
 11
-92.052577878261
 21
-26.09872300005269
 31
0.0
  0
LINE
  5
538
330
70
100
AcDbEntity
  8
W-S-A v1_4_ANYTOOL_CUTTHROUGH_OUTSI
100
AcDbLine
 10
-92.40883971354714
 20
-24.76105062363281
 30
0.0
 11
-92.4067796420114
 21
-24.76130124748639
 31
0.0
  0
LINE
  5
539
330
70
100
AcDbEntity
  8
W-S-A v1_4_ANYTOOL_CUTTHROUGH_OUTSI
100
AcDbLine
 10
-91.96714148491745
 20
-24.74507416766219
 30
0.0
 11
-91.96566361898462
 21
-24.7436172464794
 31
0.0
  0
LINE
  5
53A
330
70
100
AcDbEntity
  8
W-S-A v1_4_ANYTOOL_CUTTHROUGH_OUTSI
100
AcDbLine
 10
-91.98750374516151
 20
-26.03367497273259
 30
0.0
 11
-91.99294103902852
 21
-26.041154978072
 31
0.0
  0
LINE
  5
53B
330
70
100
AcDbEntity
  8
W-S-A v1_4_ANYTOOL_CUTTHROUGH_OUTSI
100
AcDbLine
 10
-91.9642370210286
 20
-25.9011378974649
 30
0.0
 11
-91.9628633976991
 21
-25.90269348931271
 31
0.0
  0
LINE
  5
53C
330
70
100
AcDbEntity
  8
W-S-A v1_4_ANYTOOL_CUTTHROUGH_OUTSI
100
AcDbLine
 10
-91.95313339005442
 20
-24.724699005667
 30
0.0
 11
-91.95236852727941
 21
-24.72276983693831
 31
0.0
  0
LINE
  5
53D
330
70
100
AcDbEntity
  8
W-S-A v1_4_ANYTOOL_CUTTHROUGH_OUTSI
100
AcDbLine
 10
-91.98233074362056
 20
-26.02600981131669
 30
0.0
 11
-91.98750374516151
 21
-26.03367497273259
 31
0.0
  0
LINE
  5
53E
330
70
100
AcDbEntity
  8
W-S-A v1_4_ANYTOOL_CUTTHROUGH_OUTSI
100
AcDbLine
 10
-91.95104115536546
 20
-24.71883794682691
 30
0.0
 11
-91.95048023417134
 21
-24.71683992919381
 31
0.0
  0
LINE
  5
53F
330
70
100
AcDbEntity
  8
W-S-A v1_4_ANYTOOL_CUTTHROUGH_OUTSI
100
AcDbLine
 10
-92.28200105355872
 20
-24.5081973611277
 30
0.0
 11
-92.29079609510634
 21
-24.51105426305981
 31
0.0
  0
LINE
  5
540
330
70
100
AcDbEntity
  8
W-S-A v1_4_ANYTOOL_CUTTHROUGH_OUTSI
100
AcDbLine
 10
-92.45422262317363
 20
-25.9147757320808
 30
0.0
 11
-92.45326204735102
 21
-25.9129361666057
 31
0.0
  0
LINE
  5
541
330
70
100
AcDbEntity
  8
W-S-A v1_4_ANYTOOL_CUTTHROUGH_OUTSI
100
AcDbLine
 10
-91.97698228011942
 20
-25.8905804054436
 30
0.0
 11
-91.97523592863356
 21
-25.8917015492951
 31
0.0
  0
LINE
  5
542
330
70
100
AcDbEntity
  8
W-S-A v1_4_ANYTOOL_CUTTHROUGH_OUTSI
100
AcDbLine
 10
-92.43721880159879
 20
-25.89412159210211
 30
0.0
 11
-92.43555412475492
 21
-25.892882415741
 31
0.0
  0
LINE
  5
543
330
70
100
AcDbEntity
  8
W-S-A v1_4_ANYTOOL_CUTTHROUGH_OUTSI
100
AcDbLine
 10
-92.18145137222164
 20
-26.1456161027407
 30
0.0
 11
-92.19067627034389
 21
-26.14626100514179
 31
0.0
  0
LINE
  5
544
330
70
100
AcDbEntity
  8
W-S-A v1_4_ANYTOOL_CUTTHROUGH_OUTSI
100
AcDbLine
 10
-91.95907647964224
 20
-25.90763198183091
 30
0.0
 11
-91.95793052482192
 21
-25.90936215367151
 31
0.0
  0
LINE
  5
545
330
70
100
AcDbEntity
  8
W-S-A v1_4_ANYTOOL_CUTTHROUGH_OUTSI
100
AcDbLine
 10
-92.16309712824623
 20
-24.4998849195239
 30
0.0
 11
-92.17225459180992
 21
-24.49859825501691
 31
0.0
  0
LINE
  5
546
330
70
100
AcDbEntity
  8
W-S-A v1_4_ANYTOOL_CUTTHROUGH_OUTSI
100
AcDbLine
 10
-91.95582147110226
 20
-25.9129361666057
 30
0.0
 11
-91.95486089527964
 21
-25.9147757320808
 31
0.0
  0
LINE
  5
547
330
70
100
AcDbEntity
  8
W-S-A v1_4_ANYTOOL_CUTTHROUGH_OUTSI
100
AcDbLine
 10
-92.04509569180801
 20
-24.54995927793889
 30
0.0
 11
-92.052577878261
 21
-24.54452498586391
 31
0.0
  0
LINE
  5
548
330
70
100
AcDbEntity
  8
W-S-A v1_4_ANYTOOL_CUTTHROUGH_OUTSI
100
AcDbLine
 10
-92.00458170548351
 20
-24.5877246631531
 30
0.0
 11
-92.01077090295644
 21
-24.58085382047431
 31
0.0
  0
LINE
  5
549
330
70
100
AcDbEntity
  8
W-S-A v1_4_ANYTOOL_CUTTHROUGH_OUTSI
100
AcDbLine
 10
-92.316508828749
 20
-24.52143994823001
 30
0.0
 11
-92.32482081821231
 21
-24.5254927837356
 31
0.0
  0
LINE
  5
54A
330
70
100
AcDbEntity
  8
W-S-A v1_4_ANYTOOL_CUTTHROUGH_OUTSI
100
AcDbLine
 10
-91.94893632942759
 20
-25.9345579448998
 30
0.0
 11
-91.94872760725724
 21
-25.93662268268071
 31
0.0
  0
LINE
  5
54B
330
70
100
AcDbEntity
  8
W-S-A v1_4_ANYTOOL_CUTTHROUGH_OUTSI
100
AcDbLine
 10
-91.94998874495134
 20
-24.7148237086218
 30
0.0
 11
-91.94956727567754
 21
-24.7127916971308
 31
0.0
  0
LINE
  5
54C
330
70
100
AcDbEntity
  8
W-S-A v1_4_ANYTOOL_CUTTHROUGH_OUTSI
100
AcDbLine
 10
-92.21840724810943
 20
-24.4969869807748
 30
0.0
 11
-92.22763214623169
 21
-24.49763188317591
 31
0.0
  0
LINE
  5
54D
330
70
100
AcDbEntity
  8
W-S-A v1_4_ANYTOOL_CUTTHROUGH_OUTSI
100
AcDbLine
 10
-91.95907647964224
 20
-24.7356160040859
 30
0.0
 11
-91.95793052482192
 21
-24.7338858322453
 31
0.0
  0
LINE
  5
54E
330
70
100
AcDbEntity
  8
W-S-A v1_4_ANYTOOL_CUTTHROUGH_OUTSI
100
AcDbLine
 10
-92.13597183045814
 20
-26.13759892311382
 30
0.0
 11
-92.14494469524673
 21
-26.1398355147082
 31
0.0
  0
LINE
  5
54F
330
70
100
AcDbEntity
  8
W-S-A v1_4_ANYTOOL_CUTTHROUGH_OUTSI
100
AcDbLine
 10
-91.99863600410063
 20
-26.04844071875521
 30
0.0
 11
-92.00458170548351
 21
-26.0555233227635
 31
0.0
  0
LINE
  5
550
330
70
100
AcDbEntity
  8
W-S-A v1_4_ANYTOOL_CUTTHROUGH_OUTSI
100
AcDbLine
 10
-91.9485904137417
 20
-24.7045545823501
 30
0.0
 11
-91.94852491300663
 21
-24.70248035557801
 31
0.0
  0
LINE
  5
551
330
70
100
AcDbEntity
  8
W-S-A v1_4_ANYTOOL_CUTTHROUGH_OUTSI
100
AcDbLine
 10
-91.94872760725724
 20
-25.93662268268071
 30
0.0
 11
-91.9485904137417
 21
-25.9386934035667
 31
0.0
  0
LINE
  5
552
330
70
100
AcDbEntity
  8
W-S-A v1_4_ANYTOOL_CUTTHROUGH_OUTSI
100
AcDbLine
 10
-91.95396451081323
 20
-25.9166474163322
 30
0.0
 11
-91.95313339005442
 21
-25.9185489802497
 31
0.0
  0
LINE
  5
553
330
70
100
AcDbEntity
  8
W-S-A v1_4_ANYTOOL_CUTTHROUGH_OUTSI
100
AcDbLine
 10
-91.98243911903324
 20
-24.75565963090569
 30
0.0
 11
-91.98058603091631
 21
-24.7547254085128
 31
0.0
  0
LINE
  5
554
330
70
100
AcDbEntity
  8
W-S-A v1_4_ANYTOOL_CUTTHROUGH_OUTSI
100
AcDbLine
 10
-91.94872760725724
 20
-24.70662530323601
 30
0.0
 11
-91.9485904137417
 21
-24.7045545823501
 31
0.0
  0
LINE
  5
555
330
70
100
AcDbEntity
  8
W-S-A v1_4_ANYTOOL_CUTTHROUGH_OUTSI
100
AcDbLine
 10
-92.09257468970434
 20
-24.52143994823001
 30
0.0
 11
-92.10102302411803
 21
-24.51767959052011
 31
0.0
  0
LINE
  5
556
330
70
100
AcDbEntity
  8
W-S-A v1_4_ANYTOOL_CUTTHROUGH_OUTSI
100
AcDbLine
 10
-92.41044751435287
 20
-24.59480726716141
 30
0.0
 11
-92.41614247942475
 21
-24.60209300784461
 31
0.0
  0
LINE
  5
557
330
70
100
AcDbEntity
  8
W-S-A v1_4_ANYTOOL_CUTTHROUGH_OUTSI
100
AcDbLine
 10
-92.14494469524673
 20
-26.1398355147082
 30
0.0
 11
-92.1539901327905
 21
-26.14175767602159
 31
0.0
  0
LINE
  5
558
330
70
100
AcDbEntity
  8
W-S-A v1_4_ANYTOOL_CUTTHROUGH_OUTSI
100
AcDbLine
 10
-92.25509338566284
 20
-24.501490309895
 30
0.0
 11
-92.2641388232066
 21
-24.5034124712085
 31
0.0
  0
LINE
  5
559
330
70
100
AcDbEntity
  8
W-S-A v1_4_ANYTOOL_CUTTHROUGH_OUTSI
100
AcDbLine
 10
-91.94956727567754
 20
-24.7127916971308
 30
0.0
 11
-91.94921633055697
 21
-24.71074632563139
 31
0.0
  0
LINE
  5
55A
330
70
100
AcDbEntity
  8
W-S-A v1_4_ANYTOOL_CUTTHROUGH_OUTSI
100
AcDbLine
 10
-92.40883971354714
 20
-25.88219736228391
 30
0.0
 11
-92.4067796420114
 21
-25.88194673843029
 31
0.0
  0
LINE
  5
55B
330
70
100
AcDbEntity
  8
W-S-A v1_4_ANYTOOL_CUTTHROUGH_OUTSI
100
AcDbLine
 10
-92.11828742334692
 20
-26.1321937228568
 30
0.0
 11
-92.12708246489462
 21
-26.13505062478891
 31
0.0
  0
LINE
  5
55C
330
70
100
AcDbEntity
  8
W-S-A v1_4_ANYTOOL_CUTTHROUGH_OUTSI
100
AcDbLine
 10
-91.96866885084471
 20
-25.8967688768421
 30
0.0
 11
-91.96714148491745
 21
-25.8981738182545
 31
0.0
  0
LINE
  5
55D
330
70
100
AcDbEntity
  8
W-S-A v1_4_ANYTOOL_CUTTHROUGH_OUTSI
100
AcDbLine
 10
-92.00230387644181
 20
-24.76130124748639
 30
0.0
 11
-92.00024380490614
 21
-24.76105062363281
 31
0.0
  0
LINE
  5
55E
330
70
100
AcDbEntity
  8
W-S-A v1_4_ANYTOOL_CUTTHROUGH_OUTSI
100
AcDbLine
 10
-91.9642370210286
 20
-24.7421100884518
 30
0.0
 11
-91.9628633976991
 21
-24.74055449660401
 31
0.0
  0
LINE
  5
55F
330
70
100
AcDbEntity
  8
W-S-A v1_4_ANYTOOL_CUTTHROUGH_OUTSI
100
AcDbLine
 10
-92.17225459180992
 20
-26.14464973089971
 30
0.0
 11
-92.18145137222164
 21
-26.1456161027407
 31
0.0
  0
LINE
  5
560
330
70
100
AcDbEntity
  8
W-S-A v1_4_ANYTOOL_CUTTHROUGH_OUTSI
100
AcDbLine
 10
-92.43555412475492
 20
-25.892882415741
 30
0.0
 11
-92.43384758981971
 21
-25.8917015492951
 31
0.0
  0
LINE
  5
561
330
70
100
AcDbEntity
  8
W-S-A v1_4_ANYTOOL_CUTTHROUGH_OUTSI
100
AcDbLine
 10
-92.45909477350194
 20
-25.9284242772949
 30
0.0
 11
-92.45860328428193
 21
-25.926408056723
 31
0.0
  0
LINE
  5
562
330
70
100
AcDbEntity
  8
W-S-A v1_4_ANYTOOL_CUTTHROUGH_OUTSI
100
AcDbLine
 10
-92.4169565557233
 20
-24.75934147406679
 30
0.0
 11
-92.41495073574318
 21
-24.75987382099841
 31
0.0
  0
LINE
  5
563
330
70
100
AcDbEntity
  8
W-S-A v1_4_ANYTOOL_CUTTHROUGH_OUTSI
100
AcDbLine
 10
-92.06808806463472
 20
-24.53445579705121
 30
0.0
 11
-92.07609717743435
 21
-24.52983316180301
 31
0.0
  0
LINE
  5
564
330
70
100
AcDbEntity
  8
W-S-A v1_4_ANYTOOL_CUTTHROUGH_OUTSI
100
AcDbLine
 10
-91.99294103902852
 20
-26.041154978072
 30
0.0
 11
-91.99863600410063
 21
-26.04844071875521
 31
0.0
  0
LINE
  5
565
330
70
100
AcDbEntity
  8
W-S-A v1_4_ANYTOOL_CUTTHROUGH_OUTSI
100
AcDbLine
 10
-91.97024388956736
 20
-25.8954175959422
 30
0.0
 11
-91.96866885084471
 21
-25.8967688768421
 31
0.0
  0
ARC
  5
566
330
70
100
AcDbEntity
  8
W-S-A v1_4_ANYTOOL_CUTTHROUGH_OUTSI
100
AcDbCircle
 10
-92.59454175923361
 20
-24.82162399295837
 30
0.0
 40
0.0599999999999786
100
AcDbArc
 50
89.99995992031568
 51
180.0000000002239
  0
LINE
  5
567
330
70
100
AcDbEntity
  8
W-S-A v1_4_ANYTOOL_CUTTHROUGH_OUTSI
100
AcDbLine
 10
-91.92353424383208
 20
-25.3044596632395
 30
0.0
 11
-91.75454175923354
 21
-24.82162399295841
 31
0.0
  0
LINE
  5
568
330
70
100
AcDbEntity
  8
W-S-A v1_4_ANYTOOL_CUTTHROUGH_OUTSI
100
AcDbLine
 10
-92.43210123833385
 20
-25.8905804054435
 30
0.0
 11
-92.43031715947065
 21
-25.88952032541929
 31
0.0
  0
LINE
  5
569
330
70
100
AcDbEntity
  8
W-S-A v1_4_ANYTOOL_CUTTHROUGH_OUTSI
100
AcDbLine
 10
-92.08426270024094
 20
-24.5254927837356
 30
0.0
 11
-92.09257468970434
 21
-24.52143994823001
 31
0.0
  0
LINE
  5
56A
330
70
100
AcDbEntity
  8
W-S-A v1_4_ANYTOOL_CUTTHROUGH_OUTSI
100
AcDbLine
 10
-92.45804236308782
 20
-24.7188379468268
 30
0.0
 11
-92.45741268095393
 21
-24.72081537127751
 31
0.0
  0
LINE
  5
56B
330
70
100
AcDbEntity
  8
W-S-A v1_4_ANYTOOL_CUTTHROUGH_OUTSI
100
AcDbLine
 10
-91.96063891334903
 20
-25.9852406024986
 30
0.0
 11
-91.96440266065314
 21
-25.9936874273876
 31
0.0
  0
LINE
  5
56C
330
70
100
AcDbEntity
  8
W-S-A v1_4_ANYTOOL_CUTTHROUGH_OUTSI
100
AcDbLine
 10
-92.10102302411803
 20
-24.51767959052011
 30
0.0
 11
-92.10959741574553
 21
-24.5142162896822
 31
0.0
  0
LINE
  5
56D
330
70
100
AcDbEntity
  8
W-S-A v1_4_ANYTOOL_CUTTHROUGH_OUTSI
100
AcDbLine
 10
-92.44484649742458
 20
-25.9011378974649
 30
0.0
 11
-92.44341989946866
 21
-25.89963073943729
 31
0.0
  0
LINE
  5
56E
330
70
100
AcDbEntity
  8
W-S-A v1_4_ANYTOOL_CUTTHROUGH_OUTSI
100
AcDbLine
 10
-91.96845883102069
 20
-26.00199778998029
 30
0.0
 11
-91.97280248515722
 21
-26.0101615705516
 31
0.0
  0
LINE
  5
56F
330
70
100
AcDbEntity
  8
W-S-A v1_4_ANYTOOL_CUTTHROUGH_OUTSI
100
AcDbLine
 10
-92.36398782664533
 20
-24.54995927793889
 30
0.0
 11
-92.37127585184863
 21
-24.55565131914671
 31
0.0
  0
LINE
  5
570
330
70
100
AcDbEntity
  8
W-S-A v1_4_ANYTOOL_CUTTHROUGH_OUTSI
100
AcDbLine
 10
-91.97876635898261
 20
-24.7537276604975
 30
0.0
 11
-91.97698228011942
 21
-24.75266758047319
 31
0.0
  0
LINE
  5
571
330
70
100
AcDbEntity
  8
W-S-A v1_4_ANYTOOL_CUTTHROUGH_OUTSI
100
AcDbLine
 10
-92.42284687941385
 20
-25.8859148802282
 30
0.0
 11
-92.42090699052607
 21
-25.8851776298288
 31
0.0
  0
LINE
  5
572
330
70
100
AcDbEntity
  8
W-S-A v1_4_ANYTOOL_CUTTHROUGH_OUTSI
100
AcDbLine
 10
-92.46035591119595
 20
-25.93662268268071
 30
0.0
 11
-92.46014718902552
 21
-25.9345579448998
 31
0.0
  0
LINE
  5
573
330
70
100
AcDbEntity
  8
W-S-A v1_4_ANYTOOL_CUTTHROUGH_OUTSI
100
AcDbLine
 10
-92.42090699052607
 20
-24.7580703560878
 30
0.0
 11
-92.41894276602376
 21
-24.7587400792789
 31
0.0
  0
LINE
  5
574
330
70
100
AcDbEntity
  8
W-S-A v1_4_ANYTOOL_CUTTHROUGH_OUTSI
100
AcDbLine
 10
-92.42090699052607
 20
-25.8851776298288
 30
0.0
 11
-92.41894276602376
 21
-25.88450790663771
 31
0.0
  0
LINE
  5
575
330
70
100
AcDbEntity
  8
W-S-A v1_4_ANYTOOL_CUTTHROUGH_OUTSI
100
AcDbLine
 10
-92.4067796420114
 20
-24.76130124748639
 30
0.0
 11
-92.40471213551435
 21
-24.761480478992
 31
0.0
  0
LINE
  5
576
330
70
100
AcDbEntity
  8
W-S-A v1_4_ANYTOOL_CUTTHROUGH_OUTSI
100
AcDbLine
 10
-92.45223842931634
 20
-25.91113092059279
 30
0.0
 11
-92.45115299363133
 21
-25.90936215367151
 31
0.0
  0
LINE
  5
577
330
70
100
AcDbEntity
  8
W-S-A v1_4_ANYTOOL_CUTTHROUGH_OUTSI
100
AcDbLine
 10
-91.99212696272988
 20
-25.88390651184991
 30
0.0
 11
-91.99014075242951
 21
-25.88450790663781
 31
0.0
  0
ARC
  5
578
330
70
100
AcDbEntity
  8
W-S-A v1_4_ANYTOOL_CUTTHROUGH_OUTSI
100
AcDbCircle
 10
91.96772195408012
 20
-24.72980418780506
 30
0.0
 40
0.0450000000000173
210
0.0
220
0.0
230
-1.0
100
AcDbArc
 50
224.9999999996961
 51
29.69480561885162
  0
LINE
  5
579
330
70
100
AcDbEntity
  8
W-S-A v1_4_ANYTOOL_CUTTHROUGH_OUTSI
100
AcDbLine
 10
-92.29079609510634
 20
-24.51105426305981
 30
0.0
 11
-92.29948610270781
 21
-24.5142162896822
 31
0.0
  0
LINE
  5
57A
330
70
100
AcDbEntity
  8
W-S-A v1_4_ANYTOOL_CUTTHROUGH_OUTSI
100
AcDbLine
 10
-92.18145137222164
 20
-24.49763188317591
 30
0.0
 11
-92.19067627034389
 21
-24.4969869807748
 31
0.0
  0
LINE
  5
57B
330
70
100
AcDbEntity
  8
W-S-A v1_4_ANYTOOL_CUTTHROUGH_OUTSI
100
AcDbLine
 10
-91.9496358382416
 20
-25.95314773588949
 30
0.0
 11
-91.95006957921702
 21
-25.9551771633492
 31
0.0
  0
LINE
  5
57C
330
70
100
AcDbEntity
  8
W-S-A v1_4_ANYTOOL_CUTTHROUGH_OUTSI
100
AcDbLine
 10
-91.97280248515722
 20
-26.0101615705516
 30
0.0
 11
-91.97742833369224
 21
-26.01816882787269
 31
0.0
  0
LINE
  5
57D
330
70
100
AcDbEntity
  8
W-S-A v1_4_ANYTOOL_CUTTHROUGH_OUTSI
100
AcDbLine
 10
-91.95793052482192
 20
-24.7338858322453
 30
0.0
 11
-91.95684508913691
 21
-24.73211706532391
 31
0.0
  0
LINE
  5
57E
330
70
100
AcDbEntity
  8
W-S-A v1_4_ANYTOOL_CUTTHROUGH_OUTSI
100
AcDbLine
 10
-92.45511900764002
 20
-25.9166474163321
 30
0.0
 11
-92.45422262317363
 21
-25.9147757320808
 31
0.0
  0
LINE
  5
57F
330
70
100
AcDbEntity
  8
W-S-A v1_4_ANYTOOL_CUTTHROUGH_OUTSI
100
AcDbLine
 10
-91.96440266065314
 20
-25.9936874273876
 30
0.0
 11
-91.96845883102069
 21
-26.00199778998029
 31
0.0
  0
LINE
  5
580
330
70
100
AcDbEntity
  8
W-S-A v1_4_ANYTOOL_CUTTHROUGH_OUTSI
100
AcDbLine
 10
-91.94927253939743
 20
-25.95110452248939
 30
0.0
 11
-91.9496358382416
 21
-25.95314773588949
 31
0.0
  0
LINE
  5
581
330
70
100
AcDbEntity
  8
W-S-A v1_4_ANYTOOL_CUTTHROUGH_OUTSI
100
AcDbLine
 10
-92.06808806463472
 20
-26.10879218886541
 30
0.0
 11
-92.07609717743435
 21
-26.1134148241136
 31
0.0
  0
LINE
  5
582
330
70
100
AcDbEntity
  8
W-S-A v1_4_ANYTOOL_CUTTHROUGH_OUTSI
100
AcDbLine
 10
-91.81454175923384
 20
-24.76162399295841
 30
0.0
 11
-91.93590214892655
 21
-24.7616239929583
 31
0.0
  0
LINE
  5
583
330
70
100
AcDbEntity
  8
W-S-A v1_4_ANYTOOL_CUTTHROUGH_OUTSI
100
AcDbLine
 10
-91.95057324343601
 20
-25.9571903770494
 30
0.0
 11
-91.9511462283614
 21
-25.95918496856739
 31
0.0
  0
LINE
  5
584
330
70
100
AcDbEntity
  8
W-S-A v1_4_ANYTOOL_CUTTHROUGH_OUTSI
100
AcDbLine
 10
-91.95400665907669
 20
-25.96797886307411
 30
0.0
 11
-91.95717217231264
 21
-25.97666760121189
 31
0.0
  0
LINE
  5
585
330
70
100
AcDbEntity
  8
W-S-A v1_4_ANYTOOL_CUTTHROUGH_OUTSI
100
AcDbLine
 10
-92.34099545381862
 20
-24.53445579705121
 30
0.0
 11
-92.34883840372502
 21
-24.5393550603878
 31
0.0
  0
LINE
  5
586
330
70
100
AcDbEntity
  8
W-S-A v1_4_ANYTOOL_CUTTHROUGH_OUTSI
100
AcDbLine
 10
-91.99615581279243
 20
-24.76033648322311
 30
0.0
 11
-91.99413278271
 21
-24.75987382099841
 31
0.0
  0
LINE
  5
587
330
70
100
AcDbEntity
  8
W-S-A v1_4_ANYTOOL_CUTTHROUGH_OUTSI
100
AcDbLine
 10
-92.03780766660472
 20
-24.55565131914671
 30
0.0
 11
-92.04509569180801
 21
-24.54995927793889
 31
0.0
  0
LINE
  5
588
330
70
100
AcDbEntity
  8
W-S-A v1_4_ANYTOOL_CUTTHROUGH_OUTSI
100
AcDbLine
 10
-91.94860921745313
 20
-25.9449166746633
 30
0.0
 11
-91.94875892178091
 21
-25.94698652868292
 31
0.0
  0
LINE
  5
589
330
70
100
AcDbEntity
  8
W-S-A v1_4_ANYTOOL_CUTTHROUGH_OUTSI
100
AcDbLine
 10
-92.45860328428193
 20
-25.926408056723
 30
0.0
 11
-92.45804236308782
 21
-25.92441003908981
 31
0.0
  0
ARC
  5
58A
330
70
100
AcDbEntity
  8
W-S-A v1_4_ANYTOOL_CUTTHROUGH_OUTSI
100
AcDbCircle
 10
91.96772195407998
 20
-25.91344379811177
 30
0.0
 40
0.0449999999999448
210
0.0
220
0.0
230
-1.0
100
AcDbArc
 50
330.3051943813902
 51
135.0000000885683
  0
LINE
  5
58B
330
70
100
AcDbEntity
  8
W-S-A v1_4_ANYTOOL_CUTTHROUGH_OUTSI
100
AcDbLine
 10
-92.12708246489462
 20
-24.5081973611277
 30
0.0
 11
-92.13597183045814
 21
-24.50564906280291
 31
0.0
  0
LINE
  5
58C
330
70
100
AcDbEntity
  8
W-S-A v1_4_ANYTOOL_CUTTHROUGH_OUTSI
100
AcDbLine
 10
-92.45981097905584
 20
-24.69214346342722
 30
0.0
 11
-92.46010340115173
 21
-24.69419801845601
 31
0.0
  0
LINE
  5
58D
330
70
100
AcDbEntity
  8
W-S-A v1_4_ANYTOOL_CUTTHROUGH_OUTSI
100
AcDbLine
 10
-92.4067796420114
 20
-25.88194673843029
 30
0.0
 11
-92.40471213551435
 21
-25.8817675069246
 31
0.0
  0
LINE
  5
58E
330
70
100
AcDbEntity
  8
W-S-A v1_4_ANYTOOL_CUTTHROUGH_OUTSI
100
AcDbLine
 10
-91.9511462283614
 20
-25.95918496856739
 30
0.0
 11
-91.95400665907669
 21
-25.96797886307411
 31
0.0
  0
LINE
  5
58F
330
70
100
AcDbEntity
  8
W-S-A v1_4_ANYTOOL_CUTTHROUGH_OUTSI
100
AcDbLine
 10
-91.99819363281095
 20
-24.76072890725449
 30
0.0
 11
-91.99615581279243
 21
-24.76033648322311
 31
0.0
  0
ARC
  5
590
330
70
100
AcDbEntity
  8
W-S-A v1_4_ANYTOOL_CUTTHROUGH_OUTSI
100
AcDbCircle
 10
92.44136156438695
 20
-25.91344379811169
 30
0.0
 40
0.0449999999999791
210
0.0
220
0.0
230
-1.0
100
AcDbArc
 50
44.99999991159483
 51
209.6948056188224
  0
LINE
  5
591
330
70
100
AcDbEntity
  8
W-S-A v1_4_ANYTOOL_CUTTHROUGH_OUTSI
100
AcDbLine
 10
-92.1539901327905
 20
-26.14175767602159
 30
0.0
 11
-92.16309712824623
 21
-26.1433630663927
 31
0.0
  0
LINE
  5
592
330
70
100
AcDbEntity
  8
W-S-A v1_4_ANYTOOL_CUTTHROUGH_OUTSI
100
AcDbLine
 10
-92.3983126154969
 20
-24.58085382047431
 30
0.0
 11
-92.40450181296976
 21
-24.5877246631531
 31
0.0
  0
ARC
  5
593
330
70
100
AcDbEntity
  8
W-S-A v1_4_ANYTOOL_CUTTHROUGH_OUTSI
100
AcDbCircle
 10
92.44136156438683
 20
-24.72980418780511
 30
0.0
 40
0.0449999999999901
210
0.0
220
0.0
230
-1.0
100
AcDbArc
 50
150.3051943809195
 51
315.0000000001759
  0
LINE
  5
594
330
70
100
AcDbEntity
  8
W-S-A v1_4_ANYTOOL_CUTTHROUGH_OUTSI
100
AcDbLine
 10
-91.99819363281095
 20
-25.8825190786623
 30
0.0
 11
-91.99615581279243
 21
-25.8829115026937
 31
0.0
  0
LINE
  5
595
330
70
100
AcDbEntity
  8
W-S-A v1_4_ANYTOOL_CUTTHROUGH_OUTSI
100
AcDbLine
 10
-91.94853118341082
 20
-25.94284288158379
 30
0.0
 11
-91.94860921745313
 21
-25.9449166746633
 31
0.0
  0
LINE
  5
596
330
70
100
AcDbEntity
  8
W-S-A v1_4_ANYTOOL_CUTTHROUGH_OUTSI
100
AcDbLine
 10
-91.94852491300663
 20
-24.70248035557801
 30
0.0
 11
-91.94853118341082
 21
-24.700405104333
 31
0.0
  0
LINE
  5
597
330
70
100
AcDbEntity
  8
W-S-A v1_4_ANYTOOL_CUTTHROUGH_OUTSI
100
AcDbLine
 10
-92.45191134614062
 20
-24.6665803847047
 30
0.0
 11
-92.45507685937665
 21
-24.67526912284251
 31
0.0
  0
LINE
  5
598
330
70
100
AcDbEntity
  8
W-S-A v1_4_ANYTOOL_CUTTHROUGH_OUTSI
100
AcDbLine
 10
-91.94852491300663
 20
-25.94076763033869
 30
0.0
 11
-91.94853118341082
 21
-25.94284288158379
 31
0.0
  0
LINE
  5
599
330
70
100
AcDbEntity
  8
W-S-A v1_4_ANYTOOL_CUTTHROUGH_OUTSI
100
AcDbLine
 10
-92.41894276602376
 20
-25.88450790663771
 30
0.0
 11
-92.4169565557233
 21
-25.88390651184981
 31
0.0
  0
LINE
  5
59A
330
70
100
AcDbEntity
  8
W-S-A v1_4_ANYTOOL_CUTTHROUGH_OUTSI
100
AcDbLine
 10
-92.2731116879952
 20
-24.50564906280291
 30
0.0
 11
-92.28200105355872
 21
-24.5081973611277
 31
0.0
  0
LINE
  5
59B
330
70
100
AcDbEntity
  8
W-S-A v1_4_ANYTOOL_CUTTHROUGH_OUTSI
100
AcDbLine
 10
-92.41292770566085
 20
-25.88291150269359
 30
0.0
 11
-92.41088988564232
 21
-25.8825190786622
 31
0.0
  0
LINE
  5
59C
330
70
100
AcDbEntity
  8
W-S-A v1_4_ANYTOOL_CUTTHROUGH_OUTSI
100
AcDbLine
 10
-92.38523416654432
 20
-24.5677806182009
 30
0.0
 11
-92.39188745866661
 21
-24.57420310591271
 31
0.0
  0
LINE
  5
59D
330
70
100
AcDbEntity
  8
W-S-A v1_4_ANYTOOL_CUTTHROUGH_OUTSI
100
AcDbLine
 10
-91.95048023417134
 20
-24.71683992919381
 30
0.0
 11
-91.94998874495134
 21
-24.7148237086218
 31
0.0
  0
LINE
  5
59E
330
70
100
AcDbEntity
  8
W-S-A v1_4_ANYTOOL_CUTTHROUGH_OUTSI
100
AcDbLine
 10
-92.35650564019234
 20
-24.54452498586391
 30
0.0
 11
-92.36398782664533
 21
-24.54995927793889
 31
0.0
  0
LINE
  5
59F
330
70
100
AcDbEntity
  8
W-S-A v1_4_ANYTOOL_CUTTHROUGH_OUTSI
100
AcDbLine
 10
-92.44753912618122
 20
-25.9042956540145
 30
0.0
 11
-92.44622012075415
 21
-25.90269348931271
 31
0.0
  0
LINE
  5
5A0
330
70
100
AcDbEntity
  8
W-S-A v1_4_ANYTOOL_CUTTHROUGH_OUTSI
100
AcDbLine
 10
-91.94875892178091
 20
-25.94698652868292
 30
0.0
 11
-91.94898011730161
 21
-25.94904996746069
 31
0.0
  0
LINE
  5
5A1
330
70
100
AcDbEntity
  8
W-S-A v1_4_ANYTOOL_CUTTHROUGH_OUTSI
100
AcDbLine
 10
-92.43031715947065
 20
-25.88952032541929
 30
0.0
 11
-92.42849748753696
 21
-25.8885225774039
 31
0.0
  0
LINE
  5
5A2
330
70
100
AcDbEntity
  8
W-S-A v1_4_ANYTOOL_CUTTHROUGH_OUTSI
100
AcDbLine
 10
-91.95717217231264
 20
-25.97666760121189
 30
0.0
 11
-91.96063891334903
 21
-25.9852406024986
 31
0.0
  0
LINE
  5
5A3
330
70
100
AcDbEntity
  8
W-S-A v1_4_ANYTOOL_CUTTHROUGH_OUTSI
100
AcDbLine
 10
-92.40471213551435
 20
-25.8817675069246
 30
0.0
 11
-92.40263966742933
 21
-25.88165988218301
 31
0.0
  0
LINE
  5
5A4
330
70
100
AcDbEntity
  8
W-S-A v1_4_ANYTOOL_CUTTHROUGH_OUTSI
100
AcDbLine
 10
-92.10102302411803
 20
-26.1255683953966
 30
0.0
 11
-92.10959741574553
 21
-26.1290316962344
 31
0.0
  0
LINE
  5
5A5
330
70
100
AcDbEntity
  8
W-S-A v1_4_ANYTOOL_CUTTHROUGH_OUTSI
100
AcDbLine
 10
-91.94898011730161
 20
-25.94904996746069
 30
0.0
 11
-91.94927253939743
 21
-25.95110452248939
 31
0.0
  0
LINE
  5
5A6
330
70
100
AcDbEntity
  8
W-S-A v1_4_ANYTOOL_CUTTHROUGH_OUTSI
100
AcDbLine
 10
-92.37836084100113
 20
-24.561594178154
 30
0.0
 11
-92.38523416654432
 21
-24.5677806182009
 31
0.0
  0
LINE
  5
5A7
330
70
100
AcDbEntity
  8
W-S-A v1_4_ANYTOOL_CUTTHROUGH_OUTSI
100
AcDbLine
 10
-91.97742833369224
 20
-26.01816882787269
 30
0.0
 11
-91.98233074362056
 21
-26.02600981131669
 31
0.0
  0
LINE
  5
5A8
330
70
100
AcDbEntity
  8
W-S-A v1_4_ANYTOOL_CUTTHROUGH_OUTSI
100
AcDbLine
 10
-92.46014718902552
 20
-25.9345579448998
 30
0.0
 11
-92.4598671878963
 21
-25.93250166028529
 31
0.0
  0
LINE
  5
5A9
330
70
100
AcDbEntity
  8
W-S-A v1_4_ANYTOOL_CUTTHROUGH_OUTSI
100
AcDbLine
 10
-92.00851880138754
 20
-24.7616239929591
 30
0.0
 11
-92.00644385102394
 21
-24.7615881037337
 31
0.0
  0
LINE
  5
5AA
330
70
100
AcDbEntity
  8
W-S-A v1_4_ANYTOOL_CUTTHROUGH_OUTSI
100
AcDbLine
 10
-92.44844460510423
 20
-24.65800738341799
 30
0.0
 11
-92.45191134614062
 21
-24.6665803847047
 31
0.0
  0
LINE
  5
5AB
330
70
100
AcDbEntity
  8
W-S-A v1_4_ANYTOOL_CUTTHROUGH_OUTSI
100
AcDbLine
 10
-92.4579372900918
 20
-25.95918496856731
 30
0.0
 11
-92.45851027501725
 21
-25.9571903770494
 31
0.0
  0
LINE
  5
5AC
330
70
100
AcDbEntity
  8
W-S-A v1_4_ANYTOOL_CUTTHROUGH_OUTSI
100
AcDbLine
 10
-92.42664439942004
 20
-25.887588355011
 30
0.0
 11
-92.42476011198334
 21
-25.8867187758577
 31
0.0
  0
LINE
  5
5AD
330
70
100
AcDbEntity
  8
W-S-A v1_4_ANYTOOL_CUTTHROUGH_OUTSI
100
AcDbLine
 10
-92.44062468743264
 20
-26.00199778998029
 30
0.0
 11
-92.44468085780018
 21
-25.9936874273876
 31
0.0
  0
LINE
  5
5AE
330
70
100
AcDbEntity
  8
W-S-A v1_4_ANYTOOL_CUTTHROUGH_OUTSI
100
AcDbLine
 10
-92.45115299363133
 20
-25.90936215367151
 30
0.0
 11
-92.45000703881101
 21
-25.90763198183091
 31
0.0
  0
LINE
  5
5AF
330
70
100
AcDbEntity
  8
W-S-A v1_4_ANYTOOL_CUTTHROUGH_OUTSI
100
AcDbLine
 10
-92.00230387644181
 20
-25.88194673843029
 30
0.0
 11
-92.00024380490614
 21
-25.88219736228391
 31
0.0
  0
LINE
  5
5B0
330
70
100
AcDbEntity
  8
W-S-A v1_4_ANYTOOL_CUTTHROUGH_OUTSI
100
AcDbLine
 10
-92.24598639020703
 20
-26.1433630663927
 30
0.0
 11
-92.25509338566284
 21
-26.14175767602159
 31
0.0
  0
LINE
  5
5B1
330
70
100
AcDbEntity
  8
W-S-A v1_4_ANYTOOL_CUTTHROUGH_OUTSI
100
AcDbLine
 10
-92.41495073574318
 20
-25.8833741649183
 30
0.0
 11
-92.41292770566085
 21
-25.88291150269359
 31
0.0
  0
LINE
  5
5B2
330
70
100
AcDbEntity
  8
W-S-A v1_4_ANYTOOL_CUTTHROUGH_OUTSI
100
AcDbLine
 10
-92.45191134614062
 20
-25.97666760121189
 30
0.0
 11
-92.45507685937665
 21
-25.96797886307411
 31
0.0
  0
LINE
  5
5B3
330
70
100
AcDbEntity
  8
W-S-A v1_4_ANYTOOL_CUTTHROUGH_OUTSI
100
AcDbLine
 10
-92.30806049433523
 20
-26.1255683953966
 30
0.0
 11
-92.316508828749
 21
-26.12180803768659
 31
0.0
  0
LINE
  5
5B4
330
70
100
AcDbEntity
  8
W-S-A v1_4_ANYTOOL_CUTTHROUGH_OUTSI
100
AcDbLine
 10
-91.95006957921702
 20
-25.9551771633492
 30
0.0
 11
-91.95057324343601
 21
-25.9571903770494
 31
0.0
  0
LINE
  5
5B5
330
70
100
AcDbEntity
  8
W-S-A v1_4_ANYTOOL_CUTTHROUGH_OUTSI
100
AcDbLine
 10
-92.42849748753696
 20
-25.8885225774039
 30
0.0
 11
-92.42664439942004
 21
-25.887588355011
 31
0.0
  0
LINE
  5
5B6
330
70
100
AcDbEntity
  8
W-S-A v1_4_ANYTOOL_CUTTHROUGH_OUTSI
100
AcDbLine
 10
-92.4579372900918
 20
-24.68406301734929
 30
0.0
 11
-92.45851027501725
 21
-24.6860576088672
 31
0.0
  0
LINE
  5
5B7
330
70
100
AcDbEntity
  8
W-S-A v1_4_ANYTOOL_CUTTHROUGH_OUTSI
100
AcDbLine
 10
-92.29079609510634
 20
-26.1321937228568
 30
0.0
 11
-92.29948610270781
 21
-26.1290316962344
 31
0.0
  0
LINE
  5
5B8
330
70
100
AcDbEntity
  8
W-S-A v1_4_ANYTOOL_CUTTHROUGH_OUTSI
100
AcDbLine
 10
-92.42476011198334
 20
-24.75652921005889
 30
0.0
 11
-92.42284687941385
 21
-24.75733310568841
 31
0.0
  0
LINE
  5
5B9
330
70
100
AcDbEntity
  8
W-S-A v1_4_ANYTOOL_CUTTHROUGH_OUTSI
100
AcDbLine
 10
-92.43165518476104
 20
-26.01816882787269
 30
0.0
 11
-92.43628103329603
 21
-26.0101615705516
 31
0.0
  0
LINE
  5
5BA
330
70
100
AcDbEntity
  8
W-S-A v1_4_ANYTOOL_CUTTHROUGH_OUTSI
100
AcDbLine
 10
-92.44341989946866
 20
-25.89963073943729
 30
0.0
 11
-92.44194203353583
 21
-25.8981738182545
 31
0.0
  0
LINE
  5
5BB
330
70
100
AcDbEntity
  8
W-S-A v1_4_ANYTOOL_CUTTHROUGH_OUTSI
100
AcDbLine
 10
-92.43210123833385
 20
-24.75266758047311
 30
0.0
 11
-92.43031715947065
 21
-24.75372766049739
 31
0.0
  0
LINE
  5
5BC
330
70
100
AcDbEntity
  8
W-S-A v1_4_ANYTOOL_CUTTHROUGH_OUTSI
100
AcDbLine
 10
-92.29948610270781
 20
-26.1290316962344
 30
0.0
 11
-92.30806049433523
 21
-26.1255683953966
 31
0.0
  0
LINE
  5
5BD
330
70
100
AcDbEntity
  8
W-S-A v1_4_ANYTOOL_CUTTHROUGH_OUTSI
100
AcDbLine
 10
-92.45901393923631
 20
-24.6880708225674
 30
0.0
 11
-92.45944768021159
 21
-24.6901002500272
 31
0.0
  0
LINE
  5
5BE
330
70
100
AcDbEntity
  8
W-S-A v1_4_ANYTOOL_CUTTHROUGH_OUTSI
100
AcDbLine
 10
-91.93590214887743
 20
-25.8816239930076
 30
0.0
 11
-91.81454175923384
 21
-25.88162399295841
 31
0.0
  0
LINE
  5
5BF
330
70
100
AcDbEntity
  8
W-S-A v1_4_ANYTOOL_CUTTHROUGH_OUTSI
100
AcDbLine
 10
-92.45944768021159
 20
-24.6901002500272
 30
0.0
 11
-92.45981097905584
 21
-24.69214346342722
 31
0.0
  0
LINE
  5
5C0
330
70
100
AcDbEntity
  8
W-S-A v1_4_ANYTOOL_CUTTHROUGH_OUTSI
100
AcDbLine
 10
-92.41088988564232
 20
-25.8825190786622
 30
0.0
 11
-92.40883971354714
 21
-25.88219736228391
 31
0.0
  0
LINE
  5
5C1
330
70
100
AcDbEntity
  8
W-S-A v1_4_ANYTOOL_CUTTHROUGH_OUTSI
100
AcDbLine
 10
-92.46047430100015
 20
-25.94491667466322
 30
0.0
 11
-92.46055233504245
 21
-25.94284288158379
 31
0.0
  0
LINE
  5
5C2
330
70
100
AcDbEntity
  8
W-S-A v1_4_ANYTOOL_CUTTHROUGH_OUTSI
100
AcDbLine
 10
-92.33298634101913
 20
-26.1134148241136
 30
0.0
 11
-92.34099545381862
 21
-26.10879218886541
 31
0.0
  0
LINE
  5
5C3
330
70
100
AcDbEntity
  8
W-S-A v1_4_ANYTOOL_CUTTHROUGH_OUTSI
100
AcDbLine
 10
-92.43165518476104
 20
-24.6250791580439
 30
0.0
 11
-92.43628103329603
 21
-24.633086415365
 31
0.0
  0
LINE
  5
5C4
330
70
100
AcDbEntity
  8
W-S-A v1_4_ANYTOOL_CUTTHROUGH_OUTSI
100
AcDbLine
 10
-92.46047430100015
 20
-24.69833131125339
 30
0.0
 11
-92.46055233504245
 21
-24.70040510433291
 31
0.0
  0
LINE
  5
5C5
330
70
100
AcDbEntity
  8
W-S-A v1_4_ANYTOOL_CUTTHROUGH_OUTSI
100
AcDbLine
 10
-92.4603245966723
 20
-25.9469865286828
 30
0.0
 11
-92.46047430100015
 21
-25.94491667466322
 31
0.0
  0
ARC
  5
5C6
330
70
100
AcDbEntity
  8
W-S-A v1_4_ANYTOOL_CUTTHROUGH_OUTSI
100
AcDbCircle
 10
-91.81454175923354
 20
-25.8216239929584
 30
0.0
 40
0.0600000000000094
100
AcDbArc
 50
269.9999999997286
 51
359.9999999999933
  0
LINE
  5
5C7
330
70
100
AcDbEntity
  8
W-S-A v1_4_ANYTOOL_CUTTHROUGH_OUTSI
100
AcDbLine
 10
-91.98432340646993
 20
-25.8867187758578
 30
0.0
 11
-91.98243911903324
 21
-25.887588355011
 31
0.0
  0
LINE
  5
5C8
330
70
100
AcDbEntity
  8
W-S-A v1_4_ANYTOOL_CUTTHROUGH_OUTSI
100
AcDbLine
 10
-92.43883962888592
 20
-25.8954175959421
 30
0.0
 11
-92.43721880159879
 21
-25.89412159210211
 31
0.0
  0
LINE
  5
5C9
330
70
100
AcDbEntity
  8
W-S-A v1_4_ANYTOOL_CUTTHROUGH_OUTSI
100
AcDbLine
 10
-92.45981097905584
 20
-25.95110452248939
 30
0.0
 11
-92.46010340115173
 21
-25.9490499674606
 31
0.0
  0
LINE
  5
5CA
330
70
100
AcDbEntity
  8
W-S-A v1_4_ANYTOOL_CUTTHROUGH_OUTSI
100
AcDbLine
 10
-92.44062468743264
 20
-24.64125019593631
 30
0.0
 11
-92.44468085780018
 21
-24.649560558529
 31
0.0
  0
LINE
  5
5CB
330
70
100
AcDbEntity
  8
W-S-A v1_4_ANYTOOL_CUTTHROUGH_OUTSI
100
AcDbLine
 10
-92.3983126154969
 20
-26.06239416544231
 30
0.0
 11
-92.40450181296976
 21
-26.0555233227635
 31
0.0
  0
LINE
  5
5CC
330
70
100
AcDbEntity
  8
W-S-A v1_4_ANYTOOL_CUTTHROUGH_OUTSI
100
AcDbLine
 10
-92.41614247942475
 20
-26.041154978072
 30
0.0
 11
-92.4215797732919
 21
-26.03367497273259
 31
0.0
  0
LINE
  5
5CD
330
70
100
AcDbEntity
  8
W-S-A v1_4_ANYTOOL_CUTTHROUGH_OUTSI
100
AcDbLine
 10
-92.45944768021159
 20
-25.95314773588941
 30
0.0
 11
-92.45981097905584
 21
-25.95110452248939
 31
0.0
  0
LINE
  5
5CE
330
70
100
AcDbEntity
  8
W-S-A v1_4_ANYTOOL_CUTTHROUGH_OUTSI
100
AcDbLine
 10
-92.44468085780018
 20
-24.649560558529
 30
0.0
 11
-92.44844460510423
 21
-24.65800738341799
 31
0.0
  0
LINE
  5
5CF
330
70
100
AcDbEntity
  8
W-S-A v1_4_ANYTOOL_CUTTHROUGH_OUTSI
100
AcDbLine
 10
-92.37836084100113
 20
-26.0816538077626
 30
0.0
 11
-92.38523416654432
 21
-26.0754673677158
 31
0.0
  0
LINE
  5
5D0
330
70
100
AcDbEntity
  8
W-S-A v1_4_ANYTOOL_CUTTHROUGH_OUTSI
100
AcDbLine
 10
-92.4603245966723
 20
-24.6962614572338
 30
0.0
 11
-92.46047430100015
 21
-24.69833131125339
 31
0.0
  0
LINE
  5
5D1
330
70
100
AcDbEntity
  8
W-S-A v1_4_ANYTOOL_CUTTHROUGH_OUTSI
100
AcDbLine
 10
-92.43384758981971
 20
-25.8917015492951
 30
0.0
 11
-92.43210123833385
 21
-25.8905804054435
 31
0.0
  0
LINE
  5
5D2
330
70
100
AcDbEntity
  8
W-S-A v1_4_ANYTOOL_CUTTHROUGH_OUTSI
100
AcDbLine
 10
-92.43628103329603
 20
-24.633086415365
 30
0.0
 11
-92.44062468743264
 21
-24.64125019593631
 31
0.0
  0
LINE
  5
5D3
330
70
100
AcDbEntity
  8
W-S-A v1_4_ANYTOOL_CUTTHROUGH_OUTSI
100
AcDbLine
 10
-92.20916546565312
 20
-26.1465836527903
 30
0.0
 11
-92.21840724810943
 21
-26.14626100514191
 31
0.0
  0
LINE
  5
5D4
330
70
100
AcDbEntity
  8
W-S-A v1_4_ANYTOOL_CUTTHROUGH_OUTSI
100
AcDbLine
 10
-92.43628103329603
 20
-26.0101615705516
 30
0.0
 11
-92.44062468743264
 21
-26.00199778998029
 31
0.0
  0
LINE
  5
5D5
330
70
100
AcDbEntity
  8
W-S-A v1_4_ANYTOOL_CUTTHROUGH_OUTSI
100
AcDbLine
 10
-92.4604931047115
 20
-25.9386934035666
 30
0.0
 11
-92.46035591119595
 21
-25.93662268268071
 31
0.0
  0
LINE
  5
5D6
330
70
100
AcDbEntity
  8
W-S-A v1_4_ANYTOOL_CUTTHROUGH_OUTSI
100
AcDbLine
 10
-92.2368289266433
 20
-26.14464973089971
 30
0.0
 11
-92.24598639020703
 21
-26.1433630663927
 31
0.0
  0
LINE
  5
5D7
330
70
100
AcDbEntity
  8
W-S-A v1_4_ANYTOOL_CUTTHROUGH_OUTSI
100
AcDbLine
 10
-92.41614247942475
 20
-24.60209300784461
 30
0.0
 11
-92.4215797732919
 21
-24.609573013184
 31
0.0
  0
LINE
  5
5D8
330
70
100
AcDbEntity
  8
W-S-A v1_4_ANYTOOL_CUTTHROUGH_OUTSI
100
AcDbLine
 10
-92.46010340115173
 20
-25.9490499674606
 30
0.0
 11
-92.4603245966723
 21
-25.9469865286828
 31
0.0
  0
LINE
  5
5D9
330
70
100
AcDbEntity
  8
W-S-A v1_4_ANYTOOL_CUTTHROUGH_OUTSI
100
AcDbLine
 10
-92.45507685937665
 20
-25.96797886307411
 30
0.0
 11
-92.4579372900918
 21
-25.95918496856731
 31
0.0
  0
LINE
  5
5DA
330
70
100
AcDbEntity
  8
W-S-A v1_4_ANYTOOL_CUTTHROUGH_OUTSI
100
AcDbLine
 10
-92.42476011198334
 20
-25.8867187758577
 30
0.0
 11
-92.42284687941385
 21
-25.8859148802282
 31
0.0
  0
LINE
  5
5DB
330
70
100
AcDbEntity
  8
W-S-A v1_4_ANYTOOL_CUTTHROUGH_OUTSI
100
AcDbLine
 10
-92.38523416654432
 20
-26.0754673677158
 30
0.0
 11
-92.39188745866661
 21
-26.0690448800039
 31
0.0
  0
LINE
  5
5DC
330
70
100
AcDbEntity
  8
W-S-A v1_4_ANYTOOL_CUTTHROUGH_OUTSI
100
AcDbLine
 10
-92.4267527748327
 20
-24.6172381745999
 30
0.0
 11
-92.43165518476104
 21
-24.6250791580439
 31
0.0
  0
LINE
  5
5DD
330
70
100
AcDbEntity
  8
W-S-A v1_4_ANYTOOL_CUTTHROUGH_OUTSI
100
AcDbLine
 10
-92.45507685937665
 20
-24.67526912284251
 30
0.0
 11
-92.4579372900918
 21
-24.68406301734929
 31
0.0
  0
LINE
  5
5DE
330
70
100
AcDbEntity
  8
W-S-A v1_4_ANYTOOL_CUTTHROUGH_OUTSI
100
AcDbLine
 10
-92.17225459180992
 20
-24.49859825501691
 30
0.0
 11
-92.18145137222164
 21
-24.49763188317591
 31
0.0
  0
LINE
  5
5DF
330
70
100
AcDbEntity
  8
W-S-A v1_4_ANYTOOL_CUTTHROUGH_OUTSI
100
AcDbLine
 10
-92.45851027501725
 20
-24.6860576088672
 30
0.0
 11
-92.45901393923631
 21
-24.6880708225674
 31
0.0
  0
LINE
  5
5E0
330
70
100
AcDbEntity
  8
W-S-A v1_4_ANYTOOL_CUTTHROUGH_OUTSI
100
AcDbLine
 10
-92.46010340115173
 20
-24.69419801845601
 30
0.0
 11
-92.4603245966723
 21
-24.6962614572338
 31
0.0
  0
LINE
  5
5E1
330
70
100
AcDbEntity
  8
W-S-A v1_4_ANYTOOL_CUTTHROUGH_OUTSI
100
AcDbLine
 10
-92.45851027501725
 20
-25.9571903770494
 30
0.0
 11
-92.45901393923631
 21
-25.9551771633492
 31
0.0
  0
LINE
  5
5E2
330
70
100
AcDbEntity
  8
W-S-A v1_4_ANYTOOL_CUTTHROUGH_OUTSI
100
AcDbLine
 10
-91.95486089527964
 20
-24.72847225383591
 30
0.0
 11
-91.95396451081323
 21
-24.7266005695846
 31
0.0
  0
LINE
  5
5E3
330
70
100
AcDbEntity
  8
W-S-A v1_4_ANYTOOL_CUTTHROUGH_OUTSI
100
AcDbLine
 10
-92.45000703881101
 20
-24.7356160040857
 30
0.0
 11
-92.44880193576975
 21
-24.737305511028
 31
0.0
  0
LINE
  5
5E4
330
70
100
AcDbEntity
  8
W-S-A v1_4_ANYTOOL_CUTTHROUGH_OUTSI
100
AcDbLine
 10
-92.45951624277564
 20
-25.93045628878591
 30
0.0
 11
-92.45909477350194
 21
-25.9284242772949
 31
0.0
  0
LINE
  5
5E5
330
70
100
AcDbEntity
  8
W-S-A v1_4_ANYTOOL_CUTTHROUGH_OUTSI
100
AcDbLine
 10
-92.45671499117372
 20
-25.92047814897842
 30
0.0
 11
-92.45595012839883
 21
-25.9185489802497
 31
0.0
  0
LINE
  5
5E6
330
70
100
AcDbEntity
  8
W-S-A v1_4_ANYTOOL_CUTTHROUGH_OUTSI
100
AcDbLine
 10
-92.40263966742933
 20
-25.88165988218301
 30
0.0
 11
-92.40056471706564
 21
-25.8816239929576
 31
0.0
  0
LINE
  5
5E7
330
70
100
AcDbEntity
  8
W-S-A v1_4_ANYTOOL_CUTTHROUGH_OUTSI
100
AcDbLine
 10
-92.41044751435287
 20
-26.04844071875521
 30
0.0
 11
-92.41614247942475
 21
-26.041154978072
 31
0.0
  0
LINE
  5
5E8
330
70
100
AcDbEntity
  8
W-S-A v1_4_ANYTOOL_CUTTHROUGH_OUTSI
100
AcDbLine
 10
-92.4215797732919
 20
-24.609573013184
 30
0.0
 11
-92.4267527748327
 21
-24.6172381745999
 31
0.0
  0
LINE
  5
5E9
330
70
100
AcDbEntity
  8
W-S-A v1_4_ANYTOOL_CUTTHROUGH_OUTSI
100
AcDbLine
 10
-92.4169565557233
 20
-25.88390651184981
 30
0.0
 11
-92.41495073574318
 21
-25.8833741649183
 31
0.0
  0
LINE
  5
5EA
330
70
100
AcDbEntity
  8
W-S-A v1_4_ANYTOOL_CUTTHROUGH_OUTSI
100
AcDbLine
 10
-91.94875892178091
 20
-24.6962614572339
 30
0.0
 11
-91.94898011730161
 21
-24.69419801845611
 31
0.0
  0
LINE
  5
5EB
330
70
100
AcDbEntity
  8
W-S-A v1_4_ANYTOOL_CUTTHROUGH_OUTSI
100
AcDbLine
 10
-91.98750374516151
 20
-24.609573013184
 30
0.0
 11
-91.99294103902852
 21
-24.60209300784461
 31
0.0
  0
LINE
  5
5EC
330
70
100
AcDbEntity
  8
W-S-A v1_4_ANYTOOL_CUTTHROUGH_OUTSI
100
AcDbLine
 10
-91.94927253939743
 20
-24.6921434634273
 30
0.0
 11
-91.9496358382416
 21
-24.6901002500273
 31
0.0
  0
LINE
  5
5ED
330
70
100
AcDbEntity
  8
W-S-A v1_4_ANYTOOL_CUTTHROUGH_OUTSI
100
AcDbLine
 10
-92.21840724810943
 20
-26.14626100514191
 30
0.0
 11
-92.22763214623169
 21
-26.1456161027407
 31
0.0
  0
LINE
  5
5EE
330
70
100
AcDbEntity
  8
W-S-A v1_4_ANYTOOL_CUTTHROUGH_OUTSI
100
AcDbLine
 10
-92.45901393923631
 20
-25.9551771633492
 30
0.0
 11
-92.45944768021159
 21
-25.95314773588941
 31
0.0
  0
LINE
  5
5EF
330
70
100
AcDbEntity
  8
W-S-A v1_4_ANYTOOL_CUTTHROUGH_OUTSI
100
AcDbLine
 10
-92.45326204735102
 20
-24.73031181931092
 30
0.0
 11
-92.45223842931634
 21
-24.73211706532382
 31
0.0
  0
LINE
  5
5F0
330
70
100
AcDbEntity
  8
W-S-A v1_4_ANYTOOL_CUTTHROUGH_OUTSI
100
AcDbLine
 10
-92.45511900764002
 20
-24.72660056958451
 30
0.0
 11
-92.45422262317363
 21
-24.7284722538358
 31
0.0
  0
LINE
  5
5F1
330
70
100
AcDbEntity
  8
W-S-A v1_4_ANYTOOL_CUTTHROUGH_OUTSI
100
AcDbLine
 10
-92.43031715947065
 20
-24.75372766049739
 30
0.0
 11
-92.42849748753696
 21
-24.7547254085127
 31
0.0
  0
LINE
  5
5F2
330
70
100
AcDbEntity
  8
W-S-A v1_4_ANYTOOL_CUTTHROUGH_OUTSI
100
AcDbLine
 10
-92.43721880159879
 20
-24.7491263938146
 30
0.0
 11
-92.43555412475492
 21
-24.75036557017561
 31
0.0
  0
LINE
  5
5F3
330
70
100
AcDbEntity
  8
W-S-A v1_4_ANYTOOL_CUTTHROUGH_OUTSI
100
AcDbLine
 10
-91.98233074362056
 20
-24.6172381745999
 30
0.0
 11
-91.98750374516151
 21
-24.609573013184
 31
0.0
  0
LINE
  5
5F4
330
70
100
AcDbEntity
  8
W-S-A v1_4_ANYTOOL_CUTTHROUGH_OUTSI
100
AcDbLine
 10
-91.95717217231264
 20
-24.6665803847047
 30
0.0
 11
-91.96063891334903
 21
-24.65800738341799
 31
0.0
  0
LINE
  5
5F5
330
70
100
AcDbEntity
  8
W-S-A v1_4_ANYTOOL_CUTTHROUGH_OUTSI
100
AcDbLine
 10
-91.95582147110226
 20
-24.73031181931102
 30
0.0
 11
-91.95486089527964
 21
-24.72847225383591
 31
0.0
  0
LINE
  5
5F6
330
70
100
AcDbEntity
  8
W-S-A v1_4_ANYTOOL_CUTTHROUGH_OUTSI
100
AcDbLine
 10
-92.4604931047115
 20
-24.70455458235001
 30
0.0
 11
-92.46035591119595
 21
-24.70662530323601
 31
0.0
  0
LINE
  5
5F7
330
70
100
AcDbEntity
  8
W-S-A v1_4_ANYTOOL_CUTTHROUGH_OUTSI
100
AcDbLine
 10
-91.99212696272988
 20
-24.75934147406691
 30
0.0
 11
-91.99014075242951
 21
-24.75874007927901
 31
0.0
  0
LINE
  5
5F8
330
70
100
AcDbEntity
  8
W-S-A v1_4_ANYTOOL_CUTTHROUGH_OUTSI
100
AcDbLine
 10
-92.45422262317363
 20
-24.7284722538358
 30
0.0
 11
-92.45326204735102
 21
-24.73031181931092
 31
0.0
  0
LINE
  5
5F9
330
70
100
AcDbEntity
  8
W-S-A v1_4_ANYTOOL_CUTTHROUGH_OUTSI
100
AcDbLine
 10
-91.95400665907669
 20
-24.67526912284251
 30
0.0
 11
-91.95717217231264
 21
-24.6665803847047
 31
0.0
  0
LINE
  5
5FA
330
70
100
AcDbEntity
  8
W-S-A v1_4_ANYTOOL_CUTTHROUGH_OUTSI
100
AcDbLine
 10
-92.34883840372502
 20
-26.1038929255288
 30
0.0
 11
-92.35650564019234
 21
-26.09872300005269
 31
0.0
  0
LINE
  5
5FB
330
70
100
AcDbEntity
  8
W-S-A v1_4_ANYTOOL_CUTTHROUGH_OUTSI
100
AcDbLine
 10
-92.45115299363133
 20
-24.73388583224521
 30
0.0
 11
-92.45000703881101
 21
-24.7356160040857
 31
0.0
  0
LINE
  5
5FC
330
70
100
AcDbEntity
  8
W-S-A v1_4_ANYTOOL_CUTTHROUGH_OUTSI
100
AcDbLine
 10
-91.97186471685439
 20
-24.7491263938147
 30
0.0
 11
-91.97024388956736
 21
-24.74783038997459
 31
0.0
  0
LINE
  5
5FD
330
70
100
AcDbEntity
  8
W-S-A v1_4_ANYTOOL_CUTTHROUGH_OUTSI
100
AcDbLine
 10
-91.98058603091631
 20
-24.7547254085128
 30
0.0
 11
-91.97876635898261
 21
-24.7537276604975
 31
0.0
  0
LINE
  5
5FE
330
70
100
AcDbEntity
  8
W-S-A v1_4_ANYTOOL_CUTTHROUGH_OUTSI
100
AcDbLine
 10
-92.45860328428193
 20
-24.71683992919369
 30
0.0
 11
-92.45804236308782
 21
-24.7188379468268
 31
0.0
  0
LINE
  5
5FF
330
70
100
AcDbEntity
  8
W-S-A v1_4_ANYTOOL_CUTTHROUGH_OUTSI
100
AcDbLine
 10
-92.43883962888592
 20
-24.74783038997451
 30
0.0
 11
-92.43721880159879
 21
-24.7491263938146
 31
0.0
  0
LINE
  5
600
330
70
100
AcDbEntity
  8
W-S-A v1_4_ANYTOOL_CUTTHROUGH_OUTSI
100
AcDbLine
 10
-92.4267527748327
 20
-26.02600981131669
 30
0.0
 11
-92.43165518476104
 21
-26.01816882787269
 31
0.0
  0
LINE
  5
601
330
70
100
AcDbEntity
  8
W-S-A v1_4_ANYTOOL_CUTTHROUGH_OUTSI
100
AcDbLine
 10
-92.4598671878963
 20
-24.7107463256313
 30
0.0
 11
-92.45951624277564
 21
-24.71279169713069
 31
0.0
  0
LINE
  5
602
330
70
100
AcDbEntity
  8
W-S-A v1_4_ANYTOOL_CUTTHROUGH_OUTSI
100
AcDbLine
 10
-92.25509338566284
 20
-26.14175767602159
 30
0.0
 11
-92.2641388232066
 21
-26.1398355147082
 31
0.0
  0
LINE
  5
603
330
70
100
AcDbEntity
  8
W-S-A v1_4_ANYTOOL_CUTTHROUGH_OUTSI
100
AcDbLine
 10
-92.46055233504245
 20
-25.94284288158379
 30
0.0
 11
-92.46055860544663
 21
-25.94076763033869
 31
0.0
  0
LINE
  5
604
330
70
100
AcDbEntity
  8
W-S-A v1_4_ANYTOOL_CUTTHROUGH_OUTSI
100
AcDbLine
 10
-92.46055233504245
 20
-24.70040510433291
 30
0.0
 11
-92.46055860544663
 21
-24.70248035557791
 31
0.0
  0
LINE
  5
605
330
70
100
AcDbEntity
  8
W-S-A v1_4_ANYTOOL_CUTTHROUGH_OUTSI
100
AcDbLine
 10
-92.36398782664533
 20
-26.0932887079777
 30
0.0
 11
-92.37127585184863
 21
-26.08759666676992
 31
0.0
  0
LINE
  5
606
330
70
100
AcDbEntity
  8
W-S-A v1_4_ANYTOOL_CUTTHROUGH_OUTSI
100
AcDbLine
 10
-92.45223842931634
 20
-24.73211706532382
 30
0.0
 11
-92.45115299363133
 21
-24.73388583224521
 31
0.0
  0
LINE
  5
607
330
70
100
AcDbEntity
  8
W-S-A v1_4_ANYTOOL_CUTTHROUGH_OUTSI
100
AcDbLine
 10
-92.37127585184863
 20
-26.08759666676992
 30
0.0
 11
-92.37836084100113
 21
-26.0816538077626
 31
0.0
  0
LINE
  5
608
330
70
100
AcDbEntity
  8
W-S-A v1_4_ANYTOOL_CUTTHROUGH_OUTSI
100
AcDbLine
 10
-92.2641388232066
 20
-26.1398355147082
 30
0.0
 11
-92.2731116879952
 21
-26.13759892311382
 31
0.0
  0
LINE
  5
609
330
70
100
AcDbEntity
  8
W-S-A v1_4_ANYTOOL_CUTTHROUGH_OUTSI
100
AcDbLine
 10
-91.96566361898462
 20
-24.7436172464794
 30
0.0
 11
-91.9642370210286
 21
-24.7421100884518
 31
0.0
  0
LINE
  5
60A
330
70
100
AcDbEntity
  8
W-S-A v1_4_ANYTOOL_CUTTHROUGH_OUTSI
100
AcDbLine
 10
-92.43384758981971
 20
-24.7515464366216
 30
0.0
 11
-92.43210123833385
 21
-24.75266758047311
 31
0.0
  0
LINE
  5
60B
330
70
100
AcDbEntity
  8
W-S-A v1_4_ANYTOOL_CUTTHROUGH_OUTSI
100
AcDbLine
 10
-91.99014075242951
 20
-24.75874007927901
 30
0.0
 11
-91.98817652792714
 21
-24.75807035608792
 31
0.0
  0
LINE
  5
60C
330
70
100
AcDbEntity
  8
W-S-A v1_4_ANYTOOL_CUTTHROUGH_OUTSI
100
AcDbLine
 10
-92.41894276602376
 20
-24.7587400792789
 30
0.0
 11
-92.4169565557233
 21
-24.75934147406679
 31
0.0
  0
LINE
  5
60D
330
70
100
AcDbEntity
  8
W-S-A v1_4_ANYTOOL_CUTTHROUGH_OUTSI
100
AcDbLine
 10
-92.46014718902552
 20
-24.70869004101681
 30
0.0
 11
-92.4598671878963
 21
-24.7107463256313
 31
0.0
  0
LINE
  5
60E
330
70
100
AcDbEntity
  8
W-S-A v1_4_ANYTOOL_CUTTHROUGH_OUTSI
100
AcDbLine
 10
-91.95396451081323
 20
-24.7266005695846
 30
0.0
 11
-91.95313339005442
 21
-24.724699005667
 31
0.0
  0
LINE
  5
60F
330
70
100
AcDbEntity
  8
W-S-A v1_4_ANYTOOL_CUTTHROUGH_OUTSI
100
AcDbLine
 10
-92.316508828749
 20
-26.12180803768659
 30
0.0
 11
-92.32482081821231
 21
-26.11775520218101
 31
0.0
  0
LINE
  5
610
330
70
100
AcDbEntity
  8
W-S-A v1_4_ANYTOOL_CUTTHROUGH_OUTSI
100
AcDbLine
 10
-92.44194203353583
 20
-24.7450741676621
 30
0.0
 11
-92.44041466760849
 21
-24.7464791090745
 31
0.0
  0
LINE
  5
611
330
70
100
AcDbEntity
  8
W-S-A v1_4_ANYTOOL_CUTTHROUGH_OUTSI
100
AcDbLine
 10
-92.2731116879952
 20
-26.13759892311382
 30
0.0
 11
-92.28200105355872
 21
-26.13505062478891
 31
0.0
  0
LINE
  5
612
330
70
100
AcDbEntity
  8
W-S-A v1_4_ANYTOOL_CUTTHROUGH_OUTSI
100
AcDbLine
 10
-91.97280248515722
 20
-24.633086415365
 30
0.0
 11
-91.97742833369224
 21
-24.6250791580439
 31
0.0
  0
LINE
  5
613
330
70
100
AcDbEntity
  8
W-S-A v1_4_ANYTOOL_CUTTHROUGH_OUTSI
100
AcDbLine
 10
-92.43555412475492
 20
-24.75036557017561
 30
0.0
 11
-92.43384758981971
 21
-24.7515464366216
 31
0.0
  0
LINE
  5
614
330
70
100
AcDbEntity
  8
W-S-A v1_4_ANYTOOL_CUTTHROUGH_OUTSI
100
AcDbLine
 10
-92.44484649742458
 20
-24.7421100884517
 30
0.0
 11
-92.44341989946866
 21
-24.74361724647931
 31
0.0
  0
LINE
  5
615
330
70
100
AcDbEntity
  8
W-S-A v1_4_ANYTOOL_CUTTHROUGH_OUTSI
100
AcDbLine
 10
-92.44468085780018
 20
-25.9936874273876
 30
0.0
 11
-92.44844460510423
 21
-25.9852406024986
 31
0.0
  0
LINE
  5
616
330
70
100
AcDbEntity
  8
W-S-A v1_4_ANYTOOL_CUTTHROUGH_OUTSI
100
AcDbLine
 10
-91.96845883102069
 20
-24.64125019593631
 30
0.0
 11
-91.97280248515722
 21
-24.633086415365
 31
0.0
  0
LINE
  5
617
330
70
100
AcDbEntity
  8
W-S-A v1_4_ANYTOOL_CUTTHROUGH_OUTSI
100
AcDbLine
 10
-92.44844460510423
 20
-25.9852406024986
 30
0.0
 11
-92.45191134614062
 21
-25.97666760121189
 31
0.0
  0
LINE
  5
618
330
70
100
AcDbEntity
  8
W-S-A v1_4_ANYTOOL_CUTTHROUGH_OUTSI
100
AcDbLine
 10
-92.34099545381862
 20
-26.10879218886541
 30
0.0
 11
-92.34883840372502
 21
-26.1038929255288
 31
0.0
  0
LINE
  5
619
330
70
100
AcDbEntity
  8
W-S-A v1_4_ANYTOOL_CUTTHROUGH_OUTSI
100
AcDbLine
 10
-92.42849748753696
 20
-24.7547254085127
 30
0.0
 11
-92.42664439942004
 21
-24.75565963090561
 31
0.0
  0
LINE
  5
61A
330
70
100
AcDbEntity
  8
W-S-A v1_4_ANYTOOL_CUTTHROUGH_OUTSI
100
AcDbLine
 10
-91.96063891334903
 20
-24.65800738341799
 30
0.0
 11
-91.96440266065314
 21
-24.649560558529
 31
0.0
  0
LINE
  5
61B
330
70
100
AcDbEntity
  8
W-S-A v1_4_ANYTOOL_CUTTHROUGH_OUTSI
100
AcDbLine
 10
-91.9602815826836
 20
-24.73730551102811
 30
0.0
 11
-91.95907647964224
 21
-24.7356160040859
 31
0.0
  0
LINE
  5
61C
330
70
100
AcDbEntity
  8
W-S-A v1_4_ANYTOOL_CUTTHROUGH_OUTSI
100
AcDbLine
 10
-91.9511462283614
 20
-24.68406301734941
 30
0.0
 11
-91.95400665907669
 21
-24.67526912284251
 31
0.0
  0
LINE
  5
61D
330
70
100
AcDbEntity
  8
W-S-A v1_4_ANYTOOL_CUTTHROUGH_OUTSI
100
AcDbLine
 10
-92.45595012839883
 20
-24.72469900566691
 30
0.0
 11
-92.45511900764002
 21
-24.72660056958451
 31
0.0
  0
LINE
  5
61E
330
70
100
AcDbEntity
  8
W-S-A v1_4_ANYTOOL_CUTTHROUGH_OUTSI
100
AcDbLine
 10
-92.42284687941385
 20
-24.75733310568841
 30
0.0
 11
-92.42090699052607
 21
-24.7580703560878
 31
0.0
  0
LINE
  5
61F
330
70
100
AcDbEntity
  8
W-S-A v1_4_ANYTOOL_CUTTHROUGH_OUTSI
100
AcDbLine
 10
-91.97523592863356
 20
-24.7515464366216
 30
0.0
 11
-91.97352939369833
 21
-24.7503655701757
 31
0.0
  0
LINE
  5
620
330
70
100
AcDbEntity
  8
W-S-A v1_4_ANYTOOL_CUTTHROUGH_OUTSI
100
AcDbLine
 10
-92.44880193576975
 20
-24.737305511028
 30
0.0
 11
-92.44753912618122
 21
-24.73895233190221
 31
0.0
  0
LINE
  5
621
330
70
100
AcDbEntity
  8
W-S-A v1_4_ANYTOOL_CUTTHROUGH_OUTSI
100
AcDbLine
 10
-92.28200105355872
 20
-26.13505062478891
 30
0.0
 11
-92.29079609510634
 21
-26.1321937228568
 31
0.0
  0
LINE
  5
622
330
70
100
AcDbEntity
  8
W-S-A v1_4_ANYTOOL_CUTTHROUGH_OUTSI
100
AcDbLine
 10
-92.32482081821231
 20
-26.11775520218101
 30
0.0
 11
-92.33298634101913
 21
-26.1134148241136
 31
0.0
  0
LINE
  5
623
330
70
100
AcDbEntity
  8
W-S-A v1_4_ANYTOOL_CUTTHROUGH_OUTSI
100
AcDbLine
 10
-92.4215797732919
 20
-26.03367497273259
 30
0.0
 11
-92.4267527748327
 21
-26.02600981131669
 31
0.0
  0
LINE
  5
624
330
70
100
AcDbEntity
  8
W-S-A v1_4_ANYTOOL_CUTTHROUGH_OUTSI
100
AcDbLine
 10
-92.44753912618122
 20
-24.73895233190221
 30
0.0
 11
-92.44622012075415
 21
-24.74055449660401
 31
0.0
  0
LINE
  5
625
330
70
100
AcDbEntity
  8
W-S-A v1_4_ANYTOOL_CUTTHROUGH_OUTSI
100
AcDbLine
 10
-92.40450181296976
 20
-26.0555233227635
 30
0.0
 11
-92.41044751435287
 21
-26.04844071875521
 31
0.0
  0
LINE
  5
626
330
70
100
AcDbEntity
  8
W-S-A v1_4_ANYTOOL_CUTTHROUGH_OUTSI
100
AcDbLine
 10
-92.22763214623169
 20
-26.1456161027407
 30
0.0
 11
-92.2368289266433
 21
-26.14464973089971
 31
0.0
  0
LINE
  5
627
330
70
100
AcDbEntity
  8
W-S-A v1_4_ANYTOOL_CUTTHROUGH_OUTSI
100
AcDbLine
 10
-92.35650564019234
 20
-26.09872300005269
 30
0.0
 11
-92.36398782664533
 21
-26.0932887079777
 31
0.0
  0
LINE
  5
628
330
70
100
AcDbEntity
  8
W-S-A v1_4_ANYTOOL_CUTTHROUGH_OUTSI
100
AcDbLine
 10
-92.39188745866661
 20
-26.0690448800039
 30
0.0
 11
-92.3983126154969
 21
-26.06239416544231
 31
0.0
  0
LINE
  5
629
330
70
100
AcDbEntity
  8
W-S-A v1_4_ANYTOOL_CUTTHROUGH_OUTSI
100
AcDbLine
 10
-91.94898011730161
 20
-24.69419801845611
 30
0.0
 11
-91.94927253939743
 21
-24.6921434634273
 31
0.0
  0
LINE
  5
62A
330
70
100
AcDbEntity
  8
W-S-A v1_4_ANYTOOL_CUTTHROUGH_OUTSI
100
AcDbLine
 10
-92.46055860544663
 20
-24.70248035557791
 30
0.0
 11
-92.4604931047115
 21
-24.70455458235001
 31
0.0
  0
LINE
  5
62B
330
70
100
AcDbEntity
  8
W-S-A v1_4_ANYTOOL_CUTTHROUGH_OUTSI
100
AcDbLine
 10
-92.13597183045814
 20
-24.50564906280291
 30
0.0
 11
-92.14494469524673
 21
-24.5034124712085
 31
0.0
  0
LINE
  5
62C
330
70
100
AcDbEntity
  8
W-S-A v1_4_ANYTOOL_CUTTHROUGH_OUTSI
100
AcDbLine
 10
-91.94860921745313
 20
-24.69833131125351
 30
0.0
 11
-91.94875892178091
 21
-24.6962614572339
 31
0.0
  0
ARC
  5
62D
330
70
100
AcDbEntity
  8
W-S-A v1_4_ANYTOOL_CUTTHROUGH_OUTSI
100
AcDbCircle
 10
-86.31636331370472
 20
-25.8293786937827
 30
0.0
 40
0.2049999999999014
100
AcDbArc
 50
195.3051943809466
 51
344.6948056190736
  0
LINE
  5
62E
330
70
100
AcDbEntity
  8
W-S-A v1_4_ANYTOOL_CUTTHROUGH_OUTSI
100
AcDbLine
 10
-86.31173960727137
 20
-24.44441903395033
 30
0.0
 11
-86.32098702012436
 21
-24.44441903395033
 31
0.0
  0
LINE
  5
62F
330
70
100
AcDbEntity
  8
W-S-A v1_4_ANYTOOL_CUTTHROUGH_OUTSI
100
AcDbLine
 10
-92.44622012075415
 20
-24.74055449660401
 30
0.0
 11
-92.44484649742458
 21
-24.7421100884517
 31
0.0
  0
LINE
  5
630
330
70
100
AcDbEntity
  8
W-S-A v1_4_ANYTOOL_CUTTHROUGH_OUTSI
100
AcDbLine
 10
-91.98243911903324
 20
-25.887588355011
 30
0.0
 11
-91.98058603091631
 21
-25.88852257740402
 31
0.0
  0
LINE
  5
631
330
70
100
AcDbEntity
  8
W-S-A v1_4_ANYTOOL_CUTTHROUGH_OUTSI
100
AcDbLine
 10
-92.45951624277564
 20
-24.71279169713069
 30
0.0
 11
-92.45909477350194
 21
-24.71482370862171
 31
0.0
  0
LINE
  5
632
330
70
100
AcDbEntity
  8
W-S-A v1_4_ANYTOOL_CUTTHROUGH_OUTSI
100
AcDbLine
 10
-91.97698228011942
 20
-24.75266758047319
 30
0.0
 11
-91.97523592863356
 21
-24.7515464366216
 31
0.0
  0
LINE
  5
633
330
70
100
AcDbEntity
  8
W-S-A v1_4_ANYTOOL_CUTTHROUGH_OUTSI
100
AcDbLine
 10
-86.55376358800706
 20
-25.84592851907843
 30
0.0
 11
-86.55223622207973
 21
-25.84452357766602
 31
0.0
  0
LINE
  5
634
330
70
100
AcDbEntity
  8
W-S-A v1_4_ANYTOOL_CUTTHROUGH_OUTSI
100
AcDbLine
 10
-92.00437138293892
 20
-25.88176750692471
 30
0.0
 11
-92.00230387644181
 21
-25.88194673843029
 31
0.0
  0
LINE
  5
635
330
70
100
AcDbEntity
  8
W-S-A v1_4_ANYTOOL_CUTTHROUGH_OUTSI
100
AcDbLine
 10
-86.59737082910629
 20
-25.28654302350053
 30
0.0
 11
-86.76636331370479
 21
-25.76937869378202
 31
0.0
  0
LINE
  5
636
330
70
100
AcDbEntity
  8
W-S-A v1_4_ANYTOOL_CUTTHROUGH_OUTSI
100
AcDbLine
 10
-91.95057324343601
 20
-24.6860576088673
 30
0.0
 11
-91.9511462283614
 21
-24.68406301734941
 31
0.0
  0
LINE
  5
637
330
70
100
AcDbEntity
  8
W-S-A v1_4_ANYTOOL_CUTTHROUGH_OUTSI
100
AcDbLine
 10
-92.00024380490614
 20
-25.88219736228391
 30
0.0
 11
-91.99819363281095
 21
-25.8825190786623
 31
0.0
  0
LINE
  5
638
330
70
100
AcDbEntity
  8
W-S-A v1_4_ANYTOOL_CUTTHROUGH_OUTSI
100
AcDbLine
 10
-86.07896303938868
 20
-25.84592851907843
 30
0.0
 11
-86.07748517345585
 21
-25.84738544026133
 31
0.0
  0
ARC
  5
639
330
70
100
AcDbEntity
  8
W-S-A v1_4_ANYTOOL_CUTTHROUGH_OUTSI
100
AcDbCircle
 10
86.65486331370498
 20
-25.26937869378227
 30
0.0
 40
0.0600000000000728
210
0.0
220
0.0
230
-1.0
100
AcDbArc
 50
163.3770524843906
 51
196.6229475156061
  0
LINE
  5
63A
330
70
100
AcDbEntity
  8
W-S-A v1_4_ANYTOOL_CUTTHROUGH_OUTSI
100
AcDbLine
 10
-91.97742833369224
 20
-24.6250791580439
 30
0.0
 11
-91.98233074362056
 21
-24.6172381745999
 31
0.0
  0
LINE
  5
63B
330
70
100
AcDbEntity
  8
W-S-A v1_4_ANYTOOL_CUTTHROUGH_OUTSI
100
AcDbLine
 10
-92.45909477350194
 20
-24.71482370862171
 30
0.0
 11
-92.45860328428193
 21
-24.71683992919369
 31
0.0
  0
LINE
  5
63C
330
70
100
AcDbEntity
  8
W-S-A v1_4_ANYTOOL_CUTTHROUGH_OUTSI
100
AcDbLine
 10
-86.51238627153688
 20
-25.82937869378153
 30
0.0
 11
-86.12034035585878
 21
-25.82937869378153
 31
0.0
  0
LINE
  5
63D
330
70
100
AcDbEntity
  8
W-S-A v1_4_ANYTOOL_CUTTHROUGH_OUTSI
100
AcDbLine
 10
-92.44041466760849
 20
-24.7464791090745
 30
0.0
 11
-92.43883962888592
 21
-24.74783038997451
 31
0.0
  0
LINE
  5
63E
330
70
100
AcDbEntity
  8
W-S-A v1_4_ANYTOOL_CUTTHROUGH_OUTSI
100
AcDbLine
 10
-91.9496358382416
 20
-24.6901002500273
 30
0.0
 11
-91.95006957921702
 21
-24.68807082256751
 31
0.0
  0
LINE
  5
63F
330
70
100
AcDbEntity
  8
W-S-A v1_4_ANYTOOL_CUTTHROUGH_OUTSI
100
AcDbLine
 10
-92.42664439942004
 20
-24.75565963090561
 30
0.0
 11
-92.42476011198334
 21
-24.75652921005889
 31
0.0
  0
ARC
  5
640
330
70
100
AcDbEntity
  8
W-S-A v1_4_ANYTOOL_CUTTHROUGH_OUTSI
100
AcDbCircle
 10
-85.92636331370476
 20
-24.76937869378231
 30
0.0
 40
0.0599999999999767
100
AcDbArc
 50
359.9999999999797
 51
90.00000000031212
  0
LINE
  5
641
330
70
100
AcDbEntity
  8
W-S-A v1_4_ANYTOOL_CUTTHROUGH_OUTSI
100
AcDbLine
 10
-85.86636331370478
 20
-25.76937869378232
 30
0.0
 11
-86.03535579830326
 21
-25.28654302350124
 31
0.0
  0
LINE
  5
642
330
70
100
AcDbEntity
  8
W-S-A v1_4_ANYTOOL_CUTTHROUGH_OUTSI
100
AcDbLine
 10
-86.55804167522537
 20
-25.85044819013663
 30
0.0
 11
-86.55666805189582
 21
-25.84889259828882
 31
0.0
  0
LINE
  5
643
330
70
100
AcDbEntity
  8
W-S-A v1_4_ANYTOOL_CUTTHROUGH_OUTSI
100
AcDbLine
 10
-86.33945370070293
 20
-24.44538658399983
 30
0.0
 11
-86.34865048111453
 21
-24.44635295584083
 31
0.0
  0
LINE
  5
644
330
70
100
AcDbEntity
  8
W-S-A v1_4_ANYTOOL_CUTTHROUGH_OUTSI
100
AcDbLine
 10
-86.06975207929316
 20
-25.85711685449544
 30
0.0
 11
-86.06866664360815
 21
-25.85888562141672
 31
0.0
  0
LINE
  5
645
330
70
100
AcDbEntity
  8
W-S-A v1_4_ANYTOOL_CUTTHROUGH_OUTSI
100
AcDbLine
 10
-92.00644385102394
 20
-25.88165988218301
 30
0.0
 11
-92.00437138293892
 21
-25.88176750692471
 31
0.0
  0
LINE
  5
646
330
70
100
AcDbEntity
  8
W-S-A v1_4_ANYTOOL_CUTTHROUGH_OUTSI
100
AcDbLine
 10
-91.99413278271
 20
-25.8833741649183
 30
0.0
 11
-91.99212696272988
 21
-25.88390651184991
 31
0.0
  0
LINE
  5
647
330
70
100
AcDbEntity
  8
W-S-A v1_4_ANYTOOL_CUTTHROUGH_OUTSI
100
AcDbLine
 10
-86.12901761425796
 20
-24.52195780673663
 30
0.0
 11
-86.13567090638024
 21
-24.51553531902482
 31
0.0
  0
LINE
  5
648
330
70
100
AcDbEntity
  8
W-S-A v1_4_ANYTOOL_CUTTHROUGH_OUTSI
100
AcDbLine
 10
-86.06495494452566
 20
-25.86630368107361
 30
0.0
 11
-86.06419008175064
 21
-25.86823284980234
 31
0.0
  0
LINE
  5
649
330
70
100
AcDbEntity
  8
W-S-A v1_4_ANYTOOL_CUTTHROUGH_OUTSI
100
AcDbLine
 10
-86.08705748310478
 20
-25.83945625011902
 30
0.0
 11
-86.08535094816957
 21
-25.84063711656503
 31
0.0
  0
LINE
  5
64A
330
70
100
AcDbEntity
  8
W-S-A v1_4_ANYTOOL_CUTTHROUGH_OUTSI
100
AcDbLine
 10
-86.51238627153688
 20
-24.70937869378293
 30
0.0
 11
-86.12034035585878
 21
-24.70937869378302
 31
0.0
  0
ARC
  5
64B
330
70
100
AcDbEntity
  8
W-S-A v1_4_ANYTOOL_CUTTHROUGH_OUTSI
100
AcDbCircle
 10
-86.70636331370474
 20
-25.76937869378231
 30
0.0
 40
0.0600000000000364
100
AcDbArc
 50
179.9999999997218
 51
270.0000400796164
  0
LINE
  5
64C
330
70
100
AcDbEntity
  8
W-S-A v1_4_ANYTOOL_CUTTHROUGH_OUTSI
100
AcDbLine
 10
-86.56777168287007
 20
-25.86630368107361
 30
0.0
 11
-86.56694056211126
 21
-25.86440211715602
 31
0.0
  0
LINE
  5
64D
330
70
100
AcDbEntity
  8
W-S-A v1_4_ANYTOOL_CUTTHROUGH_OUTSI
100
AcDbLine
 10
-86.55223622207973
 20
-25.84452357766602
 30
0.0
 11
-86.55066118335716
 21
-25.84317229676603
 31
0.0
  0
LINE
  5
64E
330
70
100
AcDbEntity
  8
W-S-A v1_4_ANYTOOL_CUTTHROUGH_OUTSI
100
AcDbLine
 10
-86.19608425471218
 20
-26.06550990300493
 30
0.0
 11
-86.20439624417556
 21
-26.06956273851052
 31
0.0
  0
LINE
  5
64F
330
70
100
AcDbEntity
  8
W-S-A v1_4_ANYTOOL_CUTTHROUGH_OUTSI
100
AcDbLine
 10
-91.99615581279243
 20
-25.8829115026937
 30
0.0
 11
-91.99413278271
 21
-25.8833741649183
 31
0.0
  0
LINE
  5
650
330
70
100
AcDbEntity
  8
W-S-A v1_4_ANYTOOL_CUTTHROUGH_OUTSI
100
AcDbLine
 10
-86.17206666919953
 20
-24.48710976121172
 30
0.0
 11
-86.17990961910596
 21
-24.48221049787513
 31
0.0
  0
LINE
  5
651
330
70
100
AcDbEntity
  8
W-S-A v1_4_ANYTOOL_CUTTHROUGH_OUTSI
100
AcDbLine
 10
-91.98058603091631
 20
-25.88852257740402
 30
0.0
 11
-91.97876635898261
 21
-25.88952032541929
 31
0.0
  0
LINE
  5
652
330
70
100
AcDbEntity
  8
W-S-A v1_4_ANYTOOL_CUTTHROUGH_OUTSI
100
AcDbLine
 10
-92.00458170548351
 20
-26.0555233227635
 30
0.0
 11
-92.01077090295644
 21
-26.06239416544231
 31
0.0
  0
LINE
  5
653
330
70
100
AcDbEntity
  8
W-S-A v1_4_ANYTOOL_CUTTHROUGH_OUTSI
100
AcDbLine
 10
-86.70636327173346
 20
-25.82937869378233
 30
0.0
 11
-86.58500292406065
 21
-25.82937869383133
 31
0.0
  0
LINE
  5
654
330
70
100
AcDbEntity
  8
W-S-A v1_4_ANYTOOL_CUTTHROUGH_OUTSI
100
AcDbLine
 10
-86.34865048111453
 20
-24.44635295584083
 30
0.0
 11
-86.35780794467827
 21
-24.44763962034782
 31
0.0
  0
LINE
  5
655
330
70
100
AcDbEntity
  8
W-S-A v1_4_ANYTOOL_CUTTHROUGH_OUTSI
100
AcDbLine
 10
-86.30249782481513
 20
-24.44474168159873
 30
0.0
 11
-86.31173960727137
 21
-24.44441903395033
 31
0.0
  0
LINE
  5
656
330
70
100
AcDbEntity
  8
W-S-A v1_4_ANYTOOL_CUTTHROUGH_OUTSI
100
AcDbLine
 10
-86.06668244975088
 20
-25.86253043290473
 30
0.0
 11
-86.06578606528447
 21
-25.86440211715613
 31
0.0
  0
LINE
  5
657
330
70
100
AcDbEntity
  8
W-S-A v1_4_ANYTOOL_CUTTHROUGH_OUTSI
100
AcDbLine
 10
-86.44480789549035
 20
-24.47758786262693
 30
0.0
 11
-86.45281700828986
 21
-24.48221049787513
 31
0.0
  0
LINE
  5
658
330
70
100
AcDbEntity
  8
W-S-A v1_4_ANYTOOL_CUTTHROUGH_OUTSI
100
AcDbLine
 10
-86.11206535937737
 20
-24.70880532445673
 30
0.0
 11
-86.11001518728219
 21
-24.70848360807842
 31
0.0
  0
LINE
  5
659
330
70
100
AcDbEntity
  8
W-S-A v1_4_ANYTOOL_CUTTHROUGH_OUTSI
100
AcDbLine
 10
-86.0628627098367
 20
-25.87216473991382
 30
0.0
 11
-86.06230178864256
 21
-25.87416275754693
 31
0.0
  0
LINE
  5
65A
330
70
100
AcDbEntity
  8
W-S-A v1_4_ANYTOOL_CUTTHROUGH_OUTSI
100
AcDbLine
 10
-91.98623663903942
 20
-25.88591488022829
 30
0.0
 11
-91.98432340646993
 21
-25.8867187758578
 31
0.0
  0
LINE
  5
65B
330
70
100
AcDbEntity
  8
W-S-A v1_4_ANYTOOL_CUTTHROUGH_OUTSI
100
AcDbLine
 10
-86.57168874236754
 20
-25.88025636110922
 30
0.0
 11
-86.57133779724688
 21
-25.87821098960983
 31
0.0
  0
LINE
  5
65C
330
70
100
AcDbEntity
  8
W-S-A v1_4_ANYTOOL_CUTTHROUGH_OUTSI
100
AcDbLine
 10
-91.96440266065314
 20
-24.649560558529
 30
0.0
 11
-91.96845883102069
 21
-24.64125019593631
 31
0.0
  0
LINE
  5
65D
330
70
100
AcDbEntity
  8
W-S-A v1_4_ANYTOOL_CUTTHROUGH_OUTSI
100
AcDbLine
 10
-91.94853118341082
 20
-24.700405104333
 30
0.0
 11
-91.94860921745313
 21
-24.69833131125351
 31
0.0
  0
LINE
  5
65E
330
70
100
AcDbEntity
  8
W-S-A v1_4_ANYTOOL_CUTTHROUGH_OUTSI
100
AcDbLine
 10
-91.99014075242951
 20
-25.88450790663781
 30
0.0
 11
-91.98817652792714
 21
-25.88517762982889
 31
0.0
  0
LINE
  5
65F
330
70
100
AcDbEntity
  8
W-S-A v1_4_ANYTOOL_CUTTHROUGH_OUTSI
100
AcDbLine
 10
-92.45671499117372
 20
-24.72276983693831
 30
0.0
 11
-92.45595012839883
 21
-24.72469900566691
 31
0.0
  0
LINE
  5
660
330
70
100
AcDbEntity
  8
W-S-A v1_4_ANYTOOL_CUTTHROUGH_OUTSI
100
AcDbLine
 10
-92.00851880138754
 20
-25.8816239929576
 30
0.0
 11
-92.00644385102394
 21
-25.88165988218301
 31
0.0
  0
ARC
  5
661
330
70
100
AcDbEntity
  8
W-S-A v1_4_ANYTOOL_CUTTHROUGH_OUTSI
100
AcDbCircle
 10
-86.31636331370478
 20
-24.70937869378322
 30
0.0
 40
0.2050000000002161
100
AcDbArc
 50
15.30519438132144
 51
164.6948056186536
  0
LINE
  5
662
330
70
100
AcDbEntity
  8
W-S-A v1_4_ANYTOOL_CUTTHROUGH_OUTSI
100
AcDbLine
 10
-86.56182859328225
 20
-25.85538668265483
 30
0.0
 11
-86.56062349024097
 21
-25.85369717571253
 31
0.0
  0
LINE
  5
663
330
70
100
AcDbEntity
  8
W-S-A v1_4_ANYTOOL_CUTTHROUGH_OUTSI
100
AcDbLine
 10
-91.95006957921702
 20
-24.68807082256751
 30
0.0
 11
-91.95057324343601
 21
-24.6860576088673
 31
0.0
  0
LINE
  5
664
330
70
100
AcDbEntity
  8
W-S-A v1_4_ANYTOOL_CUTTHROUGH_OUTSI
100
AcDbLine
 10
-92.46035591119595
 20
-24.70662530323601
 30
0.0
 11
-92.46014718902552
 21
-24.70869004101681
 31
0.0
  0
LINE
  5
665
330
70
100
AcDbEntity
  8
W-S-A v1_4_ANYTOOL_CUTTHROUGH_OUTSI
100
AcDbLine
 10
-91.98817652792714
 20
-25.88517762982889
 30
0.0
 11
-91.98623663903942
 21
-25.88591488022829
 31
0.0
  0
LINE
  5
666
330
70
100
AcDbEntity
  8
W-S-A v1_4_ANYTOOL_CUTTHROUGH_OUTSI
100
AcDbLine
 10
-92.44341989946866
 20
-24.74361724647931
 30
0.0
 11
-92.44194203353583
 21
-24.7450741676621
 31
0.0
  0
LINE
  5
667
330
70
100
AcDbEntity
  8
W-S-A v1_4_ANYTOOL_CUTTHROUGH_OUTSI
100
AcDbLine
 10
-92.45741268095393
 20
-24.72081537127751
 30
0.0
 11
-92.45671499117372
 21
-24.72276983693831
 31
0.0
  0
LINE
  5
668
330
70
100
AcDbEntity
  8
W-S-A v1_4_ANYTOOL_CUTTHROUGH_OUTSI
100
AcDbLine
 10
-91.98817652792714
 20
-24.75807035608792
 30
0.0
 11
-91.98623663903942
 21
-24.75733310568849
 31
0.0
  0
LINE
  5
669
330
70
100
AcDbEntity
  8
W-S-A v1_4_ANYTOOL_CUTTHROUGH_OUTSI
100
AcDbLine
 10
-91.94921633055697
 20
-24.71074632563139
 30
0.0
 11
-91.94893632942759
 21
-24.7086900410169
 31
0.0
  0
LINE
  5
66A
330
70
100
AcDbEntity
  8
W-S-A v1_4_ANYTOOL_CUTTHROUGH_OUTSI
100
AcDbLine
 10
-86.51632336744098
 20
-24.53547936397703
 30
0.0
 11
-86.52226906882409
 21
-24.54256196798533
 31
0.0
  0
LINE
  5
66B
330
70
100
AcDbEntity
  8
W-S-A v1_4_ANYTOOL_CUTTHROUGH_OUTSI
100
AcDbLine
 10
-86.18791873190557
 20
-24.47758786262693
 30
0.0
 11
-86.19608425471218
 21
-24.47324748455952
 31
0.0
  0
LINE
  5
66C
330
70
100
AcDbEntity
  8
W-S-A v1_4_ANYTOOL_CUTTHROUGH_OUTSI
100
AcDbLine
 10
-86.12259245742768
 20
-26.01014886626623
 30
0.0
 11
-86.12901761425796
 21
-26.01679958082783
 31
0.0
  0
LINE
  5
66D
330
70
100
AcDbEntity
  8
W-S-A v1_4_ANYTOOL_CUTTHROUGH_OUTSI
100
AcDbLine
 10
-86.06230178864256
 20
-25.87416275754693
 30
0.0
 11
-86.06181029942256
 21
-25.87617897811893
 31
0.0
  0
LINE
  5
66E
330
70
100
AcDbEntity
  8
W-S-A v1_4_ANYTOOL_CUTTHROUGH_OUTSI
100
AcDbLine
 10
-86.10476259349976
 20
-24.54984770866853
 30
0.0
 11
-86.11045755857187
 21
-24.54256196798533
 31
0.0
  0
LINE
  5
66F
330
70
100
AcDbEntity
  8
W-S-A v1_4_ANYTOOL_CUTTHROUGH_OUTSI
100
AcDbLine
 10
-86.46065995819625
 20
-24.48710976121172
 30
0.0
 11
-86.46832719466358
 21
-24.49227968668783
 31
0.0
  0
LINE
  5
670
330
70
100
AcDbEntity
  8
W-S-A v1_4_ANYTOOL_CUTTHROUGH_OUTSI
100
AcDbLine
 10
-86.22141897021675
 20
-24.46197099050612
 30
0.0
 11
-86.23010897781815
 21
-24.45880896388373
 31
0.0
  0
LINE
  5
671
330
70
100
AcDbEntity
  8
W-S-A v1_4_ANYTOOL_CUTTHROUGH_OUTSI
100
AcDbLine
 10
-86.09805819351064
 20
-24.70508780651242
 30
0.0
 11
-86.09614496094115
 21
-24.70428391088293
 31
0.0
  0
LINE
  5
672
330
70
100
AcDbEntity
  8
W-S-A v1_4_ANYTOOL_CUTTHROUGH_OUTSI
100
AcDbLine
 10
-86.17206666919953
 20
-26.05164762635272
 30
0.0
 11
-86.17990961910596
 21
-26.05654688968933
 31
0.0
  0
LINE
  5
673
330
70
100
AcDbEntity
  8
W-S-A v1_4_ANYTOOL_CUTTHROUGH_OUTSI
100
AcDbLine
 10
-86.11826540549518
 20
-24.70934280455762
 30
0.0
 11
-86.11619293741014
 21
-24.70923517981602
 31
0.0
  0
LINE
  5
674
330
70
100
AcDbEntity
  8
W-S-A v1_4_ANYTOOL_CUTTHROUGH_OUTSI
100
AcDbLine
 10
-86.08535094816957
 20
-24.69812027099963
 30
0.0
 11
-86.08368627132563
 21
-24.69688109463863
 31
0.0
  0
LINE
  5
675
330
70
100
AcDbEntity
  8
W-S-A v1_4_ANYTOOL_CUTTHROUGH_OUTSI
100
AcDbLine
 10
-86.22141897021675
 20
-26.07678639705833
 30
0.0
 11
-86.23010897781815
 21
-26.07994842368073
 31
0.0
  0
LINE
  5
676
330
70
100
AcDbEntity
  8
W-S-A v1_4_ANYTOOL_CUTTHROUGH_OUTSI
100
AcDbLine
 10
-86.06866664360815
 20
-24.67987176614783
 30
0.0
 11
-86.06764302557349
 21
-24.67806652013494
 31
0.0
  0
LINE
  5
677
330
70
100
AcDbEntity
  8
W-S-A v1_4_ANYTOOL_CUTTHROUGH_OUTSI
100
AcDbLine
 10
-86.12259245742768
 20
-24.52860852129822
 30
0.0
 11
-86.12901761425796
 21
-24.52195780673663
 31
0.0
  0
LINE
  5
678
330
70
100
AcDbEntity
  8
W-S-A v1_4_ANYTOOL_CUTTHROUGH_OUTSI
100
AcDbLine
 10
-86.06419008175064
 20
-24.67052453776223
 30
0.0
 11
-86.06349239197056
 21
-24.66857007210163
 31
0.0
  0
LINE
  5
679
330
70
100
AcDbEntity
  8
W-S-A v1_4_ANYTOOL_CUTTHROUGH_OUTSI
100
AcDbLine
 10
-86.51446122190055
 20
-24.70934280455753
 30
0.0
 11
-86.51238627153688
 21
-24.70937869378293
 31
0.0
  0
LINE
  5
67A
330
70
100
AcDbEntity
  8
W-S-A v1_4_ANYTOOL_CUTTHROUGH_OUTSI
100
AcDbLine
 10
-86.16439943273224
 20
-26.04647770087662
 30
0.0
 11
-86.17206666919953
 21
-26.05164762635272
 31
0.0
  0
LINE
  5
67B
330
70
100
AcDbEntity
  8
W-S-A v1_4_ANYTOOL_CUTTHROUGH_OUTSI
100
AcDbLine
 10
-86.09614496094115
 20
-24.70428391088293
 30
0.0
 11
-86.09426067350446
 21
-24.70341433172962
 31
0.0
  0
LINE
  5
67C
330
70
100
AcDbEntity
  8
W-S-A v1_4_ANYTOOL_CUTTHROUGH_OUTSI
100
AcDbLine
 10
-86.11619293741014
 20
-24.70923517981602
 30
0.0
 11
-86.11412543091303
 21
-24.70905594831032
 31
0.0
  0
LINE
  5
67D
330
70
100
AcDbEntity
  8
W-S-A v1_4_ANYTOOL_CUTTHROUGH_OUTSI
100
AcDbLine
 10
-86.31173960727137
 20
-26.09433835361422
 30
0.0
 11
-86.32098702012436
 21
-26.09433835361422
 31
0.0
  0
LINE
  5
67E
330
70
100
AcDbEntity
  8
W-S-A v1_4_ANYTOOL_CUTTHROUGH_OUTSI
100
AcDbLine
 10
-86.58500292401155
 20
-24.70937869378233
 30
0.0
 11
-86.70636327173349
 21
-24.70937869378233
 31
0.0
  0
LINE
  5
67F
330
70
100
AcDbEntity
  8
W-S-A v1_4_ANYTOOL_CUTTHROUGH_OUTSI
100
AcDbLine
 10
-86.07468495217034
 20
-25.85044819013663
 30
0.0
 11
-86.07336594674327
 21
-25.85205035483843
 31
0.0
  0
LINE
  5
680
330
70
100
AcDbEntity
  8
W-S-A v1_4_ANYTOOL_CUTTHROUGH_OUTSI
100
AcDbLine
 10
-86.25676624971797
 20
-24.45116717203242
 30
0.0
 11
-86.26581168726174
 21
-24.44924501071893
 31
0.0
  0
LINE
  5
681
330
70
100
AcDbEntity
  8
W-S-A v1_4_ANYTOOL_CUTTHROUGH_OUTSI
100
AcDbLine
 10
-86.56923423542515
 20
-25.87018731546303
 30
0.0
 11
-86.56853654564496
 21
-25.86823284980234
 31
0.0
  0
LINE
  5
682
330
70
100
AcDbEntity
  8
W-S-A v1_4_ANYTOOL_CUTTHROUGH_OUTSI
100
AcDbLine
 10
-86.06349239197056
 20
-24.66857007210163
 30
0.0
 11
-86.0628627098367
 21
-24.66659264765083
 31
0.0
  0
LINE
  5
683
330
70
100
AcDbEntity
  8
W-S-A v1_4_ANYTOOL_CUTTHROUGH_OUTSI
100
AcDbLine
 10
-86.08368627132563
 20
-25.84187629292603
 30
0.0
 11
-86.08206544403859
 21
-25.84317229676612
 31
0.0
  0
LINE
  5
684
330
70
100
AcDbEntity
  8
W-S-A v1_4_ANYTOOL_CUTTHROUGH_OUTSI
100
AcDbLine
 10
-86.51653368998557
 20
-24.70923517981593
 30
0.0
 11
-86.51446122190055
 21
-24.70934280455753
 31
0.0
  0
LINE
  5
685
330
70
100
AcDbEntity
  8
W-S-A v1_4_ANYTOOL_CUTTHROUGH_OUTSI
100
AcDbLine
 10
-86.08535094816957
 20
-25.84063711656503
 30
0.0
 11
-86.08368627132563
 21
-25.84187629292603
 31
0.0
  0
LINE
  5
686
330
70
100
AcDbEntity
  8
W-S-A v1_4_ANYTOOL_CUTTHROUGH_OUTSI
100
AcDbLine
 10
-86.27491868271746
 20
-26.09111776721662
 30
0.0
 11
-86.28407614628114
 21
-26.09240443172363
 31
0.0
  0
LINE
  5
687
330
70
100
AcDbEntity
  8
W-S-A v1_4_ANYTOOL_CUTTHROUGH_OUTSI
100
AcDbLine
 10
-86.06866664360815
 20
-25.85888562141672
 30
0.0
 11
-86.06764302557349
 21
-25.86069086742961
 31
0.0
  0
LINE
  5
688
330
70
100
AcDbEntity
  8
W-S-A v1_4_ANYTOOL_CUTTHROUGH_OUTSI
100
AcDbLine
 10
-86.56062349024097
 20
-25.85369717571253
 30
0.0
 11
-86.55936068065246
 21
-25.85205035483843
 31
0.0
  0
LINE
  5
689
330
70
100
AcDbEntity
  8
W-S-A v1_4_ANYTOOL_CUTTHROUGH_OUTSI
100
AcDbLine
 10
-86.52677229021442
 20
-24.70762852182234
 30
0.0
 11
-86.52474926013207
 21
-24.70809118404693
 31
0.0
  0
LINE
  5
68A
330
70
100
AcDbEntity
  8
W-S-A v1_4_ANYTOOL_CUTTHROUGH_OUTSI
100
AcDbLine
 10
-86.56986391755905
 20
-25.87216473991373
 30
0.0
 11
-86.56923423542515
 21
-25.87018731546303
 31
0.0
  0
LINE
  5
68B
330
70
100
AcDbEntity
  8
W-S-A v1_4_ANYTOOL_CUTTHROUGH_OUTSI
100
AcDbLine
 10
-86.07468495217034
 20
-24.68830919742793
 30
0.0
 11
-86.07336594674327
 21
-24.68670703272623
 31
0.0
  0
LINE
  5
68C
330
70
100
AcDbEntity
  8
W-S-A v1_4_ANYTOOL_CUTTHROUGH_OUTSI
100
AcDbLine
 10
-86.13567090638024
 20
-26.02322206853973
 30
0.0
 11
-86.14254423192337
 21
-26.02940850858653
 31
0.0
  0
LINE
  5
68D
330
70
100
AcDbEntity
  8
W-S-A v1_4_ANYTOOL_CUTTHROUGH_OUTSI
100
AcDbLine
 10
-86.06349239197056
 20
-25.87018731546303
 30
0.0
 11
-86.0628627098367
 21
-25.87216473991382
 31
0.0
  0
LINE
  5
68E
330
70
100
AcDbEntity
  8
W-S-A v1_4_ANYTOOL_CUTTHROUGH_OUTSI
100
AcDbLine
 10
-86.23890401936586
 20
-26.08280532561283
 30
0.0
 11
-86.24779338492938
 21
-26.08535362393773
 31
0.0
  0
LINE
  5
68F
330
70
100
AcDbEntity
  8
W-S-A v1_4_ANYTOOL_CUTTHROUGH_OUTSI
100
AcDbLine
 10
-86.06419008175064
 20
-25.86823284980234
 30
0.0
 11
-86.06349239197056
 21
-25.87018731546303
 31
0.0
  0
LINE
  5
690
330
70
100
AcDbEntity
  8
W-S-A v1_4_ANYTOOL_CUTTHROUGH_OUTSI
100
AcDbLine
 10
-86.43664237268355
 20
-24.47324748455952
 30
0.0
 11
-86.44480789549035
 21
-24.47758786262693
 31
0.0
  0
LINE
  5
691
330
70
100
AcDbEntity
  8
W-S-A v1_4_ANYTOOL_CUTTHROUGH_OUTSI
100
AcDbLine
 10
-86.30249782481513
 20
-26.09401570596572
 30
0.0
 11
-86.31173960727137
 21
-26.09433835361422
 31
0.0
  0
LINE
  5
692
330
70
100
AcDbEntity
  8
W-S-A v1_4_ANYTOOL_CUTTHROUGH_OUTSI
100
AcDbLine
 10
-86.37596037767783
 20
-24.45116717203242
 30
0.0
 11
-86.38493324246644
 21
-24.45340376362683
 31
0.0
  0
LINE
  5
693
330
70
100
AcDbEntity
  8
W-S-A v1_4_ANYTOOL_CUTTHROUGH_OUTSI
100
AcDbLine
 10
-86.23010897781815
 20
-24.45880896388373
 30
0.0
 11
-86.23890401936586
 21
-24.45595206195163
 31
0.0
  0
LINE
  5
694
330
70
100
AcDbEntity
  8
W-S-A v1_4_ANYTOOL_CUTTHROUGH_OUTSI
100
AcDbLine
 10
-86.18791873190557
 20
-26.06116952493751
 30
0.0
 11
-86.19608425471218
 21
-26.06550990300493
 31
0.0
  0
LINE
  5
695
330
70
100
AcDbEntity
  8
W-S-A v1_4_ANYTOOL_CUTTHROUGH_OUTSI
100
AcDbLine
 10
-86.06041196821292
 20
-25.88644810439062
 30
0.0
 11
-86.06034646747785
 21
-25.88852233116262
 31
0.0
  0
LINE
  5
696
330
70
100
AcDbEntity
  8
W-S-A v1_4_ANYTOOL_CUTTHROUGH_OUTSI
100
AcDbLine
 10
-86.14254423192337
 20
-26.02940850858653
 30
0.0
 11
-86.14962922107594
 21
-26.03535136759384
 31
0.0
  0
LINE
  5
697
330
70
100
AcDbEntity
  8
W-S-A v1_4_ANYTOOL_CUTTHROUGH_OUTSI
100
AcDbLine
 10
-86.50370901313783
 20
-24.52195780673663
 30
0.0
 11
-86.51013416996814
 21
-24.52860852129822
 31
0.0
  0
LINE
  5
698
330
70
100
AcDbEntity
  8
W-S-A v1_4_ANYTOOL_CUTTHROUGH_OUTSI
100
AcDbLine
 10
-86.13567090638024
 20
-24.51553531902482
 30
0.0
 11
-86.14254423192337
 21
-24.50934887897793
 31
0.0
  0
LINE
  5
699
330
70
100
AcDbEntity
  8
W-S-A v1_4_ANYTOOL_CUTTHROUGH_OUTSI
100
AcDbLine
 10
-86.06138883014878
 20
-25.87821098960983
 30
0.0
 11
-86.06103788502819
 21
-25.88025636110922
 31
0.0
  0
LINE
  5
69A
330
70
100
AcDbEntity
  8
W-S-A v1_4_ANYTOOL_CUTTHROUGH_OUTSI
100
AcDbLine
 10
-86.32098702012436
 20
-24.44441903395033
 30
0.0
 11
-86.33022880258065
 21
-24.44474168159873
 31
0.0
  0
LINE
  5
69B
330
70
100
AcDbEntity
  8
W-S-A v1_4_ANYTOOL_CUTTHROUGH_OUTSI
100
AcDbLine
 10
-86.16439943273224
 20
-24.49227968668783
 30
0.0
 11
-86.17206666919953
 21
-24.48710976121172
 31
0.0
  0
LINE
  5
69C
330
70
100
AcDbEntity
  8
W-S-A v1_4_ANYTOOL_CUTTHROUGH_OUTSI
100
AcDbLine
 10
-86.08206544403859
 20
-24.69558509079852
 30
0.0
 11
-86.08049040531593
 21
-24.69423380989852
 31
0.0
  0
LINE
  5
69D
330
70
100
AcDbEntity
  8
W-S-A v1_4_ANYTOOL_CUTTHROUGH_OUTSI
100
AcDbLine
 10
-86.35780794467827
 20
-24.44763962034782
 30
0.0
 11
-86.36691494013406
 21
-24.44924501071893
 31
0.0
  0
LINE
  5
69E
330
70
100
AcDbEntity
  8
W-S-A v1_4_ANYTOOL_CUTTHROUGH_OUTSI
100
AcDbLine
 10
-86.10595433718122
 20
-24.70762852182234
 30
0.0
 11
-86.10394851720112
 21
-24.70709617489083
 31
0.0
  0
LINE
  5
69F
330
70
100
AcDbEntity
  8
W-S-A v1_4_ANYTOOL_CUTTHROUGH_OUTSI
100
AcDbLine
 10
-86.09058791345384
 20
-25.83727502624322
 30
0.0
 11
-86.08880383459064
 21
-25.83833510626753
 31
0.0
  0
LINE
  5
6A0
330
70
100
AcDbEntity
  8
W-S-A v1_4_ANYTOOL_CUTTHROUGH_OUTSI
100
AcDbLine
 10
-86.52271144011356
 20
-24.70848360807833
 30
0.0
 11
-86.52066126801836
 21
-24.70880532445673
 31
0.0
  0
LINE
  5
6A1
330
70
100
AcDbEntity
  8
W-S-A v1_4_ANYTOOL_CUTTHROUGH_OUTSI
100
AcDbLine
 10
-86.56508360182225
 20
-25.86069086742961
 30
0.0
 11
-86.56405998378758
 21
-25.85888562141672
 31
0.0
  0
LINE
  5
6A2
330
70
100
AcDbEntity
  8
W-S-A v1_4_ANYTOOL_CUTTHROUGH_OUTSI
100
AcDbLine
 10
-86.14254423192337
 20
-24.50934887897793
 30
0.0
 11
-86.14962922107594
 21
-24.50340601997063
 31
0.0
  0
LINE
  5
6A3
330
70
100
AcDbEntity
  8
W-S-A v1_4_ANYTOOL_CUTTHROUGH_OUTSI
100
AcDbLine
 10
-86.07210313715484
 20
-25.85369717571253
 30
0.0
 11
-86.07089803411348
 21
-25.85538668265483
 31
0.0
  0
LINE
  5
6A4
330
70
100
AcDbEntity
  8
W-S-A v1_4_ANYTOOL_CUTTHROUGH_OUTSI
100
AcDbLine
 10
-86.20439624417556
 20
-26.06956273851052
 30
0.0
 11
-86.21284457858926
 21
-26.07332309622052
 31
0.0
  0
LINE
  5
6A5
330
70
100
AcDbEntity
  8
W-S-A v1_4_ANYTOOL_CUTTHROUGH_OUTSI
100
AcDbLine
 10
-86.07336594674327
 20
-25.85205035483843
 30
0.0
 11
-86.07210313715484
 21
-25.85369717571253
 31
0.0
  0
LINE
  5
6A6
330
70
100
AcDbEntity
  8
W-S-A v1_4_ANYTOOL_CUTTHROUGH_OUTSI
100
AcDbLine
 10
-86.06103788502819
 20
-25.88025636110922
 30
0.0
 11
-86.06075788389883
 21
-25.88231264572371
 31
0.0
  0
LINE
  5
6A7
330
70
100
AcDbEntity
  8
W-S-A v1_4_ANYTOOL_CUTTHROUGH_OUTSI
100
AcDbLine
 10
-86.57238015991786
 20
-25.88852233116262
 30
0.0
 11
-86.57231465918274
 21
-25.88644810439053
 31
0.0
  0
LINE
  5
6A8
330
70
100
AcDbEntity
  8
W-S-A v1_4_ANYTOOL_CUTTHROUGH_OUTSI
100
AcDbLine
 10
-86.41130765717905
 20
-24.46197099050612
 30
0.0
 11
-86.41988204880645
 21
-24.46543429134392
 31
0.0
  0
LINE
  5
6A9
330
70
100
AcDbEntity
  8
W-S-A v1_4_ANYTOOL_CUTTHROUGH_OUTSI
100
AcDbLine
 10
-86.08049040531593
 20
-24.69423380989852
 30
0.0
 11
-86.07896303938868
 21
-24.69282886848612
 31
0.0
  0
LINE
  5
6AA
330
70
100
AcDbEntity
  8
W-S-A v1_4_ANYTOOL_CUTTHROUGH_OUTSI
100
AcDbLine
 10
-86.52474926013207
 20
-24.70809118404693
 30
0.0
 11
-86.52271144011356
 21
-24.70848360807833
 31
0.0
  0
LINE
  5
6AB
330
70
100
AcDbEntity
  8
W-S-A v1_4_ANYTOOL_CUTTHROUGH_OUTSI
100
AcDbLine
 10
-86.07089803411348
 20
-24.68337070490983
 30
0.0
 11
-86.06975207929316
 21
-24.68164053306922
 31
0.0
  0
LINE
  5
6AC
330
70
100
AcDbEntity
  8
W-S-A v1_4_ANYTOOL_CUTTHROUGH_OUTSI
100
AcDbLine
 10
-86.24779338492938
 20
-26.08535362393773
 30
0.0
 11
-86.25676624971797
 21
-26.08759021553213
 31
0.0
  0
LINE
  5
6AD
330
70
100
AcDbEntity
  8
W-S-A v1_4_ANYTOOL_CUTTHROUGH_OUTSI
100
AcDbLine
 10
-86.06054916172848
 20
-25.88437738350462
 30
0.0
 11
-86.06041196821292
 21
-25.88644810439062
 31
0.0
  0
LINE
  5
6AE
330
70
100
AcDbEntity
  8
W-S-A v1_4_ANYTOOL_CUTTHROUGH_OUTSI
100
AcDbLine
 10
-86.39382260802994
 20
-24.45595206195163
 30
0.0
 11
-86.40261764957758
 21
-24.45880896388373
 31
0.0
  0
LINE
  5
6AF
330
70
100
AcDbEntity
  8
W-S-A v1_4_ANYTOOL_CUTTHROUGH_OUTSI
100
AcDbLine
 10
-86.27491868271746
 20
-24.44763962034782
 30
0.0
 11
-86.28407614628114
 21
-24.44635295584083
 31
0.0
  0
LINE
  5
6B0
330
70
100
AcDbEntity
  8
W-S-A v1_4_ANYTOOL_CUTTHROUGH_OUTSI
100
AcDbLine
 10
-86.09415229809178
 20
-25.97376451214062
 30
0.0
 11
-86.09932529963275
 21
-25.98142967355652
 31
0.0
  0
ARC
  5
6B1
330
70
100
AcDbEntity
  8
W-S-A v1_4_ANYTOOL_CUTTHROUGH_OUTSI
100
AcDbCircle
 10
-86.70636331370483
 20
-24.76937869378229
 30
0.0
 40
0.0599999999999786
100
AcDbArc
 50
89.99995992031568
 51
180.0000000002239
  0
LINE
  5
6B2
330
70
100
AcDbEntity
  8
W-S-A v1_4_ANYTOOL_CUTTHROUGH_OUTSI
100
AcDbLine
 10
-86.10476259349976
 20
-25.98890967889593
 30
0.0
 11
-86.11045755857187
 21
-25.99619541957913
 31
0.0
  0
LINE
  5
6B3
330
70
100
AcDbEntity
  8
W-S-A v1_4_ANYTOOL_CUTTHROUGH_OUTSI
100
AcDbLine
 10
-86.25676624971797
 20
-26.08759021553213
 30
0.0
 11
-86.26581168726174
 21
-26.08951237684552
 31
0.0
  0
LINE
  5
6B4
330
70
100
AcDbEntity
  8
W-S-A v1_4_ANYTOOL_CUTTHROUGH_OUTSI
100
AcDbLine
 10
-86.57091632797316
 20
-25.87617897811882
 30
0.0
 11
-86.57042483875317
 21
-25.87416275754693
 31
0.0
  0
LINE
  5
6B5
330
70
100
AcDbEntity
  8
W-S-A v1_4_ANYTOOL_CUTTHROUGH_OUTSI
100
AcDbLine
 10
-86.52066126801836
 20
-24.70880532445673
 30
0.0
 11
-86.51860119648262
 21
-24.70905594831032
 31
0.0
  0
LINE
  5
6B6
330
70
100
AcDbEntity
  8
W-S-A v1_4_ANYTOOL_CUTTHROUGH_OUTSI
100
AcDbLine
 10
-86.15691724627925
 20
-24.49771397876282
 30
0.0
 11
-86.16439943273224
 21
-24.49227968668783
 31
0.0
  0
LINE
  5
6B7
330
70
100
AcDbEntity
  8
W-S-A v1_4_ANYTOOL_CUTTHROUGH_OUTSI
100
AcDbLine
 10
-86.14962922107594
 20
-26.03535136759384
 30
0.0
 11
-86.15691724627925
 21
-26.04104340880163
 31
0.0
  0
LINE
  5
6B8
330
70
100
AcDbEntity
  8
W-S-A v1_4_ANYTOOL_CUTTHROUGH_OUTSI
100
AcDbLine
 10
-86.06764302557349
 20
-25.86069086742961
 30
0.0
 11
-86.06668244975088
 21
-25.86253043290473
 31
0.0
  0
ARC
  5
6B9
330
70
100
AcDbEntity
  8
W-S-A v1_4_ANYTOOL_CUTTHROUGH_OUTSI
100
AcDbCircle
 10
85.97786331370512
 20
-25.26937869378226
 30
0.0
 40
0.0599999999997671
210
0.0
220
0.0
230
-1.0
100
AcDbArc
 50
343.3770524835904
 51
16.62294751628419
  0
LINE
  5
6BA
330
70
100
AcDbEntity
  8
W-S-A v1_4_ANYTOOL_CUTTHROUGH_OUTSI
100
AcDbLine
 10
-86.06054916172848
 20
-24.65438000405993
 30
0.0
 11
-86.06041196821292
 21
-24.65230928317402
 31
0.0
  0
LINE
  5
6BB
330
70
100
AcDbEntity
  8
W-S-A v1_4_ANYTOOL_CUTTHROUGH_OUTSI
100
AcDbLine
 10
-86.11412543091303
 20
-24.70905594831032
 30
0.0
 11
-86.11206535937737
 21
-24.70880532445673
 31
0.0
  0
LINE
  5
6BC
330
70
100
AcDbEntity
  8
W-S-A v1_4_ANYTOOL_CUTTHROUGH_OUTSI
100
AcDbLine
 10
-86.41988204880645
 20
-24.46543429134392
 30
0.0
 11
-86.42833038322022
 21
-24.46919464905393
 31
0.0
  0
LINE
  5
6BD
330
70
100
AcDbEntity
  8
W-S-A v1_4_ANYTOOL_CUTTHROUGH_OUTSI
100
AcDbLine
 10
-86.20439624417556
 20
-24.46919464905393
 30
0.0
 11
-86.21284457858926
 21
-24.46543429134403
 31
0.0
  0
LINE
  5
6BE
330
70
100
AcDbEntity
  8
W-S-A v1_4_ANYTOOL_CUTTHROUGH_OUTSI
100
AcDbLine
 10
-86.36691494013406
 20
-24.44924501071893
 30
0.0
 11
-86.37596037767783
 21
-24.45116717203242
 31
0.0
  0
LINE
  5
6BF
330
70
100
AcDbEntity
  8
W-S-A v1_4_ANYTOOL_CUTTHROUGH_OUTSI
100
AcDbLine
 10
-86.52226906882409
 20
-24.54256196798533
 30
0.0
 11
-86.52796403389597
 21
-24.54984770866853
 31
0.0
  0
LINE
  5
6C0
330
70
100
AcDbEntity
  8
W-S-A v1_4_ANYTOOL_CUTTHROUGH_OUTSI
100
AcDbLine
 10
-86.09932529963275
 20
-25.98142967355652
 30
0.0
 11
-86.10476259349976
 21
-25.98890967889593
 31
0.0
  0
LINE
  5
6C1
330
70
100
AcDbEntity
  8
W-S-A v1_4_ANYTOOL_CUTTHROUGH_OUTSI
100
AcDbLine
 10
-86.06138883014878
 20
-24.66054639795473
 30
0.0
 11
-86.06103788502819
 21
-24.65850102645532
 31
0.0
  0
LINE
  5
6C2
330
70
100
AcDbEntity
  8
W-S-A v1_4_ANYTOOL_CUTTHROUGH_OUTSI
100
AcDbLine
 10
-86.23010897781815
 20
-26.07994842368073
 30
0.0
 11
-86.23890401936586
 21
-26.08280532561283
 31
0.0
  0
LINE
  5
6C3
330
70
100
AcDbEntity
  8
W-S-A v1_4_ANYTOOL_CUTTHROUGH_OUTSI
100
AcDbLine
 10
-86.12901761425796
 20
-26.01679958082783
 30
0.0
 11
-86.13567090638024
 21
-26.02322206853973
 31
0.0
  0
LINE
  5
6C4
330
70
100
AcDbEntity
  8
W-S-A v1_4_ANYTOOL_CUTTHROUGH_OUTSI
100
AcDbLine
 10
-86.07896303938868
 20
-24.69282886848612
 30
0.0
 11
-86.07748517345585
 21
-24.69137194730332
 31
0.0
  0
LINE
  5
6C5
330
70
100
AcDbEntity
  8
W-S-A v1_4_ANYTOOL_CUTTHROUGH_OUTSI
100
AcDbLine
 10
-86.06181029942256
 20
-25.87617897811893
 30
0.0
 11
-86.06138883014878
 21
-25.87821098960983
 31
0.0
  0
LINE
  5
6C6
330
70
100
AcDbEntity
  8
W-S-A v1_4_ANYTOOL_CUTTHROUGH_OUTSI
100
AcDbLine
 10
-86.06075788389883
 20
-24.65644474184082
 30
0.0
 11
-86.06054916172848
 21
-24.65438000405993
 31
0.0
  0
LINE
  5
6C7
330
70
100
AcDbEntity
  8
W-S-A v1_4_ANYTOOL_CUTTHROUGH_OUTSI
100
AcDbLine
 10
-86.19608425471218
 20
-24.47324748455952
 30
0.0
 11
-86.20439624417556
 21
-24.46919464905393
 31
0.0
  0
LINE
  5
6C8
330
70
100
AcDbEntity
  8
W-S-A v1_4_ANYTOOL_CUTTHROUGH_OUTSI
100
AcDbLine
 10
-86.48309740631985
 20
-24.50340601997063
 30
0.0
 11
-86.49018239547237
 21
-24.50934887897793
 31
0.0
  0
LINE
  5
6C9
330
70
100
AcDbEntity
  8
W-S-A v1_4_ANYTOOL_CUTTHROUGH_OUTSI
100
AcDbLine
 10
-86.07605857549984
 20
-24.68986478927573
 30
0.0
 11
-86.07468495217034
 21
-24.68830919742793
 31
0.0
  0
LINE
  5
6CA
330
70
100
AcDbEntity
  8
W-S-A v1_4_ANYTOOL_CUTTHROUGH_OUTSI
100
AcDbLine
 10
-86.76636331370481
 20
-24.76937869378253
 30
0.0
 11
-86.59737082910629
 21
-25.25221436406402
 31
0.0
  0
LINE
  5
6CB
330
70
100
AcDbEntity
  8
W-S-A v1_4_ANYTOOL_CUTTHROUGH_OUTSI
100
AcDbLine
 10
-86.52877811019454
 20
-24.70709617489072
 30
0.0
 11
-86.52677229021442
 21
-24.70762852182234
 31
0.0
  0
LINE
  5
6CC
330
70
100
AcDbEntity
  8
W-S-A v1_4_ANYTOOL_CUTTHROUGH_OUTSI
100
AcDbLine
 10
-86.08049040531593
 20
-25.84452357766602
 30
0.0
 11
-86.07896303938868
 21
-25.84592851907843
 31
0.0
  0
LINE
  5
6CD
330
70
100
AcDbEntity
  8
W-S-A v1_4_ANYTOOL_CUTTHROUGH_OUTSI
100
AcDbLine
 10
-86.07605857549984
 20
-25.84889259828882
 30
0.0
 11
-86.07468495217034
 21
-25.85044819013663
 31
0.0
  0
LINE
  5
6CE
330
70
100
AcDbEntity
  8
W-S-A v1_4_ANYTOOL_CUTTHROUGH_OUTSI
100
AcDbLine
 10
-86.0628627098367
 20
-24.66659264765083
 30
0.0
 11
-86.06230178864256
 21
-24.66459463001773
 31
0.0
  0
LINE
  5
6CF
330
70
100
AcDbEntity
  8
W-S-A v1_4_ANYTOOL_CUTTHROUGH_OUTSI
100
AcDbLine
 10
-86.06075788389883
 20
-25.88231264572371
 30
0.0
 11
-86.06054916172848
 21
-25.88437738350462
 31
0.0
  0
LINE
  5
6D0
330
70
100
AcDbEntity
  8
W-S-A v1_4_ANYTOOL_CUTTHROUGH_OUTSI
100
AcDbLine
 10
-86.07748517345585
 20
-25.84738544026133
 30
0.0
 11
-86.07605857549984
 21
-25.84889259828882
 31
0.0
  0
LINE
  5
6D1
330
70
100
AcDbEntity
  8
W-S-A v1_4_ANYTOOL_CUTTHROUGH_OUTSI
100
AcDbLine
 10
-86.06578606528447
 20
-25.86440211715613
 30
0.0
 11
-86.06495494452566
 21
-25.86630368107361
 31
0.0
  0
LINE
  5
6D2
330
70
100
AcDbEntity
  8
W-S-A v1_4_ANYTOOL_CUTTHROUGH_OUTSI
100
AcDbLine
 10
-86.08206544403859
 20
-25.84317229676612
 30
0.0
 11
-86.08049040531593
 21
-25.84452357766602
 31
0.0
  0
LINE
  5
6D3
330
70
100
AcDbEntity
  8
W-S-A v1_4_ANYTOOL_CUTTHROUGH_OUTSI
100
AcDbLine
 10
-86.54904035607001
 20
-25.84187629292603
 30
0.0
 11
-86.54737567922616
 21
-25.84063711656492
 31
0.0
  0
LINE
  5
6D4
330
70
100
AcDbEntity
  8
W-S-A v1_4_ANYTOOL_CUTTHROUGH_OUTSI
100
AcDbLine
 10
-86.54737567922616
 20
-25.84063711656492
 30
0.0
 11
-86.54566914429095
 21
-25.83945625011902
 31
0.0
  0
LINE
  5
6D5
330
70
100
AcDbEntity
  8
W-S-A v1_4_ANYTOOL_CUTTHROUGH_OUTSI
100
AcDbLine
 10
-86.11045755857187
 20
-25.99619541957913
 30
0.0
 11
-86.11640325995473
 21
-26.00327802358743
 31
0.0
  0
LINE
  5
6D6
330
70
100
AcDbEntity
  8
W-S-A v1_4_ANYTOOL_CUTTHROUGH_OUTSI
100
AcDbLine
 10
-86.54392279280509
 20
-25.83833510626742
 30
0.0
 11
-86.54213871394189
 21
-25.83727502624322
 31
0.0
  0
LINE
  5
6D7
330
70
100
AcDbEntity
  8
W-S-A v1_4_ANYTOOL_CUTTHROUGH_OUTSI
100
AcDbLine
 10
-86.17990961910596
 20
-24.48221049787513
 30
0.0
 11
-86.18791873190557
 21
-24.47758786262693
 31
0.0
  0
LINE
  5
6D8
330
70
100
AcDbEntity
  8
W-S-A v1_4_ANYTOOL_CUTTHROUGH_OUTSI
100
AcDbLine
 10
-86.42833038322022
 20
-24.46919464905393
 30
0.0
 11
-86.43664237268355
 21
-24.47324748455952
 31
0.0
  0
LINE
  5
6D9
330
70
100
AcDbEntity
  8
W-S-A v1_4_ANYTOOL_CUTTHROUGH_OUTSI
100
AcDbLine
 10
-86.56604417764487
 20
-25.86253043290473
 30
0.0
 11
-86.56508360182225
 21
-25.86069086742961
 31
0.0
  0
LINE
  5
6DA
330
70
100
AcDbEntity
  8
W-S-A v1_4_ANYTOOL_CUTTHROUGH_OUTSI
100
AcDbLine
 10
-86.03535579830332
 20
-25.25221436406342
 30
0.0
 11
-85.86636331370478
 21
-24.76937869378233
 31
0.0
  0
LINE
  5
6DB
330
70
100
AcDbEntity
  8
W-S-A v1_4_ANYTOOL_CUTTHROUGH_OUTSI
100
AcDbLine
 10
-86.26581168726174
 20
-24.44924501071893
 30
0.0
 11
-86.27491868271746
 21
-24.44763962034782
 31
0.0
  0
LINE
  5
6DC
330
70
100
AcDbEntity
  8
W-S-A v1_4_ANYTOOL_CUTTHROUGH_OUTSI
100
AcDbLine
 10
-86.08880383459064
 20
-25.83833510626753
 30
0.0
 11
-86.08705748310478
 21
-25.83945625011902
 31
0.0
  0
LINE
  5
6DD
330
70
100
AcDbEntity
  8
W-S-A v1_4_ANYTOOL_CUTTHROUGH_OUTSI
100
AcDbLine
 10
-86.06041196821292
 20
-24.65230928317402
 30
0.0
 11
-86.06034646747785
 21
-24.65023505640193
 31
0.0
  0
LINE
  5
6DE
330
70
100
AcDbEntity
  8
W-S-A v1_4_ANYTOOL_CUTTHROUGH_OUTSI
100
AcDbLine
 10
-86.06495494452566
 20
-24.67245370649092
 30
0.0
 11
-86.06419008175064
 21
-24.67052453776223
 31
0.0
  0
LINE
  5
6DF
330
70
100
AcDbEntity
  8
W-S-A v1_4_ANYTOOL_CUTTHROUGH_OUTSI
100
AcDbLine
 10
-86.07089803411348
 20
-25.85538668265483
 30
0.0
 11
-86.06975207929316
 21
-25.85711685449544
 31
0.0
  0
LINE
  5
6E0
330
70
100
AcDbEntity
  8
W-S-A v1_4_ANYTOOL_CUTTHROUGH_OUTSI
100
AcDbLine
 10
-86.28407614628114
 20
-26.09240443172363
 30
0.0
 11
-86.29327292669287
 21
-26.09337080356463
 31
0.0
  0
LINE
  5
6E1
330
70
100
AcDbEntity
  8
W-S-A v1_4_ANYTOOL_CUTTHROUGH_OUTSI
100
AcDbLine
 10
-86.06181029942256
 20
-24.66257840944572
 30
0.0
 11
-86.06138883014878
 21
-24.66054639795473
 31
0.0
  0
LINE
  5
6E2
330
70
100
AcDbEntity
  8
W-S-A v1_4_ANYTOOL_CUTTHROUGH_OUTSI
100
AcDbLine
 10
-86.29327292669287
 20
-26.09337080356463
 30
0.0
 11
-86.30249782481513
 21
-26.09401570596572
 31
0.0
  0
LINE
  5
6E3
330
70
100
AcDbEntity
  8
W-S-A v1_4_ANYTOOL_CUTTHROUGH_OUTSI
100
AcDbLine
 10
-86.52066126801836
 20
-25.82995206310783
 30
0.0
 11
-86.51860119648262
 21
-25.82970143925422
 31
0.0
  0
LINE
  5
6E4
330
70
100
AcDbEntity
  8
W-S-A v1_4_ANYTOOL_CUTTHROUGH_OUTSI
100
AcDbLine
 10
-86.07336594674327
 20
-24.68670703272623
 30
0.0
 11
-86.07210313715484
 21
-24.68506021185203
 31
0.0
  0
LINE
  5
6E5
330
70
100
AcDbEntity
  8
W-S-A v1_4_ANYTOOL_CUTTHROUGH_OUTSI
100
AcDbLine
 10
-86.11045755857187
 20
-24.54256196798533
 30
0.0
 11
-86.11640325995473
 21
-24.53547936397703
 31
0.0
  0
LINE
  5
6E6
330
70
100
AcDbEntity
  8
W-S-A v1_4_ANYTOOL_CUTTHROUGH_OUTSI
100
AcDbLine
 10
-86.15691724627925
 20
-26.04104340880163
 30
0.0
 11
-86.16439943273224
 21
-26.04647770087662
 31
0.0
  0
LINE
  5
6E7
330
70
100
AcDbEntity
  8
W-S-A v1_4_ANYTOOL_CUTTHROUGH_OUTSI
100
AcDbLine
 10
-86.11640325995473
 20
-24.53547936397703
 30
0.0
 11
-86.12259245742768
 21
-24.52860852129822
 31
0.0
  0
LINE
  5
6E8
330
70
100
AcDbEntity
  8
W-S-A v1_4_ANYTOOL_CUTTHROUGH_OUTSI
100
AcDbLine
 10
-86.09426067350446
 20
-24.70341433172962
 30
0.0
 11
-86.09240758538755
 21
-24.70248010933671
 31
0.0
  0
LINE
  5
6E9
330
70
100
AcDbEntity
  8
W-S-A v1_4_ANYTOOL_CUTTHROUGH_OUTSI
100
AcDbLine
 10
-86.33022880258065
 20
-24.44474168159873
 30
0.0
 11
-86.33945370070293
 21
-24.44538658399983
 31
0.0
  0
LINE
  5
6EA
330
70
100
AcDbEntity
  8
W-S-A v1_4_ANYTOOL_CUTTHROUGH_OUTSI
100
AcDbLine
 10
-86.12034035585878
 20
-24.70937869378302
 30
0.0
 11
-86.11826540549518
 21
-24.70934280455762
 31
0.0
  0
LINE
  5
6EB
330
70
100
AcDbEntity
  8
W-S-A v1_4_ANYTOOL_CUTTHROUGH_OUTSI
100
AcDbLine
 10
-86.57217746566718
 20
-25.88437738350462
 30
0.0
 11
-86.57196874349676
 21
-25.88231264572371
 31
0.0
  0
LINE
  5
6EC
330
70
100
AcDbEntity
  8
W-S-A v1_4_ANYTOOL_CUTTHROUGH_OUTSI
100
AcDbLine
 10
-86.08028038549191
 20
-25.94975249080422
 30
0.0
 11
-86.08462403962846
 21
-25.95791627137553
 31
0.0
  0
LINE
  5
6ED
330
70
100
AcDbEntity
  8
W-S-A v1_4_ANYTOOL_CUTTHROUGH_OUTSI
100
AcDbLine
 10
-86.11001518728219
 20
-24.70848360807842
 30
0.0
 11
-86.10797736726366
 21
-24.70809118404702
 31
0.0
  0
LINE
  5
6EE
330
70
100
AcDbEntity
  8
W-S-A v1_4_ANYTOOL_CUTTHROUGH_OUTSI
100
AcDbLine
 10
-86.07622421512436
 20
-25.94144212821153
 30
0.0
 11
-86.08028038549191
 21
-25.94975249080422
 31
0.0
  0
LINE
  5
6EF
330
70
100
AcDbEntity
  8
W-S-A v1_4_ANYTOOL_CUTTHROUGH_OUTSI
100
AcDbLine
 10
-86.47580938111655
 20
-24.49771397876282
 30
0.0
 11
-86.48309740631985
 21
-24.50340601997063
 31
0.0
  0
LINE
  5
6F0
330
70
100
AcDbEntity
  8
W-S-A v1_4_ANYTOOL_CUTTHROUGH_OUTSI
100
AcDbLine
 10
-86.53466843388509
 20
-25.83366958105213
 30
0.0
 11
-86.5327285449973
 21
-25.83293233065273
 31
0.0
  0
LINE
  5
6F1
330
70
100
AcDbEntity
  8
W-S-A v1_4_ANYTOOL_CUTTHROUGH_OUTSI
100
AcDbLine
 10
-86.06145739271282
 20
-25.90090243671342
 30
0.0
 11
-86.06189113368825
 21
-25.90293186417313
 31
0.0
  0
LINE
  5
6F2
330
70
100
AcDbEntity
  8
W-S-A v1_4_ANYTOOL_CUTTHROUGH_OUTSI
100
AcDbLine
 10
-86.06975207929316
 20
-24.68164053306922
 30
0.0
 11
-86.06866664360815
 21
-24.67987176614783
 31
0.0
  0
ARC
  5
6F3
330
70
100
AcDbEntity
  8
W-S-A v1_4_ANYTOOL_CUTTHROUGH_OUTSI
100
AcDbCircle
 10
86.07954350855122
 20
-25.8611984989357
 30
0.0
 40
0.0449999999999448
210
0.0
220
0.0
230
-1.0
100
AcDbArc
 50
330.3051943813902
 51
135.0000000885715
  0
LINE
  5
6F4
330
70
100
AcDbEntity
  8
W-S-A v1_4_ANYTOOL_CUTTHROUGH_OUTSI
100
AcDbLine
 10
-86.38493324246644
 20
-24.45340376362683
 30
0.0
 11
-86.39382260802994
 21
-24.45595206195163
 31
0.0
  0
LINE
  5
6F5
330
70
100
AcDbEntity
  8
W-S-A v1_4_ANYTOOL_CUTTHROUGH_OUTSI
100
AcDbLine
 10
-86.08462403962846
 20
-25.95791627137553
 30
0.0
 11
-86.08924988816346
 21
-25.96592352869662
 31
0.0
  0
LINE
  5
6F6
330
70
100
AcDbEntity
  8
W-S-A v1_4_ANYTOOL_CUTTHROUGH_OUTSI
100
AcDbLine
 10
-86.56986391755905
 20
-24.66659264765072
 30
0.0
 11
-86.56923423542515
 21
-24.66857007210143
 31
0.0
  0
LINE
  5
6F7
330
70
100
AcDbEntity
  8
W-S-A v1_4_ANYTOOL_CUTTHROUGH_OUTSI
100
AcDbLine
 10
-86.57163253352708
 20
-24.63989816425114
 30
0.0
 11
-86.57192495562297
 21
-24.64195271927993
 31
0.0
  0
LINE
  5
6F8
330
70
100
AcDbEntity
  8
W-S-A v1_4_ANYTOOL_CUTTHROUGH_OUTSI
100
AcDbLine
 10
-86.06035273788206
 20
-25.89059758240772
 30
0.0
 11
-86.06043077192436
 21
-25.89267137548723
 31
0.0
  0
LINE
  5
6F9
330
70
100
AcDbEntity
  8
W-S-A v1_4_ANYTOOL_CUTTHROUGH_OUTSI
100
AcDbLine
 10
-86.06034646747785
 20
-24.65023505640193
 30
0.0
 11
-86.06035273788206
 21
-24.64815980515691
 31
0.0
  0
LINE
  5
6FA
330
70
100
AcDbEntity
  8
W-S-A v1_4_ANYTOOL_CUTTHROUGH_OUTSI
100
AcDbLine
 10
-86.55936068065246
 20
-25.85205035483843
 30
0.0
 11
-86.55804167522537
 21
-25.85044819013663
 31
0.0
  0
LINE
  5
6FB
330
70
100
AcDbEntity
  8
W-S-A v1_4_ANYTOOL_CUTTHROUGH_OUTSI
100
AcDbLine
 10
-86.29327292669287
 20
-24.44538658399983
 30
0.0
 11
-86.30249782481513
 21
-24.44474168159873
 31
0.0
  0
LINE
  5
6FC
330
70
100
AcDbEntity
  8
W-S-A v1_4_ANYTOOL_CUTTHROUGH_OUTSI
100
AcDbLine
 10
-86.11001518728219
 20
-25.83027377948623
 30
0.0
 11
-86.10797736726366
 21
-25.83066620351763
 31
0.0
  0
ARC
  5
6FD
330
70
100
AcDbEntity
  8
W-S-A v1_4_ANYTOOL_CUTTHROUGH_OUTSI
100
AcDbCircle
 10
86.07954350855136
 20
-24.67755888862898
 30
0.0
 40
0.0450000000000173
210
0.0
220
0.0
230
-1.0
100
AcDbArc
 50
224.9999999996961
 51
29.69480561885162
  0
LINE
  5
6FE
330
70
100
AcDbEntity
  8
W-S-A v1_4_ANYTOOL_CUTTHROUGH_OUTSI
100
AcDbLine
 10
-86.56373290061186
 20
-24.61433508552862
 30
0.0
 11
-86.56689841384787
 21
-24.62302382366643
 31
0.0
  0
LINE
  5
6FF
330
70
100
AcDbEntity
  8
W-S-A v1_4_ANYTOOL_CUTTHROUGH_OUTSI
100
AcDbLine
 10
-86.06582821354793
 20
-25.91573356389803
 30
0.0
 11
-86.06899372678388
 21
-25.92442230203582
 31
0.0
  0
LINE
  5
700
330
70
100
AcDbEntity
  8
W-S-A v1_4_ANYTOOL_CUTTHROUGH_OUTSI
100
AcDbLine
 10
-86.06034646747785
 20
-25.88852233116262
 30
0.0
 11
-86.06035273788206
 21
-25.89059758240772
 31
0.0
  0
LINE
  5
701
330
70
100
AcDbEntity
  8
W-S-A v1_4_ANYTOOL_CUTTHROUGH_OUTSI
100
AcDbLine
 10
-86.06899372678388
 20
-25.92442230203582
 30
0.0
 11
-86.07246046782027
 21
-25.93299530332253
 31
0.0
  0
LINE
  5
702
330
70
100
AcDbEntity
  8
W-S-A v1_4_ANYTOOL_CUTTHROUGH_OUTSI
100
AcDbLine
 10
-86.49705572101556
 20
-24.51553531902482
 30
0.0
 11
-86.50370901313783
 21
-24.52195780673663
 31
0.0
  0
LINE
  5
703
330
70
100
AcDbEntity
  8
W-S-A v1_4_ANYTOOL_CUTTHROUGH_OUTSI
100
AcDbLine
 10
-86.51013416996814
 20
-24.52860852129822
 30
0.0
 11
-86.51632336744098
 21
-24.53547936397703
 31
0.0
  0
LINE
  5
704
330
70
100
AcDbEntity
  8
W-S-A v1_4_ANYTOOL_CUTTHROUGH_OUTSI
100
AcDbLine
 10
-86.45281700828986
 20
-24.48221049787513
 30
0.0
 11
-86.46065995819625
 21
-24.48710976121172
 31
0.0
  0
LINE
  5
705
330
70
100
AcDbEntity
  8
W-S-A v1_4_ANYTOOL_CUTTHROUGH_OUTSI
100
AcDbLine
 10
-86.06230178864256
 20
-24.66459463001773
 30
0.0
 11
-86.06181029942256
 21
-24.66257840944572
 31
0.0
  0
LINE
  5
706
330
70
100
AcDbEntity
  8
W-S-A v1_4_ANYTOOL_CUTTHROUGH_OUTSI
100
AcDbLine
 10
-86.26581168726174
 20
-26.08951237684552
 30
0.0
 11
-86.27491868271746
 21
-26.09111776721662
 31
0.0
  0
LINE
  5
707
330
70
100
AcDbEntity
  8
W-S-A v1_4_ANYTOOL_CUTTHROUGH_OUTSI
100
AcDbLine
 10
-86.06058047625213
 20
-25.89474122950683
 30
0.0
 11
-86.06080167177285
 21
-25.89680466828462
 31
0.0
  0
LINE
  5
708
330
70
100
AcDbEntity
  8
W-S-A v1_4_ANYTOOL_CUTTHROUGH_OUTSI
100
AcDbLine
 10
-86.07246046782027
 20
-25.93299530332253
 30
0.0
 11
-86.07622421512436
 21
-25.94144212821153
 31
0.0
  0
LINE
  5
709
330
70
100
AcDbEntity
  8
W-S-A v1_4_ANYTOOL_CUTTHROUGH_OUTSI
100
AcDbLine
 10
-86.40261764957758
 20
-24.45880896388373
 30
0.0
 11
-86.41130765717905
 21
-24.46197099050612
 31
0.0
  0
ARC
  5
70A
330
70
100
AcDbEntity
  8
W-S-A v1_4_ANYTOOL_CUTTHROUGH_OUTSI
100
AcDbCircle
 10
86.55318311885807
 20
-24.67755888862904
 30
0.0
 40
0.0449999999999899
210
0.0
220
0.0
230
-1.0
100
AcDbArc
 50
150.3051943809195
 51
315.0000000001759
  0
LINE
  5
70B
330
70
100
AcDbEntity
  8
W-S-A v1_4_ANYTOOL_CUTTHROUGH_OUTSI
100
AcDbLine
 10
-86.14962922107594
 20
-24.50340601997063
 30
0.0
 11
-86.15691724627925
 21
-24.49771397876282
 31
0.0
  0
LINE
  5
70C
330
70
100
AcDbEntity
  8
W-S-A v1_4_ANYTOOL_CUTTHROUGH_OUTSI
100
AcDbLine
 10
-86.530764320495
 20
-25.83226260746164
 30
0.0
 11
-86.52877811019454
 21
-25.83166121267374
 31
0.0
  0
LINE
  5
70D
330
70
100
AcDbEntity
  8
W-S-A v1_4_ANYTOOL_CUTTHROUGH_OUTSI
100
AcDbLine
 10
-86.06296778283264
 20
-25.90693966939132
 30
0.0
 11
-86.06582821354793
 21
-25.91573356389803
 31
0.0
  0
LINE
  5
70E
330
70
100
AcDbEntity
  8
W-S-A v1_4_ANYTOOL_CUTTHROUGH_OUTSI
100
AcDbLine
 10
-86.06043077192436
 20
-25.89267137548723
 30
0.0
 11
-86.06058047625213
 21
-25.89474122950683
 31
0.0
  0
LINE
  5
70F
330
70
100
AcDbEntity
  8
W-S-A v1_4_ANYTOOL_CUTTHROUGH_OUTSI
100
AcDbLine
 10
-86.10797736726366
 20
-24.70809118404702
 30
0.0
 11
-86.10595433718122
 21
-24.70762852182234
 31
0.0
  0
LINE
  5
710
330
70
100
AcDbEntity
  8
W-S-A v1_4_ANYTOOL_CUTTHROUGH_OUTSI
100
AcDbLine
 10
-86.56694056211126
 20
-25.86440211715602
 30
0.0
 11
-86.56604417764487
 21
-25.86253043290473
 31
0.0
  0
LINE
  5
711
330
70
100
AcDbEntity
  8
W-S-A v1_4_ANYTOOL_CUTTHROUGH_OUTSI
100
AcDbLine
 10
-86.55666805189582
 20
-25.84889259828882
 30
0.0
 11
-86.55524145393988
 21
-25.84738544026122
 31
0.0
  0
LINE
  5
712
330
70
100
AcDbEntity
  8
W-S-A v1_4_ANYTOOL_CUTTHROUGH_OUTSI
100
AcDbLine
 10
-86.51860119648262
 20
-25.82970143925422
 30
0.0
 11
-86.51653368998557
 21
-25.82952220774851
 31
0.0
  0
LINE
  5
713
330
70
100
AcDbEntity
  8
W-S-A v1_4_ANYTOOL_CUTTHROUGH_OUTSI
100
AcDbLine
 10
-86.57042483875317
 20
-25.87416275754693
 30
0.0
 11
-86.56986391755905
 21
-25.87216473991373
 31
0.0
  0
LINE
  5
714
330
70
100
AcDbEntity
  8
W-S-A v1_4_ANYTOOL_CUTTHROUGH_OUTSI
100
AcDbLine
 10
-86.23890401936586
 20
-24.45595206195163
 30
0.0
 11
-86.24779338492938
 21
-24.45340376362683
 31
0.0
  0
LINE
  5
715
330
70
100
AcDbEntity
  8
W-S-A v1_4_ANYTOOL_CUTTHROUGH_OUTSI
100
AcDbLine
 10
-86.21284457858926
 20
-24.46543429134403
 30
0.0
 11
-86.22141897021675
 21
-24.46197099050612
 31
0.0
  0
LINE
  5
716
330
70
100
AcDbEntity
  8
W-S-A v1_4_ANYTOOL_CUTTHROUGH_OUTSI
100
AcDbLine
 10
-86.5327285449973
 20
-25.83293233065273
 30
0.0
 11
-86.530764320495
 21
-25.83226260746164
 31
0.0
  0
LINE
  5
717
330
70
100
AcDbEntity
  8
W-S-A v1_4_ANYTOOL_CUTTHROUGH_OUTSI
100
AcDbLine
 10
-86.09058791345384
 20
-24.70148236132143
 30
0.0
 11
-86.08880383459064
 21
-24.70042228129712
 31
0.0
  0
LINE
  5
718
330
70
100
AcDbEntity
  8
W-S-A v1_4_ANYTOOL_CUTTHROUGH_OUTSI
100
AcDbLine
 10
-86.51860119648262
 20
-24.70905594831032
 30
0.0
 11
-86.51653368998557
 21
-24.70923517981593
 31
0.0
  0
LINE
  5
719
330
70
100
AcDbEntity
  8
W-S-A v1_4_ANYTOOL_CUTTHROUGH_OUTSI
100
AcDbLine
 10
-86.54213871394189
 20
-25.83727502624322
 30
0.0
 11
-86.54031904200818
 21
-25.83627727822783
 31
0.0
  0
LINE
  5
71A
330
70
100
AcDbEntity
  8
W-S-A v1_4_ANYTOOL_CUTTHROUGH_OUTSI
100
AcDbLine
 10
-86.21284457858926
 20
-26.07332309622052
 30
0.0
 11
-86.22141897021675
 21
-26.07678639705833
 31
0.0
  0
LINE
  5
71B
330
70
100
AcDbEntity
  8
W-S-A v1_4_ANYTOOL_CUTTHROUGH_OUTSI
100
AcDbLine
 10
-86.49018239547237
 20
-24.50934887897793
 30
0.0
 11
-86.49705572101556
 21
-24.51553531902482
 31
0.0
  0
LINE
  5
71C
330
70
100
AcDbEntity
  8
W-S-A v1_4_ANYTOOL_CUTTHROUGH_OUTSI
100
AcDbLine
 10
-86.10394851720112
 20
-25.83166121267383
 30
0.0
 11
-86.10196230690075
 21
-25.83226260746173
 31
0.0
  0
LINE
  5
71D
330
70
100
AcDbEntity
  8
W-S-A v1_4_ANYTOOL_CUTTHROUGH_OUTSI
100
AcDbLine
 10
-86.06109409386865
 20
-25.89885922331332
 30
0.0
 11
-86.06145739271282
 21
-25.90090243671342
 31
0.0
  0
LINE
  5
71E
330
70
100
AcDbEntity
  8
W-S-A v1_4_ANYTOOL_CUTTHROUGH_OUTSI
100
AcDbLine
 10
-86.52474926013207
 20
-25.83066620351752
 30
0.0
 11
-86.52271144011356
 21
-25.83027377948613
 31
0.0
  0
LINE
  5
71F
330
70
100
AcDbEntity
  8
W-S-A v1_4_ANYTOOL_CUTTHROUGH_OUTSI
100
AcDbLine
 10
-86.46832719466358
 20
-24.49227968668783
 30
0.0
 11
-86.47580938111655
 21
-24.49771397876282
 31
0.0
  0
LINE
  5
720
330
70
100
AcDbEntity
  8
W-S-A v1_4_ANYTOOL_CUTTHROUGH_OUTSI
100
AcDbLine
 10
-85.92636331370508
 20
-24.70937869378233
 30
0.0
 11
-86.04772370339778
 21
-24.70937869378222
 31
0.0
  0
LINE
  5
721
330
70
100
AcDbEntity
  8
W-S-A v1_4_ANYTOOL_CUTTHROUGH_OUTSI
100
AcDbLine
 10
-86.57196874349676
 20
-25.88231264572371
 30
0.0
 11
-86.57168874236754
 21
-25.88025636110922
 31
0.0
  0
LINE
  5
722
330
70
100
AcDbEntity
  8
W-S-A v1_4_ANYTOOL_CUTTHROUGH_OUTSI
100
AcDbLine
 10
-86.08924988816346
 20
-25.96592352869662
 30
0.0
 11
-86.09415229809178
 21
-25.97376451214062
 31
0.0
  0
LINE
  5
723
330
70
100
AcDbEntity
  8
W-S-A v1_4_ANYTOOL_CUTTHROUGH_OUTSI
100
AcDbLine
 10
-86.06080167177285
 20
-25.89680466828462
 30
0.0
 11
-86.06109409386865
 21
-25.89885922331332
 31
0.0
  0
LINE
  5
724
330
70
100
AcDbEntity
  8
W-S-A v1_4_ANYTOOL_CUTTHROUGH_OUTSI
100
AcDbLine
 10
-86.17990961910596
 20
-26.05654688968933
 30
0.0
 11
-86.18791873190557
 21
-26.06116952493751
 31
0.0
  0
LINE
  5
725
330
70
100
AcDbEntity
  8
W-S-A v1_4_ANYTOOL_CUTTHROUGH_OUTSI
100
AcDbLine
 10
-86.5327285449973
 20
-24.70582505691173
 30
0.0
 11
-86.530764320495
 21
-24.70649478010282
 31
0.0
  0
LINE
  5
726
330
70
100
AcDbEntity
  8
W-S-A v1_4_ANYTOOL_CUTTHROUGH_OUTSI
100
AcDbLine
 10
-86.06239479790724
 20
-25.90494507787333
 30
0.0
 11
-86.06296778283264
 21
-25.90693966939132
 31
0.0
  0
ARC
  5
727
330
70
100
AcDbEntity
  8
W-S-A v1_4_ANYTOOL_CUTTHROUGH_OUTSI
100
AcDbCircle
 10
86.55318311885819
 20
-25.86119849893561
 30
0.0
 40
0.0449999999999791
210
0.0
220
0.0
230
-1.0
100
AcDbArc
 50
44.99999991159483
 51
209.6948056188224
  0
LINE
  5
728
330
70
100
AcDbEntity
  8
W-S-A v1_4_ANYTOOL_CUTTHROUGH_OUTSI
100
AcDbLine
 10
-86.56405998378758
 20
-25.85888562141672
 30
0.0
 11
-86.56297454810255
 21
-25.85711685449544
 31
0.0
  0
LINE
  5
729
330
70
100
AcDbEntity
  8
W-S-A v1_4_ANYTOOL_CUTTHROUGH_OUTSI
100
AcDbLine
 10
-86.51653368998557
 20
-25.82952220774851
 30
0.0
 11
-86.51446122190055
 21
-25.82941458300693
 31
0.0
  0
LINE
  5
72A
330
70
100
AcDbEntity
  8
W-S-A v1_4_ANYTOOL_CUTTHROUGH_OUTSI
100
AcDbLine
 10
-86.06668244975088
 20
-24.67622695465983
 30
0.0
 11
-86.06578606528447
 21
-24.67435527040852
 31
0.0
  0
LINE
  5
72B
330
70
100
AcDbEntity
  8
W-S-A v1_4_ANYTOOL_CUTTHROUGH_OUTSI
100
AcDbLine
 10
-86.53658166645458
 20
-24.70428391088282
 30
0.0
 11
-86.53466843388509
 21
-24.70508780651233
 31
0.0
  0
LINE
  5
72C
330
70
100
AcDbEntity
  8
W-S-A v1_4_ANYTOOL_CUTTHROUGH_OUTSI
100
AcDbLine
 10
-86.44480789549035
 20
-26.06116952493751
 30
0.0
 11
-86.45281700828986
 21
-26.05654688968933
 31
0.0
  0
LINE
  5
72D
330
70
100
AcDbEntity
  8
W-S-A v1_4_ANYTOOL_CUTTHROUGH_OUTSI
100
AcDbLine
 10
-86.57033182948849
 20
-25.90494507787333
 30
0.0
 11
-86.57083549370755
 21
-25.90293186417313
 31
0.0
  0
LINE
  5
72E
330
70
100
AcDbEntity
  8
W-S-A v1_4_ANYTOOL_CUTTHROUGH_OUTSI
100
AcDbLine
 10
-86.49705572101556
 20
-26.02322206853973
 30
0.0
 11
-86.50370901313783
 21
-26.01679958082783
 31
0.0
  0
LINE
  5
72F
330
70
100
AcDbEntity
  8
W-S-A v1_4_ANYTOOL_CUTTHROUGH_OUTSI
100
AcDbLine
 10
-86.54347673923227
 20
-25.96592352869662
 30
0.0
 11
-86.54810258776727
 21
-25.95791627137553
 31
0.0
  0
LINE
  5
730
330
70
100
AcDbEntity
  8
W-S-A v1_4_ANYTOOL_CUTTHROUGH_OUTSI
100
AcDbLine
 10
-86.55244624190387
 20
-24.58900489676023
 30
0.0
 11
-86.55650241227142
 21
-24.59731525935293
 31
0.0
  0
LINE
  5
731
330
70
100
AcDbEntity
  8
W-S-A v1_4_ANYTOOL_CUTTHROUGH_OUTSI
100
AcDbLine
 10
-86.56689841384787
 20
-25.91573356389803
 30
0.0
 11
-86.56975884456302
 21
-25.90693966939122
 31
0.0
  0
LINE
  5
732
330
70
100
AcDbEntity
  8
W-S-A v1_4_ANYTOOL_CUTTHROUGH_OUTSI
100
AcDbLine
 10
-86.57229585547137
 20
-24.64608601207732
 30
0.0
 11
-86.57237388951369
 21
-24.64815980515683
 31
0.0
  0
LINE
  5
733
330
70
100
AcDbEntity
  8
W-S-A v1_4_ANYTOOL_CUTTHROUGH_OUTSI
100
AcDbLine
 10
-86.56182859328225
 20
-24.68337070490963
 30
0.0
 11
-86.56062349024097
 21
-24.68506021185192
 31
0.0
  0
LINE
  5
734
330
70
100
AcDbEntity
  8
W-S-A v1_4_ANYTOOL_CUTTHROUGH_OUTSI
100
AcDbLine
 10
-86.57229585547137
 20
-25.89267137548714
 30
0.0
 11
-86.57237388951369
 21
-25.89059758240772
 31
0.0
  0
LINE
  5
735
330
70
100
AcDbEntity
  8
W-S-A v1_4_ANYTOOL_CUTTHROUGH_OUTSI
100
AcDbLine
 10
-86.52877811019454
 20
-25.83166121267374
 30
0.0
 11
-86.52677229021442
 21
-25.83112886574223
 31
0.0
  0
LINE
  5
736
330
70
100
AcDbEntity
  8
W-S-A v1_4_ANYTOOL_CUTTHROUGH_OUTSI
100
AcDbLine
 10
-86.51013416996814
 20
-26.01014886626623
 30
0.0
 11
-86.51632336744098
 21
-26.00327802358743
 31
0.0
  0
LINE
  5
737
330
70
100
AcDbEntity
  8
W-S-A v1_4_ANYTOOL_CUTTHROUGH_OUTSI
100
AcDbLine
 10
-86.57126923468283
 20
-25.90090243671333
 30
0.0
 11
-86.57163253352708
 21
-25.89885922331332
 31
0.0
  0
LINE
  5
738
330
70
100
AcDbEntity
  8
W-S-A v1_4_ANYTOOL_CUTTHROUGH_OUTSI
100
AcDbLine
 10
-86.53846595389127
 20
-25.83534305583493
 30
0.0
 11
-86.53658166645458
 21
-25.83447347668163
 31
0.0
  0
LINE
  5
739
330
70
100
AcDbEntity
  8
W-S-A v1_4_ANYTOOL_CUTTHROUGH_OUTSI
100
AcDbLine
 10
-86.51446122190055
 20
-25.82941458300693
 30
0.0
 11
-86.51238627153688
 21
-25.82937869378153
 31
0.0
  0
LINE
  5
73A
330
70
100
AcDbEntity
  8
W-S-A v1_4_ANYTOOL_CUTTHROUGH_OUTSI
100
AcDbLine
 10
-86.56975884456302
 20
-24.63181771817322
 30
0.0
 11
-86.57033182948849
 21
-24.63381230969113
 31
0.0
  0
LINE
  5
73B
330
70
100
AcDbEntity
  8
W-S-A v1_4_ANYTOOL_CUTTHROUGH_OUTSI
100
AcDbLine
 10
-86.55524145393988
 20
-25.84738544026122
 30
0.0
 11
-86.55376358800706
 21
-25.84592851907843
 31
0.0
  0
LINE
  5
73C
330
70
100
AcDbEntity
  8
W-S-A v1_4_ANYTOOL_CUTTHROUGH_OUTSI
100
AcDbLine
 10
-86.57214615114353
 20
-25.89474122950673
 30
0.0
 11
-86.57229585547137
 21
-25.89267137548714
 31
0.0
  0
LINE
  5
73D
330
70
100
AcDbEntity
  8
W-S-A v1_4_ANYTOOL_CUTTHROUGH_OUTSI
100
AcDbLine
 10
-86.57133779724688
 20
-25.87821098960983
 30
0.0
 11
-86.57091632797316
 21
-25.87617897811882
 31
0.0
  0
LINE
  5
73E
330
70
100
AcDbEntity
  8
W-S-A v1_4_ANYTOOL_CUTTHROUGH_OUTSI
100
AcDbLine
 10
-86.52796403389597
 20
-24.54984770866853
 30
0.0
 11
-86.53340132776312
 21
-24.55732771400793
 31
0.0
  0
LINE
  5
73F
330
70
100
AcDbEntity
  8
W-S-A v1_4_ANYTOOL_CUTTHROUGH_OUTSI
100
AcDbLine
 10
-86.52271144011356
 20
-25.83027377948613
 30
0.0
 11
-86.52066126801836
 21
-25.82995206310783
 31
0.0
  0
LINE
  5
740
330
70
100
AcDbEntity
  8
W-S-A v1_4_ANYTOOL_CUTTHROUGH_OUTSI
100
AcDbLine
 10
-86.54566914429095
 20
-25.83945625011902
 30
0.0
 11
-86.54392279280509
 21
-25.83833510626742
 31
0.0
  0
LINE
  5
741
330
70
100
AcDbEntity
  8
W-S-A v1_4_ANYTOOL_CUTTHROUGH_OUTSI
100
AcDbLine
 10
-86.56689841384787
 20
-24.62302382366643
 30
0.0
 11
-86.56975884456302
 21
-24.63181771817322
 31
0.0
  0
LINE
  5
742
330
70
100
AcDbEntity
  8
W-S-A v1_4_ANYTOOL_CUTTHROUGH_OUTSI
100
AcDbLine
 10
-86.28407614628114
 20
-24.44635295584083
 30
0.0
 11
-86.29327292669287
 21
-24.44538658399983
 31
0.0
  0
LINE
  5
743
330
70
100
AcDbEntity
  8
W-S-A v1_4_ANYTOOL_CUTTHROUGH_OUTSI
100
AcDbLine
 10
-86.52677229021442
 20
-25.83112886574223
 30
0.0
 11
-86.52474926013207
 21
-25.83066620351752
 31
0.0
  0
LINE
  5
744
330
70
100
AcDbEntity
  8
W-S-A v1_4_ANYTOOL_CUTTHROUGH_OUTSI
100
AcDbLine
 10
-86.35780794467827
 20
-26.09111776721662
 30
0.0
 11
-86.36691494013406
 21
-26.08951237684552
 31
0.0
  0
LINE
  5
745
330
70
100
AcDbEntity
  8
W-S-A v1_4_ANYTOOL_CUTTHROUGH_OUTSI
100
AcDbLine
 10
-86.56975884456302
 20
-25.90693966939122
 30
0.0
 11
-86.57033182948849
 21
-25.90494507787333
 31
0.0
  0
LINE
  5
746
330
70
100
AcDbEntity
  8
W-S-A v1_4_ANYTOOL_CUTTHROUGH_OUTSI
100
AcDbLine
 10
-86.54031904200818
 20
-25.83627727822783
 30
0.0
 11
-86.53846595389127
 21
-25.83534305583493
 31
0.0
  0
LINE
  5
747
330
70
100
AcDbEntity
  8
W-S-A v1_4_ANYTOOL_CUTTHROUGH_OUTSI
100
AcDbLine
 10
-86.54810258776727
 20
-24.58084111618893
 30
0.0
 11
-86.55244624190387
 21
-24.58900489676023
 31
0.0
  0
LINE
  5
748
330
70
100
AcDbEntity
  8
W-S-A v1_4_ANYTOOL_CUTTHROUGH_OUTSI
100
AcDbLine
 10
-86.54392279280509
 20
-24.70042228129703
 30
0.0
 11
-86.54213871394189
 21
-24.70148236132132
 31
0.0
  0
ARC
  5
749
330
70
100
AcDbEntity
  8
W-S-A v1_4_ANYTOOL_CUTTHROUGH_OUTSI
100
AcDbCircle
 10
-85.92636331370478
 20
-25.76937869378232
 30
0.0
 40
0.0600000000000094
100
AcDbArc
 50
269.999999999715
 51
359.9999999999933
  0
LINE
  5
74A
330
70
100
AcDbEntity
  8
W-S-A v1_4_ANYTOOL_CUTTHROUGH_OUTSI
100
AcDbLine
 10
-86.40261764957758
 20
-26.07994842368073
 30
0.0
 11
-86.41130765717905
 21
-26.07678639705833
 31
0.0
  0
LINE
  5
74B
330
70
100
AcDbEntity
  8
W-S-A v1_4_ANYTOOL_CUTTHROUGH_OUTSI
100
AcDbLine
 10
-86.55244624190387
 20
-25.94975249080422
 30
0.0
 11
-86.55650241227142
 21
-25.94144212821153
 31
0.0
  0
LINE
  5
74C
330
70
100
AcDbEntity
  8
W-S-A v1_4_ANYTOOL_CUTTHROUGH_OUTSI
100
AcDbLine
 10
-86.56297454810255
 20
-25.85711685449544
 30
0.0
 11
-86.56182859328225
 21
-25.85538668265483
 31
0.0
  0
LINE
  5
74D
330
70
100
AcDbEntity
  8
W-S-A v1_4_ANYTOOL_CUTTHROUGH_OUTSI
100
AcDbLine
 10
-86.41988204880645
 20
-26.07332309622052
 30
0.0
 11
-86.42833038322022
 21
-26.06956273851052
 31
0.0
  0
LINE
  5
74E
330
70
100
AcDbEntity
  8
W-S-A v1_4_ANYTOOL_CUTTHROUGH_OUTSI
100
AcDbLine
 10
-86.04772370334867
 20
-25.82937869383153
 30
0.0
 11
-85.92636331370508
 21
-25.82937869378233
 31
0.0
  0
LINE
  5
74F
330
70
100
AcDbEntity
  8
W-S-A v1_4_ANYTOOL_CUTTHROUGH_OUTSI
100
AcDbLine
 10
-86.41130765717905
 20
-26.07678639705833
 30
0.0
 11
-86.41988204880645
 21
-26.07332309622052
 31
0.0
  0
LINE
  5
750
330
70
100
AcDbEntity
  8
W-S-A v1_4_ANYTOOL_CUTTHROUGH_OUTSI
100
AcDbLine
 10
-86.11412543091303
 20
-25.82970143925422
 30
0.0
 11
-86.11206535937737
 21
-25.82995206310783
 31
0.0
  0
LINE
  5
751
330
70
100
AcDbEntity
  8
W-S-A v1_4_ANYTOOL_CUTTHROUGH_OUTSI
100
AcDbLine
 10
-86.49018239547237
 20
-26.02940850858653
 30
0.0
 11
-86.49705572101556
 21
-26.02322206853973
 31
0.0
  0
LINE
  5
752
330
70
100
AcDbEntity
  8
W-S-A v1_4_ANYTOOL_CUTTHROUGH_OUTSI
100
AcDbLine
 10
-86.56373290061186
 20
-25.92442230203582
 30
0.0
 11
-86.56689841384787
 21
-25.91573356389803
 31
0.0
  0
LINE
  5
753
330
70
100
AcDbEntity
  8
W-S-A v1_4_ANYTOOL_CUTTHROUGH_OUTSI
100
AcDbLine
 10
-86.57192495562297
 20
-24.64195271927993
 30
0.0
 11
-86.57214615114353
 21
-24.64401615805773
 31
0.0
  0
LINE
  5
754
330
70
100
AcDbEntity
  8
W-S-A v1_4_ANYTOOL_CUTTHROUGH_OUTSI
100
AcDbLine
 10
-86.09614496094115
 20
-25.83447347668172
 30
0.0
 11
-86.09426067350446
 21
-25.83534305583493
 31
0.0
  0
LINE
  5
755
330
70
100
AcDbEntity
  8
W-S-A v1_4_ANYTOOL_CUTTHROUGH_OUTSI
100
AcDbLine
 10
-86.54810258776727
 20
-25.95791627137553
 30
0.0
 11
-86.55244624190387
 21
-25.94975249080422
 31
0.0
  0
LINE
  5
756
330
70
100
AcDbEntity
  8
W-S-A v1_4_ANYTOOL_CUTTHROUGH_OUTSI
100
AcDbLine
 10
-86.57163253352708
 20
-25.89885922331332
 30
0.0
 11
-86.57192495562297
 21
-25.89680466828453
 31
0.0
  0
LINE
  5
757
330
70
100
AcDbEntity
  8
W-S-A v1_4_ANYTOOL_CUTTHROUGH_OUTSI
100
AcDbLine
 10
-86.55650241227142
 20
-24.59731525935293
 30
0.0
 11
-86.56026615957546
 21
-24.60576208424192
 31
0.0
  0
LINE
  5
758
330
70
100
AcDbEntity
  8
W-S-A v1_4_ANYTOOL_CUTTHROUGH_OUTSI
100
AcDbLine
 10
-86.57214615114353
 20
-24.64401615805773
 30
0.0
 11
-86.57229585547137
 21
-24.64608601207732
 31
0.0
  0
LINE
  5
759
330
70
100
AcDbEntity
  8
W-S-A v1_4_ANYTOOL_CUTTHROUGH_OUTSI
100
AcDbLine
 10
-86.53658166645458
 20
-25.83447347668163
 30
0.0
 11
-86.53466843388509
 21
-25.83366958105213
 31
0.0
  0
LINE
  5
75A
330
70
100
AcDbEntity
  8
W-S-A v1_4_ANYTOOL_CUTTHROUGH_OUTSI
100
AcDbLine
 10
-86.32098702012436
 20
-26.09433835361422
 30
0.0
 11
-86.33022880258065
 21
-26.09401570596583
 31
0.0
  0
LINE
  5
75B
330
70
100
AcDbEntity
  8
W-S-A v1_4_ANYTOOL_CUTTHROUGH_OUTSI
100
AcDbLine
 10
-86.52226906882409
 20
-25.99619541957913
 30
0.0
 11
-86.52796403389597
 21
-25.98890967889593
 31
0.0
  0
LINE
  5
75C
330
70
100
AcDbEntity
  8
W-S-A v1_4_ANYTOOL_CUTTHROUGH_OUTSI
100
AcDbLine
 10
-86.57231465918274
 20
-25.88644810439053
 30
0.0
 11
-86.57217746566718
 21
-25.88437738350462
 31
0.0
  0
LINE
  5
75D
330
70
100
AcDbEntity
  8
W-S-A v1_4_ANYTOOL_CUTTHROUGH_OUTSI
100
AcDbLine
 10
-86.06189113368825
 20
-25.90293186417313
 30
0.0
 11
-86.06239479790724
 21
-25.90494507787333
 31
0.0
  0
LINE
  5
75E
330
70
100
AcDbEntity
  8
W-S-A v1_4_ANYTOOL_CUTTHROUGH_OUTSI
100
AcDbLine
 10
-86.53857432930394
 20
-24.56499287542383
 30
0.0
 11
-86.54347673923227
 21
-24.57283385886783
 31
0.0
  0
LINE
  5
75F
330
70
100
AcDbEntity
  8
W-S-A v1_4_ANYTOOL_CUTTHROUGH_OUTSI
100
AcDbLine
 10
-86.57083549370755
 20
-24.63582552339131
 30
0.0
 11
-86.57126923468283
 21
-24.63785495085112
 31
0.0
  0
LINE
  5
760
330
70
100
AcDbEntity
  8
W-S-A v1_4_ANYTOOL_CUTTHROUGH_OUTSI
100
AcDbLine
 10
-86.57033182948849
 20
-24.63381230969113
 30
0.0
 11
-86.57083549370755
 21
-24.63582552339131
 31
0.0
  0
LINE
  5
761
330
70
100
AcDbEntity
  8
W-S-A v1_4_ANYTOOL_CUTTHROUGH_OUTSI
100
AcDbLine
 10
-86.54347673923227
 20
-24.57283385886783
 30
0.0
 11
-86.54810258776727
 21
-24.58084111618893
 31
0.0
  0
LINE
  5
762
330
70
100
AcDbEntity
  8
W-S-A v1_4_ANYTOOL_CUTTHROUGH_OUTSI
100
AcDbLine
 10
-86.55066118335716
 20
-25.84317229676603
 30
0.0
 11
-86.54904035607001
 21
-25.84187629292603
 31
0.0
  0
LINE
  5
763
330
70
100
AcDbEntity
  8
W-S-A v1_4_ANYTOOL_CUTTHROUGH_OUTSI
100
AcDbLine
 10
-86.56026615957546
 20
-24.60576208424192
 30
0.0
 11
-86.56373290061186
 21
-24.61433508552862
 31
0.0
  0
LINE
  5
764
330
70
100
AcDbEntity
  8
W-S-A v1_4_ANYTOOL_CUTTHROUGH_OUTSI
100
AcDbLine
 10
-86.56853654564496
 20
-25.86823284980234
 30
0.0
 11
-86.56777168287007
 21
-25.86630368107361
 31
0.0
  0
LINE
  5
765
330
70
100
AcDbEntity
  8
W-S-A v1_4_ANYTOOL_CUTTHROUGH_OUTSI
100
AcDbLine
 10
-86.53340132776312
 20
-24.55732771400793
 30
0.0
 11
-86.53857432930394
 21
-24.56499287542383
 31
0.0
  0
LINE
  5
766
330
70
100
AcDbEntity
  8
W-S-A v1_4_ANYTOOL_CUTTHROUGH_OUTSI
100
AcDbLine
 10
-86.57126923468283
 20
-24.63785495085112
 30
0.0
 11
-86.57163253352708
 21
-24.63989816425114
 31
0.0
  0
LINE
  5
767
330
70
100
AcDbEntity
  8
W-S-A v1_4_ANYTOOL_CUTTHROUGH_OUTSI
100
AcDbLine
 10
-86.52796403389597
 20
-25.98890967889593
 30
0.0
 11
-86.53340132776312
 21
-25.98142967355652
 31
0.0
  0
LINE
  5
768
330
70
100
AcDbEntity
  8
W-S-A v1_4_ANYTOOL_CUTTHROUGH_OUTSI
100
AcDbLine
 10
-86.34865048111453
 20
-26.09240443172363
 30
0.0
 11
-86.35780794467827
 21
-26.09111776721662
 31
0.0
  0
LINE
  5
769
330
70
100
AcDbEntity
  8
W-S-A v1_4_ANYTOOL_CUTTHROUGH_OUTSI
100
AcDbLine
 10
-86.57192495562297
 20
-25.89680466828453
 30
0.0
 11
-86.57214615114353
 21
-25.89474122950673
 31
0.0
  0
LINE
  5
76A
330
70
100
AcDbEntity
  8
W-S-A v1_4_ANYTOOL_CUTTHROUGH_OUTSI
100
AcDbLine
 10
-86.43664237268355
 20
-26.06550990300493
 30
0.0
 11
-86.44480789549035
 21
-26.06116952493751
 31
0.0
  0
LINE
  5
76B
330
70
100
AcDbEntity
  8
W-S-A v1_4_ANYTOOL_CUTTHROUGH_OUTSI
100
AcDbLine
 10
-86.10196230690075
 20
-24.70649478010292
 30
0.0
 11
-86.09999808239837
 21
-24.70582505691184
 31
0.0
  0
LINE
  5
76C
330
70
100
AcDbEntity
  8
W-S-A v1_4_ANYTOOL_CUTTHROUGH_OUTSI
100
AcDbLine
 10
-86.55376358800706
 20
-24.69282886848603
 30
0.0
 11
-86.55223622207973
 21
-24.69423380989843
 31
0.0
  0
LINE
  5
76D
330
70
100
AcDbEntity
  8
W-S-A v1_4_ANYTOOL_CUTTHROUGH_OUTSI
100
AcDbLine
 10
-86.07748517345585
 20
-24.69137194730332
 30
0.0
 11
-86.07605857549984
 21
-24.68986478927573
 31
0.0
  0
LINE
  5
76E
330
70
100
AcDbEntity
  8
W-S-A v1_4_ANYTOOL_CUTTHROUGH_OUTSI
100
AcDbLine
 10
-86.39382260802994
 20
-26.08280532561283
 30
0.0
 11
-86.40261764957758
 21
-26.07994842368073
 31
0.0
  0
LINE
  5
76F
330
70
100
AcDbEntity
  8
W-S-A v1_4_ANYTOOL_CUTTHROUGH_OUTSI
100
AcDbLine
 10
-86.07246046782027
 20
-24.60576208424192
 30
0.0
 11
-86.07622421512436
 21
-24.59731525935293
 31
0.0
  0
LINE
  5
770
330
70
100
AcDbEntity
  8
W-S-A v1_4_ANYTOOL_CUTTHROUGH_OUTSI
100
AcDbLine
 10
-86.06764302557349
 20
-24.67806652013494
 30
0.0
 11
-86.06668244975088
 21
-24.67622695465983
 31
0.0
  0
LINE
  5
771
330
70
100
AcDbEntity
  8
W-S-A v1_4_ANYTOOL_CUTTHROUGH_OUTSI
100
AcDbLine
 10
-86.09240758538755
 20
-24.70248010933671
 30
0.0
 11
-86.09058791345384
 21
-24.70148236132143
 31
0.0
  0
LINE
  5
772
330
70
100
AcDbEntity
  8
W-S-A v1_4_ANYTOOL_CUTTHROUGH_OUTSI
100
AcDbLine
 10
-86.42833038322022
 20
-26.06956273851052
 30
0.0
 11
-86.43664237268355
 21
-26.06550990300493
 31
0.0
  0
LINE
  5
773
330
70
100
AcDbEntity
  8
W-S-A v1_4_ANYTOOL_CUTTHROUGH_OUTSI
100
AcDbLine
 10
-86.530764320495
 20
-24.70649478010282
 30
0.0
 11
-86.52877811019454
 21
-24.70709617489072
 31
0.0
  0
LINE
  5
774
330
70
100
AcDbEntity
  8
W-S-A v1_4_ANYTOOL_CUTTHROUGH_OUTSI
100
AcDbLine
 10
-86.56694056211126
 20
-24.67435527040843
 30
0.0
 11
-86.56604417764487
 21
-24.67622695465972
 31
0.0
  0
LINE
  5
775
330
70
100
AcDbEntity
  8
W-S-A v1_4_ANYTOOL_CUTTHROUGH_OUTSI
100
AcDbLine
 10
-86.45281700828986
 20
-26.05654688968933
 30
0.0
 11
-86.46065995819625
 21
-26.05164762635272
 31
0.0
  0
LINE
  5
776
330
70
100
AcDbEntity
  8
W-S-A v1_4_ANYTOOL_CUTTHROUGH_OUTSI
100
AcDbLine
 10
-86.53857432930394
 20
-25.97376451214062
 30
0.0
 11
-86.54347673923227
 21
-25.96592352869662
 31
0.0
  0
LINE
  5
777
330
70
100
AcDbEntity
  8
W-S-A v1_4_ANYTOOL_CUTTHROUGH_OUTSI
100
AcDbLine
 10
-86.38493324246644
 20
-26.08535362393773
 30
0.0
 11
-86.39382260802994
 21
-26.08280532561283
 31
0.0
  0
LINE
  5
778
330
70
100
AcDbEntity
  8
W-S-A v1_4_ANYTOOL_CUTTHROUGH_OUTSI
100
AcDbLine
 10
-86.56777168287007
 20
-24.67245370649083
 30
0.0
 11
-86.56694056211126
 21
-24.67435527040843
 31
0.0
  0
LINE
  5
779
330
70
100
AcDbEntity
  8
W-S-A v1_4_ANYTOOL_CUTTHROUGH_OUTSI
100
AcDbLine
 10
-86.56062349024097
 20
-24.68506021185192
 30
0.0
 11
-86.55936068065246
 21
-24.68670703272614
 31
0.0
  0
LINE
  5
77A
330
70
100
AcDbEntity
  8
W-S-A v1_4_ANYTOOL_CUTTHROUGH_OUTSI
100
AcDbLine
 10
-86.54566914429095
 20
-24.69930113744553
 30
0.0
 11
-86.54392279280509
 21
-24.70042228129703
 31
0.0
  0
LINE
  5
77B
330
70
100
AcDbEntity
  8
W-S-A v1_4_ANYTOOL_CUTTHROUGH_OUTSI
100
AcDbLine
 10
-86.36691494013406
 20
-26.08951237684552
 30
0.0
 11
-86.37596037767783
 21
-26.08759021553213
 31
0.0
  0
LINE
  5
77C
330
70
100
AcDbEntity
  8
W-S-A v1_4_ANYTOOL_CUTTHROUGH_OUTSI
100
AcDbLine
 10
-86.57196874349676
 20
-24.65644474184073
 30
0.0
 11
-86.57168874236754
 21
-24.65850102645523
 31
0.0
  0
LINE
  5
77D
330
70
100
AcDbEntity
  8
W-S-A v1_4_ANYTOOL_CUTTHROUGH_OUTSI
100
AcDbLine
 10
-86.06578606528447
 20
-24.67435527040852
 30
0.0
 11
-86.06495494452566
 21
-24.67245370649092
 31
0.0
  0
LINE
  5
77E
330
70
100
AcDbEntity
  8
W-S-A v1_4_ANYTOOL_CUTTHROUGH_OUTSI
100
AcDbLine
 10
-86.55936068065246
 20
-24.68670703272614
 30
0.0
 11
-86.55804167522537
 21
-24.68830919742793
 31
0.0
  0
LINE
  5
77F
330
70
100
AcDbEntity
  8
W-S-A v1_4_ANYTOOL_CUTTHROUGH_OUTSI
100
AcDbLine
 10
-86.33945370070293
 20
-26.09337080356463
 30
0.0
 11
-86.34865048111453
 21
-26.09240443172363
 31
0.0
  0
LINE
  5
780
330
70
100
AcDbEntity
  8
W-S-A v1_4_ANYTOOL_CUTTHROUGH_OUTSI
100
AcDbLine
 10
-86.08368627132563
 20
-24.69688109463863
 30
0.0
 11
-86.08206544403859
 21
-24.69558509079852
 31
0.0
  0
LINE
  5
781
330
70
100
AcDbEntity
  8
W-S-A v1_4_ANYTOOL_CUTTHROUGH_OUTSI
100
AcDbLine
 10
-86.56508360182225
 20
-24.67806652013484
 30
0.0
 11
-86.56405998378758
 21
-24.67987176614774
 31
0.0
  0
LINE
  5
782
330
70
100
AcDbEntity
  8
W-S-A v1_4_ANYTOOL_CUTTHROUGH_OUTSI
100
AcDbLine
 10
-86.47580938111655
 20
-26.04104340880163
 30
0.0
 11
-86.48309740631985
 21
-26.03535136759384
 31
0.0
  0
LINE
  5
783
330
70
100
AcDbEntity
  8
W-S-A v1_4_ANYTOOL_CUTTHROUGH_OUTSI
100
AcDbLine
 10
-86.46832719466358
 20
-26.04647770087662
 30
0.0
 11
-86.47580938111655
 21
-26.04104340880163
 31
0.0
  0
LINE
  5
784
330
70
100
AcDbEntity
  8
W-S-A v1_4_ANYTOOL_CUTTHROUGH_OUTSI
100
AcDbLine
 10
-86.57042483875317
 20
-24.66459463001762
 30
0.0
 11
-86.56986391755905
 21
-24.66659264765072
 31
0.0
  0
LINE
  5
785
330
70
100
AcDbEntity
  8
W-S-A v1_4_ANYTOOL_CUTTHROUGH_OUTSI
100
AcDbLine
 10
-86.50370901313783
 20
-26.01679958082783
 30
0.0
 11
-86.51013416996814
 21
-26.01014886626623
 31
0.0
  0
LINE
  5
786
330
70
100
AcDbEntity
  8
W-S-A v1_4_ANYTOOL_CUTTHROUGH_OUTSI
100
AcDbLine
 10
-86.37596037767783
 20
-26.08759021553213
 30
0.0
 11
-86.38493324246644
 21
-26.08535362393773
 31
0.0
  0
LINE
  5
787
330
70
100
AcDbEntity
  8
W-S-A v1_4_ANYTOOL_CUTTHROUGH_OUTSI
100
AcDbLine
 10
-86.08462403962846
 20
-24.58084111618893
 30
0.0
 11
-86.08924988816346
 21
-24.57283385886783
 31
0.0
  0
LINE
  5
788
330
70
100
AcDbEntity
  8
W-S-A v1_4_ANYTOOL_CUTTHROUGH_OUTSI
100
AcDbLine
 10
-86.06058047625213
 20
-24.64401615805782
 30
0.0
 11
-86.06080167177285
 21
-24.64195271928003
 31
0.0
  0
LINE
  5
789
330
70
100
AcDbEntity
  8
W-S-A v1_4_ANYTOOL_CUTTHROUGH_OUTSI
100
AcDbLine
 10
-86.55650241227142
 20
-25.94144212821153
 30
0.0
 11
-86.56026615957546
 21
-25.93299530332253
 31
0.0
  0
LINE
  5
78A
330
70
100
AcDbEntity
  8
W-S-A v1_4_ANYTOOL_CUTTHROUGH_OUTSI
100
AcDbLine
 10
-86.33022880258065
 20
-26.09401570596583
 30
0.0
 11
-86.33945370070293
 21
-26.09337080356463
 31
0.0
  0
LINE
  5
78B
330
70
100
AcDbEntity
  8
W-S-A v1_4_ANYTOOL_CUTTHROUGH_OUTSI
100
AcDbLine
 10
-86.46065995819625
 20
-26.05164762635272
 30
0.0
 11
-86.46832719466358
 21
-26.04647770087662
 31
0.0
  0
LINE
  5
78C
330
70
100
AcDbEntity
  8
W-S-A v1_4_ANYTOOL_CUTTHROUGH_OUTSI
100
AcDbLine
 10
-86.06296778283264
 20
-24.63181771817333
 30
0.0
 11
-86.06582821354793
 21
-24.62302382366643
 31
0.0
  0
LINE
  5
78D
330
70
100
AcDbEntity
  8
W-S-A v1_4_ANYTOOL_CUTTHROUGH_OUTSI
100
AcDbLine
 10
-86.53466843388509
 20
-24.70508780651233
 30
0.0
 11
-86.5327285449973
 21
-24.70582505691173
 31
0.0
  0
LINE
  5
78E
330
70
100
AcDbEntity
  8
W-S-A v1_4_ANYTOOL_CUTTHROUGH_OUTSI
100
AcDbLine
 10
-86.06899372678388
 20
-24.61433508552862
 30
0.0
 11
-86.07246046782027
 21
-24.60576208424192
 31
0.0
  0
LINE
  5
78F
330
70
100
AcDbEntity
  8
W-S-A v1_4_ANYTOOL_CUTTHROUGH_OUTSI
100
AcDbLine
 10
-86.06080167177285
 20
-24.64195271928003
 30
0.0
 11
-86.06109409386865
 21
-24.63989816425123
 31
0.0
  0
LINE
  5
790
330
70
100
AcDbEntity
  8
W-S-A v1_4_ANYTOOL_CUTTHROUGH_OUTSI
100
AcDbLine
 10
-86.57237388951369
 20
-24.64815980515683
 30
0.0
 11
-86.57238015991786
 21
-24.65023505640183
 31
0.0
  0
LINE
  5
791
330
70
100
AcDbEntity
  8
W-S-A v1_4_ANYTOOL_CUTTHROUGH_OUTSI
100
AcDbLine
 10
-86.53340132776312
 20
-25.98142967355652
 30
0.0
 11
-86.53857432930394
 21
-25.97376451214062
 31
0.0
  0
LINE
  5
792
330
70
100
AcDbEntity
  8
W-S-A v1_4_ANYTOOL_CUTTHROUGH_OUTSI
100
AcDbLine
 10
-86.09932529963275
 20
-24.55732771400793
 30
0.0
 11
-86.10476259349976
 21
-24.54984770866853
 31
0.0
  0
LINE
  5
793
330
70
100
AcDbEntity
  8
W-S-A v1_4_ANYTOOL_CUTTHROUGH_OUTSI
100
AcDbLine
 10
-86.08705748310478
 20
-24.69930113744553
 30
0.0
 11
-86.08535094816957
 21
-24.69812027099963
 31
0.0
  0
LINE
  5
794
330
70
100
AcDbEntity
  8
W-S-A v1_4_ANYTOOL_CUTTHROUGH_OUTSI
100
AcDbLine
 10
-86.06109409386865
 20
-24.63989816425123
 30
0.0
 11
-86.06145739271282
 21
-24.63785495085123
 31
0.0
  0
LINE
  5
795
330
70
100
AcDbEntity
  8
W-S-A v1_4_ANYTOOL_CUTTHROUGH_OUTSI
100
AcDbLine
 10
-86.54213871394189
 20
-24.70148236132132
 30
0.0
 11
-86.54031904200818
 21
-24.70248010933663
 31
0.0
  0
LINE
  5
796
330
70
100
AcDbEntity
  8
W-S-A v1_4_ANYTOOL_CUTTHROUGH_OUTSI
100
AcDbLine
 10
-86.48309740631985
 20
-26.03535136759384
 30
0.0
 11
-86.49018239547237
 21
-26.02940850858653
 31
0.0
  0
LINE
  5
797
330
70
100
AcDbEntity
  8
W-S-A v1_4_ANYTOOL_CUTTHROUGH_OUTSI
100
AcDbLine
 10
-86.55666805189582
 20
-24.68986478927563
 30
0.0
 11
-86.55524145393988
 21
-24.69137194730323
 31
0.0
  0
LINE
  5
798
330
70
100
AcDbEntity
  8
W-S-A v1_4_ANYTOOL_CUTTHROUGH_OUTSI
100
AcDbLine
 10
-86.57231465918274
 20
-24.65230928317393
 30
0.0
 11
-86.57217746566718
 21
-24.65438000405993
 31
0.0
  0
LINE
  5
799
330
70
100
AcDbEntity
  8
W-S-A v1_4_ANYTOOL_CUTTHROUGH_OUTSI
100
AcDbLine
 10
-86.10394851720112
 20
-24.70709617489083
 30
0.0
 11
-86.10196230690075
 21
-24.70649478010292
 31
0.0
  0
LINE
  5
79A
330
70
100
AcDbEntity
  8
W-S-A v1_4_ANYTOOL_CUTTHROUGH_OUTSI
100
AcDbLine
 10
-86.57237388951369
 20
-25.89059758240772
 30
0.0
 11
-86.57238015991786
 21
-25.88852233116262
 31
0.0
  0
LINE
  5
79B
330
70
100
AcDbEntity
  8
W-S-A v1_4_ANYTOOL_CUTTHROUGH_OUTSI
100
AcDbLine
 10
-86.56405998378758
 20
-24.67987176614774
 30
0.0
 11
-86.56297454810255
 21
-24.68164053306913
 31
0.0
  0
LINE
  5
79C
330
70
100
AcDbEntity
  8
W-S-A v1_4_ANYTOOL_CUTTHROUGH_OUTSI
100
AcDbLine
 10
-86.57168874236754
 20
-24.65850102645523
 30
0.0
 11
-86.57133779724688
 21
-24.66054639795462
 31
0.0
  0
LINE
  5
79D
330
70
100
AcDbEntity
  8
W-S-A v1_4_ANYTOOL_CUTTHROUGH_OUTSI
100
AcDbLine
 10
-86.09415229809178
 20
-24.56499287542383
 30
0.0
 11
-86.09932529963275
 21
-24.55732771400793
 31
0.0
  0
LINE
  5
79E
330
70
100
AcDbEntity
  8
W-S-A v1_4_ANYTOOL_CUTTHROUGH_OUTSI
100
AcDbLine
 10
-86.08028038549191
 20
-24.58900489676023
 30
0.0
 11
-86.08462403962846
 21
-24.58084111618893
 31
0.0
  0
LINE
  5
79F
330
70
100
AcDbEntity
  8
W-S-A v1_4_ANYTOOL_CUTTHROUGH_OUTSI
100
AcDbLine
 10
-86.54031904200818
 20
-24.70248010933663
 30
0.0
 11
-86.53846595389127
 21
-24.70341433172953
 31
0.0
  0
LINE
  5
7A0
330
70
100
AcDbEntity
  8
W-S-A v1_4_ANYTOOL_CUTTHROUGH_OUTSI
100
AcDbLine
 10
-86.56297454810255
 20
-24.68164053306913
 30
0.0
 11
-86.56182859328225
 21
-24.68337070490963
 31
0.0
  0
LINE
  5
7A1
330
70
100
AcDbEntity
  8
W-S-A v1_4_ANYTOOL_CUTTHROUGH_OUTSI
100
AcDbLine
 10
-86.07210313715484
 20
-24.68506021185203
 30
0.0
 11
-86.07089803411348
 21
-24.68337070490983
 31
0.0
  0
LINE
  5
7A2
330
70
100
AcDbEntity
  8
W-S-A v1_4_ANYTOOL_CUTTHROUGH_OUTSI
100
AcDbLine
 10
-86.54904035607001
 20
-24.69688109463852
 30
0.0
 11
-86.54737567922616
 21
-24.69812027099953
 31
0.0
  0
LINE
  5
7A3
330
70
100
AcDbEntity
  8
W-S-A v1_4_ANYTOOL_CUTTHROUGH_OUTSI
100
AcDbLine
 10
-86.06582821354793
 20
-24.62302382366643
 30
0.0
 11
-86.06899372678388
 21
-24.61433508552862
 31
0.0
  0
LINE
  5
7A4
330
70
100
AcDbEntity
  8
W-S-A v1_4_ANYTOOL_CUTTHROUGH_OUTSI
100
AcDbLine
 10
-86.57083549370755
 20
-25.90293186417313
 30
0.0
 11
-86.57126923468283
 21
-25.90090243671333
 31
0.0
  0
LINE
  5
7A5
330
70
100
AcDbEntity
  8
W-S-A v1_4_ANYTOOL_CUTTHROUGH_OUTSI
100
AcDbLine
 10
-86.55066118335716
 20
-24.69558509079843
 30
0.0
 11
-86.54904035607001
 21
-24.69688109463852
 31
0.0
  0
LINE
  5
7A6
330
70
100
AcDbEntity
  8
W-S-A v1_4_ANYTOOL_CUTTHROUGH_OUTSI
100
AcDbLine
 10
-86.51632336744098
 20
-26.00327802358743
 30
0.0
 11
-86.52226906882409
 21
-25.99619541957913
 31
0.0
  0
LINE
  5
7A7
330
70
100
AcDbEntity
  8
W-S-A v1_4_ANYTOOL_CUTTHROUGH_OUTSI
100
AcDbLine
 10
-86.56604417764487
 20
-24.67622695465972
 30
0.0
 11
-86.56508360182225
 21
-24.67806652013484
 31
0.0
  0
LINE
  5
7A8
330
70
100
AcDbEntity
  8
W-S-A v1_4_ANYTOOL_CUTTHROUGH_OUTSI
100
AcDbLine
 10
-86.54737567922616
 20
-24.69812027099953
 30
0.0
 11
-86.54566914429095
 21
-24.69930113744553
 31
0.0
  0
LINE
  5
7A9
330
70
100
AcDbEntity
  8
W-S-A v1_4_ANYTOOL_CUTTHROUGH_OUTSI
100
AcDbLine
 10
-86.56026615957546
 20
-25.93299530332253
 30
0.0
 11
-86.56373290061186
 21
-25.92442230203582
 31
0.0
  0
LINE
  5
7AA
330
70
100
AcDbEntity
  8
W-S-A v1_4_ANYTOOL_CUTTHROUGH_OUTSI
100
AcDbLine
 10
-86.55804167522537
 20
-24.68830919742793
 30
0.0
 11
-86.55666805189582
 21
-24.68986478927563
 31
0.0
  0
LINE
  5
7AB
330
70
100
AcDbEntity
  8
W-S-A v1_4_ANYTOOL_CUTTHROUGH_OUTSI
100
AcDbLine
 10
-86.07622421512436
 20
-24.59731525935293
 30
0.0
 11
-86.08028038549191
 21
-24.58900489676023
 31
0.0
  0
LINE
  5
7AC
330
70
100
AcDbEntity
  8
W-S-A v1_4_ANYTOOL_CUTTHROUGH_OUTSI
100
AcDbLine
 10
-86.53846595389127
 20
-24.70341433172953
 30
0.0
 11
-86.53658166645458
 21
-24.70428391088282
 31
0.0
  0
LINE
  5
7AD
330
70
100
AcDbEntity
  8
W-S-A v1_4_ANYTOOL_CUTTHROUGH_OUTSI
100
AcDbLine
 10
-86.08880383459064
 20
-24.70042228129712
 30
0.0
 11
-86.08705748310478
 21
-24.69930113744553
 31
0.0
  0
LINE
  5
7AE
330
70
100
AcDbEntity
  8
W-S-A v1_4_ANYTOOL_CUTTHROUGH_OUTSI
100
AcDbLine
 10
-86.10797736726366
 20
-25.83066620351763
 30
0.0
 11
-86.10595433718122
 21
-25.83112886574223
 31
0.0
  0
LINE
  5
7AF
330
70
100
AcDbEntity
  8
W-S-A v1_4_ANYTOOL_CUTTHROUGH_OUTSI
100
AcDbLine
 10
-86.09805819351064
 20
-25.83366958105222
 30
0.0
 11
-86.09614496094115
 21
-25.83447347668172
 31
0.0
  0
LINE
  5
7B0
330
70
100
AcDbEntity
  8
W-S-A v1_4_ANYTOOL_CUTTHROUGH_OUTSI
100
AcDbLine
 10
-86.55524145393988
 20
-24.69137194730323
 30
0.0
 11
-86.55376358800706
 21
-24.69282886848603
 31
0.0
  0
LINE
  5
7B1
330
70
100
AcDbEntity
  8
W-S-A v1_4_ANYTOOL_CUTTHROUGH_OUTSI
100
AcDbLine
 10
-86.06239479790724
 20
-24.63381230969122
 30
0.0
 11
-86.06296778283264
 21
-24.63181771817333
 31
0.0
  0
LINE
  5
7B2
330
70
100
AcDbEntity
  8
W-S-A v1_4_ANYTOOL_CUTTHROUGH_OUTSI
100
AcDbLine
 10
-86.24779338492938
 20
-24.45340376362683
 30
0.0
 11
-86.25676624971797
 21
-24.45116717203242
 31
0.0
  0
LINE
  5
7B3
330
70
100
AcDbEntity
  8
W-S-A v1_4_ANYTOOL_CUTTHROUGH_OUTSI
100
AcDbLine
 10
-86.06189113368825
 20
-24.63582552339143
 30
0.0
 11
-86.06239479790724
 21
-24.63381230969122
 31
0.0
  0
LINE
  5
7B4
330
70
100
AcDbEntity
  8
W-S-A v1_4_ANYTOOL_CUTTHROUGH_OUTSI
100
AcDbLine
 10
-86.11619293741014
 20
-25.82952220774862
 30
0.0
 11
-86.11412543091303
 21
-25.82970143925422
 31
0.0
  0
LINE
  5
7B5
330
70
100
AcDbEntity
  8
W-S-A v1_4_ANYTOOL_CUTTHROUGH_OUTSI
100
AcDbLine
 10
-86.09999808239837
 20
-24.70582505691184
 30
0.0
 11
-86.09805819351064
 21
-24.70508780651242
 31
0.0
  0
LINE
  5
7B6
330
70
100
AcDbEntity
  8
W-S-A v1_4_ANYTOOL_CUTTHROUGH_OUTSI
100
AcDbLine
 10
-86.55223622207973
 20
-24.69423380989843
 30
0.0
 11
-86.55066118335716
 21
-24.69558509079843
 31
0.0
  0
LINE
  5
7B7
330
70
100
AcDbEntity
  8
W-S-A v1_4_ANYTOOL_CUTTHROUGH_OUTSI
100
AcDbLine
 10
-86.06145739271282
 20
-24.63785495085123
 30
0.0
 11
-86.06189113368825
 21
-24.63582552339143
 31
0.0
  0
LINE
  5
7B8
330
70
100
AcDbEntity
  8
W-S-A v1_4_ANYTOOL_CUTTHROUGH_OUTSI
100
AcDbLine
 10
-86.09240758538755
 20
-25.83627727822794
 30
0.0
 11
-86.09058791345384
 21
-25.83727502624322
 31
0.0
  0
LINE
  5
7B9
330
70
100
AcDbEntity
  8
W-S-A v1_4_ANYTOOL_CUTTHROUGH_OUTSI
100
AcDbLine
 10
-86.08924988816346
 20
-24.57283385886783
 30
0.0
 11
-86.09415229809178
 21
-24.56499287542383
 31
0.0
  0
LINE
  5
7BA
330
70
100
AcDbEntity
  8
W-S-A v1_4_ANYTOOL_CUTTHROUGH_OUTSI
100
AcDbLine
 10
-86.11640325995473
 20
-26.00327802358743
 30
0.0
 11
-86.12259245742768
 21
-26.01014886626623
 31
0.0
  0
LINE
  5
7BB
330
70
100
AcDbEntity
  8
W-S-A v1_4_ANYTOOL_CUTTHROUGH_OUTSI
100
AcDbLine
 10
-86.11826540549518
 20
-25.82941458300693
 30
0.0
 11
-86.11619293741014
 21
-25.82952220774862
 31
0.0
  0
LINE
  5
7BC
330
70
100
AcDbEntity
  8
W-S-A v1_4_ANYTOOL_CUTTHROUGH_OUTSI
100
AcDbLine
 10
-86.11206535937737
 20
-25.82995206310783
 30
0.0
 11
-86.11001518728219
 21
-25.83027377948623
 31
0.0
  0
LINE
  5
7BD
330
70
100
AcDbEntity
  8
W-S-A v1_4_ANYTOOL_CUTTHROUGH_OUTSI
100
AcDbLine
 10
-86.57238015991786
 20
-24.65023505640183
 30
0.0
 11
-86.57231465918274
 21
-24.65230928317393
 31
0.0
  0
LINE
  5
7BE
330
70
100
AcDbEntity
  8
W-S-A v1_4_ANYTOOL_CUTTHROUGH_OUTSI
100
AcDbLine
 10
-86.10196230690075
 20
-25.83226260746173
 30
0.0
 11
-86.09999808239837
 21
-25.83293233065282
 31
0.0
  0
LINE
  5
7BF
330
70
100
AcDbEntity
  8
W-S-A v1_4_ANYTOOL_CUTTHROUGH_OUTSI
100
AcDbLine
 10
-86.56853654564496
 20
-24.67052453776223
 30
0.0
 11
-86.56777168287007
 21
-24.67245370649083
 31
0.0
  0
LINE
  5
7C0
330
70
100
AcDbEntity
  8
W-S-A v1_4_ANYTOOL_CUTTHROUGH_OUTSI
100
AcDbLine
 10
-86.57091632797316
 20
-24.66257840944563
 30
0.0
 11
-86.57042483875317
 21
-24.66459463001762
 31
0.0
  0
LINE
  5
7C1
330
70
100
AcDbEntity
  8
W-S-A v1_4_ANYTOOL_CUTTHROUGH_OUTSI
100
AcDbLine
 10
-86.06043077192436
 20
-24.64608601207743
 30
0.0
 11
-86.06058047625213
 21
-24.64401615805782
 31
0.0
  0
LINE
  5
7C2
330
70
100
AcDbEntity
  8
W-S-A v1_4_ANYTOOL_CUTTHROUGH_OUTSI
100
AcDbLine
 10
-86.57133779724688
 20
-24.66054639795462
 30
0.0
 11
-86.57091632797316
 21
-24.66257840944563
 31
0.0
  0
LINE
  5
7C3
330
70
100
AcDbEntity
  8
W-S-A v1_4_ANYTOOL_CUTTHROUGH_OUTSI
100
AcDbLine
 10
-86.10595433718122
 20
-25.83112886574223
 30
0.0
 11
-86.10394851720112
 21
-25.83166121267383
 31
0.0
  0
LINE
  5
7C4
330
70
100
AcDbEntity
  8
W-S-A v1_4_ANYTOOL_CUTTHROUGH_OUTSI
100
AcDbLine
 10
-86.06035273788206
 20
-24.64815980515691
 30
0.0
 11
-86.06043077192436
 21
-24.64608601207743
 31
0.0
  0
LINE
  5
7C5
330
70
100
AcDbEntity
  8
W-S-A v1_4_ANYTOOL_CUTTHROUGH_OUTSI
100
AcDbLine
 10
-86.56923423542515
 20
-24.66857007210143
 30
0.0
 11
-86.56853654564496
 21
-24.67052453776223
 31
0.0
  0
LINE
  5
7C6
330
70
100
AcDbEntity
  8
W-S-A v1_4_ANYTOOL_CUTTHROUGH_OUTSI
100
AcDbLine
 10
-86.12034035585878
 20
-25.82937869378153
 30
0.0
 11
-86.11826540549518
 21
-25.82941458300693
 31
0.0
  0
LINE
  5
7C7
330
70
100
AcDbEntity
  8
W-S-A v1_4_ANYTOOL_CUTTHROUGH_OUTSI
100
AcDbLine
 10
-86.09999808239837
 20
-25.83293233065282
 30
0.0
 11
-86.09805819351064
 21
-25.83366958105222
 31
0.0
  0
LINE
  5
7C8
330
70
100
AcDbEntity
  8
W-S-A v1_4_ANYTOOL_CUTTHROUGH_OUTSI
100
AcDbLine
 10
-86.06103788502819
 20
-24.65850102645532
 30
0.0
 11
-86.06075788389883
 21
-24.65644474184082
 31
0.0
  0
LINE
  5
7C9
330
70
100
AcDbEntity
  8
W-S-A v1_4_ANYTOOL_CUTTHROUGH_OUTSI
100
AcDbLine
 10
-86.09426067350446
 20
-25.83534305583493
 30
0.0
 11
-86.09240758538755
 21
-25.83627727822794
 31
0.0
  0
LINE
  5
7CA
330
70
100
AcDbEntity
  8
W-S-A v1_4_ANYTOOL_CUTTHROUGH_OUTSI
100
AcDbLine
 10
-86.57217746566718
 20
-24.65438000405993
 30
0.0
 11
-86.57196874349676
 21
-24.65644474184073
 31
0.0
  0
ENDSEC
  0
SECTION
  2
OBJECTS
  0
DICTIONARY
  5
C
330
0
100
AcDbDictionary
281
     1
  3
ACAD_COLOR
350
63
  3
ACAD_DETAILVIEWSTYLE
350
6A
  3
ACAD_GROUP
350
D
  3
ACAD_LAYOUT
350
62
  3
ACAD_MATERIAL
350
10
  3
ACAD_MLEADERSTYLE
350
66
  3
ACAD_MLINESTYLE
350
5F
  3
ACAD_PLOTSETTINGS
350
61
  3
ACAD_PLOTSTYLENAME
350
E
  3
ACAD_SCALELIST
350
42
  3
ACAD_SECTIONVIEWSTYLE
350
68
  3
ACAD_TABLESTYLE
350
64
  3
ACAD_VISUALSTYLE
350
29
  3
ACDB_RECOMPOSE_DATA
350
7D3
  3
AcDbVariableDictionary
350
7CB
  0
DICTIONARY
  5
63
102
{ACAD_REACTORS
330
C
102
}
330
C
100
AcDbDictionary
281
     1
  0
DICTIONARY
  5
6A
102
{ACAD_REACTORS
330
C
102
}
330
C
100
AcDbDictionary
281
     1
  3
Imperial24
350
6B
  0
DICTIONARY
  5
D
102
{ACAD_REACTORS
330
C
102
}
330
C
100
AcDbDictionary
281
     1
  0
DICTIONARY
  5
62
102
{ACAD_REACTORS
330
C
102
}
330
C
100
AcDbDictionary
281
     1
  3
Layout1
350
6F
  3
Layout2
350
77
  3
Model
350
73
  0
DICTIONARY
  5
10
102
{ACAD_REACTORS
330
C
102
}
330
C
100
AcDbDictionary
281
     1
  3
ByBlock
350
19
  3
ByLayer
350
11
  3
Global
350
21
  0
DICTIONARY
  5
66
102
{ACAD_REACTORS
330
C
102
}
330
C
100
AcDbDictionary
281
     1
  3
Standard
350
67
  0
DICTIONARY
  5
5F
102
{ACAD_REACTORS
330
C
102
}
330
C
100
AcDbDictionary
281
     1
  3
Standard
350
60
  0
DICTIONARY
  5
61
102
{ACAD_REACTORS
330
C
102
}
330
C
100
AcDbDictionary
281
     1
  0
ACDBDICTIONARYWDFLT
  5
E
102
{ACAD_REACTORS
330
C
102
}
330
C
100
AcDbDictionary
281
     1
  3
Normal
350
F
100
AcDbDictionaryWithDefault
340
F
  0
DICTIONARY
  5
42
102
{ACAD_REACTORS
330
C
102
}
330
C
100
AcDbDictionary
281
     1
  3
A0
350
43
  3
A1
350
44
  3
A2
350
45
  3
A3
350
46
  3
A4
350
47
  3
A5
350
48
  3
A6
350
49
  3
A7
350
4A
  3
A8
350
4B
  3
A9
350
4C
  3
B0
350
4D
  3
B1
350
4E
  3
B2
350
4F
  3
B3
350
50
  3
B4
350
51
  3
B5
350
52
  3
B6
350
53
  0
DICTIONARY
  5
68
102
{ACAD_REACTORS
330
C
102
}
330
C
100
AcDbDictionary
281
     1
  3
Imperial24
350
69
  0
DICTIONARY
  5
64
102
{ACAD_REACTORS
330
C
102
}
330
C
100
AcDbDictionary
281
     1
  3
Standard
350
65
  0
DICTIONARY
  5
29
102
{ACAD_REACTORS
330
C
102
}
330
C
100
AcDbDictionary
281
     1
  3
2dWireframe
350
2F
  3
Basic
350
2E
  3
Brighten
350
35
  3
ColorChange
350
39
  3
Conceptual
350
32
  3
Dim
350
34
  3
EdgeColorOff
350
41
  3
Facepattern
350
38
  3
Flat
350
2A
  3
FlatWithEdges
350
2B
  3
Gouraud
350
2C
  3
GouraudWithEdges
350
2D
  3
Hidden
350
31
  3
JitterOff
350
3F
  3
Linepattern
350
37
  3
OverhangOff
350
40
  3
Realistic
350
33
  3
Shaded
350
3E
  3
Shaded with edges
350
3D
  3
Shades of Gray
350
3A
  3
Sketchy
350
3B
  3
Thicken
350
36
  3
Wireframe
350
30
  3
X-Ray
350
3C
  0
XRECORD
  5
7D3
102
{ACAD_REACTORS
330
C
102
}
330
C
100
AcDbXrecord
280
     1
 90
        1
330
65
  0
DICTIONARY
  5
7CB
102
{ACAD_REACTORS
330
C
102
}
330
C
100
AcDbDictionary
281
     1
  3
CANNOSCALE
350
7D0
  3
CMLEADERSTYLE
350
7CD
  3
CTABLESTYLE
350
7CC
  3
CVIEWDETAILSTYLE
350
7CE
  3
CVIEWSECTIONSTYLE
350
7CF
  0
ACDBDETAILVIEWSTYLE
  5
6B
102
{ACAD_XDICTIONARY
360
7D6
102
}
102
{ACAD_REACTORS
330
6A
102
}
330
6A
100
AcDbModelDocViewStyle
 70
     0
  3
Imperial24
290
     0
100
AcDbDetailViewStyle
 70
     0
 71
     0
 90
        3
 71
     1
340
55
 62
   256
 40
0.24
340
0
 62
   256
 40
0.24
300

 40
0.36
280
     3
 71
     2
340
5D
 90
       25
 62
   256
 71
     3
340
55
 62
   256
 40
0.24
 90
        1
 40
0.75
 90
        1
300
%<\AcVar ViewType \f "%tc1">% %<\AcVar ViewDetailId>%\PSCALE %<\AcVar ViewScale \f "%sn">%
 71
     4
340
5D
 90
       25
 62
   256
340
5D
 90
       25
 62
   256
280
     0
  0
LAYOUT
  5
6F
102
{ACAD_REACTORS
330
62
102
}
330
62
100
AcDbPlotSettings
  1

  2

  4

  6

 40
0.0
 41
0.0
 42
0.0
 43
0.0
 44
0.0
 45
0.0
 46
0.0
 47
0.0
 48
0.0
 49
0.0
140
0.0
141
0.0
142
1.0
143
1.0
 70
   688
 72
     0
 73
     0
 74
     5
  7

 75
    16
147
1.0
 76
     0
 77
     2
 78
   300
148
0.0
149
0.0
100
AcDbLayout
  1
Layout1
 70
     1
 71
     1
 10
0.0
 20
0.0
 11
12.0
 21
9.0
 12
0.0
 22
0.0
 32
0.0
 14
0.0
 24
0.0
 34
0.0
 15
0.0
 25
0.0
 35
0.0
146
0.0
 13
0.0
 23
0.0
 33
0.0
 16
1.0
 26
0.0
 36
0.0
 17
0.0
 27
1.0
 37
0.0
 76
     0
330
6C
  0
LAYOUT
  5
77
102
{ACAD_REACTORS
330
62
102
}
330
62
100
AcDbPlotSettings
  1

  2

  4

  6

 40
0.0
 41
0.0
 42
0.0
 43
0.0
 44
0.0
 45
0.0
 46
0.0
 47
0.0
 48
0.0
 49
0.0
140
0.0
141
0.0
142
1.0
143
1.0
 70
   688
 72
     0
 73
     0
 74
     5
  7

 75
    16
147
1.0
 76
     0
 77
     2
 78
   300
148
0.0
149
0.0
100
AcDbLayout
  1
Layout2
 70
     1
 71
     2
 10
0.0
 20
0.0
 11
12.0
 21
9.0
 12
0.0
 22
0.0
 32
0.0
 14
0.0
 24
0.0
 34
0.0
 15
0.0
 25
0.0
 35
0.0
146
0.0
 13
0.0
 23
0.0
 33
0.0
 16
1.0
 26
0.0
 36
0.0
 17
0.0
 27
1.0
 37
0.0
 76
     0
330
74
  0
LAYOUT
  5
73
102
{ACAD_REACTORS
330
62
102
}
330
62
100
AcDbPlotSettings
  1

  2

  4

  6

 40
0.0
 41
0.0
 42
0.0
 43
0.0
 44
0.0
 45
0.0
 46
0.0
 47
0.0
 48
0.0
 49
0.0
140
0.0
141
0.0
142
1.0
143
1.0
 70
  1712
 72
     0
 73
     0
 74
     0
  7

 75
     0
147
1.0
 76
     0
 77
     2
 78
   300
148
0.0
149
0.0
100
AcDbLayout
  1
Model
 70
     1
 71
     0
 10
0.0
 20
0.0
 11
12.0
 21
9.0
 12
0.0
 22
0.0
 32
0.0
 14
0.0
 24
0.0
 34
0.0
 15
0.0
 25
0.0
 35
0.0
146
0.0
 13
0.0
 23
0.0
 33
0.0
 16
1.0
 26
0.0
 36
0.0
 17
0.0
 27
1.0
 37
0.0
 76
     0
330
70
  0
MATERIAL
  5
19
102
{ACAD_XDICTIONARY
360
1A
102
}
102
{ACAD_REACTORS
330
10
102
}
330
10
100
AcDbMaterial
  1
ByBlock
 72
     0
 43
0.0208333333333333
 43
0.0
 43
0.0
 43
0.0
 43
0.0
 43
0.0208333333333333
 43
0.0
 43
0.0
 43
0.0
 43
0.0
 43
1.0
 43
0.0
 43
0.0
 43
0.0
 43
0.0
 43
1.0
 77
     0
 47
0.0208333333333333
 47
0.0
 47
0.0
 47
0.0
 47
0.0
 47
0.0208333333333333
 47
0.0
 47
0.0
 47
0.0
 47
0.0
 47
1.0
 47
0.0
 47
0.0
 47
0.0
 47
0.0
 47
1.0
171
     0
 49
0.0208333333333333
 49
0.0
 49
0.0
 49
0.0
 49
0.0
 49
0.0208333333333333
 49
0.0
 49
0.0
 49
0.0
 49
0.0
 49
1.0
 49
0.0
 49
0.0
 49
0.0
 49
0.0
 49
1.0
175
     0
142
0.0208333333333333
142
0.0
142
0.0
142
0.0
142
0.0
142
0.0208333333333333
142
0.0
142
0.0
142
0.0
142
0.0
142
1.0
142
0.0
142
0.0
142
0.0
142
0.0
142
1.0
179
     0
144
0.0208333333333333
144
0.0
144
0.0
144
0.0
144
0.0
144
0.0208333333333333
144
0.0
144
0.0
144
0.0
144
0.0
144
1.0
144
0.0
144
0.0
144
0.0
144
0.0
144
1.0
147
0.0208333333333333
147
0.0
147
0.0
147
0.0
147
0.0
147
0.0208333333333333
147
0.0
147
0.0
147
0.0
147
0.0
147
1.0
147
0.0
147
0.0
147
0.0
147
0.0
147
1.0
  0
MATERIAL
  5
11
102
{ACAD_XDICTIONARY
360
12
102
}
102
{ACAD_REACTORS
330
10
102
}
330
10
100
AcDbMaterial
  1
ByLayer
 72
     0
 43
0.0208333333333333
 43
0.0
 43
0.0
 43
0.0
 43
0.0
 43
0.0208333333333333
 43
0.0
 43
0.0
 43
0.0
 43
0.0
 43
1.0
 43
0.0
 43
0.0
 43
0.0
 43
0.0
 43
1.0
 77
     0
 47
0.0208333333333333
 47
0.0
 47
0.0
 47
0.0
 47
0.0
 47
0.0208333333333333
 47
0.0
 47
0.0
 47
0.0
 47
0.0
 47
1.0
 47
0.0
 47
0.0
 47
0.0
 47
0.0
 47
1.0
171
     0
 49
0.0208333333333333
 49
0.0
 49
0.0
 49
0.0
 49
0.0
 49
0.0208333333333333
 49
0.0
 49
0.0
 49
0.0
 49
0.0
 49
1.0
 49
0.0
 49
0.0
 49
0.0
 49
0.0
 49
1.0
175
     0
142
0.0208333333333333
142
0.0
142
0.0
142
0.0
142
0.0
142
0.0208333333333333
142
0.0
142
0.0
142
0.0
142
0.0
142
1.0
142
0.0
142
0.0
142
0.0
142
0.0
142
1.0
179
     0
144
0.0208333333333333
144
0.0
144
0.0
144
0.0
144
0.0
144
0.0208333333333333
144
0.0
144
0.0
144
0.0
144
0.0
144
1.0
144
0.0
144
0.0
144
0.0
144
0.0
144
1.0
147
0.0208333333333333
147
0.0
147
0.0
147
0.0
147
0.0
147
0.0208333333333333
147
0.0
147
0.0
147
0.0
147
0.0
147
1.0
147
0.0
147
0.0
147
0.0
147
0.0
147
1.0
  0
MATERIAL
  5
21
102
{ACAD_XDICTIONARY
360
22
102
}
102
{ACAD_REACTORS
330
10
102
}
330
10
100
AcDbMaterial
  1
Global
 72
     0
 43
0.0208333333333333
 43
0.0
 43
0.0
 43
0.0
 43
0.0
 43
0.0208333333333333
 43
0.0
 43
0.0
 43
0.0
 43
0.0
 43
1.0
 43
0.0
 43
0.0
 43
0.0
 43
0.0
 43
1.0
 77
     0
 47
0.0208333333333333
 47
0.0
 47
0.0
 47
0.0
 47
0.0
 47
0.0208333333333333
 47
0.0
 47
0.0
 47
0.0
 47
0.0
 47
1.0
 47
0.0
 47
0.0
 47
0.0
 47
0.0
 47
1.0
171
     0
 49
0.0208333333333333
 49
0.0
 49
0.0
 49
0.0
 49
0.0
 49
0.0208333333333333
 49
0.0
 49
0.0
 49
0.0
 49
0.0
 49
1.0
 49
0.0
 49
0.0
 49
0.0
 49
0.0
 49
1.0
175
     0
142
0.0208333333333333
142
0.0
142
0.0
142
0.0
142
0.0
142
0.0208333333333333
142
0.0
142
0.0
142
0.0
142
0.0
142
1.0
142
0.0
142
0.0
142
0.0
142
0.0
142
1.0
179
     0
144
0.0208333333333333
144
0.0
144
0.0
144
0.0
144
0.0
144
0.0208333333333333
144
0.0
144
0.0
144
0.0
144
0.0
144
1.0
144
0.0
144
0.0
144
0.0
144
0.0
144
1.0
147
0.0208333333333333
147
0.0
147
0.0
147
0.0
147
0.0
147
0.0208333333333333
147
0.0
147
0.0
147
0.0
147
0.0
147
1.0
147
0.0
147
0.0
147
0.0
147
0.0
147
1.0
  0
MLEADERSTYLE
  5
67
102
{ACAD_REACTORS
330
66
102
}
330
66
100
AcDbMLeaderStyle
179
     2
170
     2
171
     1
172
     0
 90
        2
 40
0.0
 41
0.0
173
     1
 91
-1056964608
340
5B
 92
       -2
290
     1
 42
0.09
291
     1
 43
0.36
  3
Standard
 44
0.18
300

342
55
174
     1
178
     6
175
     1
176
     0
 93
-1056964608
 45
0.18
292
     0
297
     0
 46
0.18
 94
-1056964608
 47
1.0
 49
1.0
140
1.0
293
     1
141
0.0
294
     1
177
     0
142
1.0
295
     0
296
     0
143
0.125
271
     0
272
     9
273
     9
298
     1
  0
MLINESTYLE
  5
60
102
{ACAD_REACTORS
330
5F
102
}
330
5F
100
AcDbMlineStyle
  2
STANDARD
 70
     0
  3

 62
   256
 51
90.0
 52
90.0
 71
     2
 49
0.5
 62
   256
  6
BYLAYER
 49
-0.5
 62
   256
  6
BYLAYER
  0
ACDBPLACEHOLDER
  5
F
102
{ACAD_REACTORS
330
E
102
}
330
E
  0
SCALE
  5
43
102
{ACAD_REACTORS
330
42
102
}
330
42
100
AcDbScale
 70
     0
300
1:1
140
1.0
141
1.0
290
     1
  0
SCALE
  5
44
102
{ACAD_REACTORS
330
42
102
}
330
42
100
AcDbScale
 70
     0
300
1/128" = 1'-0"
140
0.0078125
141
12.0
290
     0
  0
SCALE
  5
45
102
{ACAD_REACTORS
330
42
102
}
330
42
100
AcDbScale
 70
     0
300
1/64" = 1'-0"
140
0.015625
141
12.0
290
     0
  0
SCALE
  5
46
102
{ACAD_REACTORS
330
42
102
}
330
42
100
AcDbScale
 70
     0
300
1/32" = 1'-0"
140
0.03125
141
12.0
290
     0
  0
SCALE
  5
47
102
{ACAD_REACTORS
330
42
102
}
330
42
100
AcDbScale
 70
     0
300
1/16" = 1'-0"
140
0.0625
141
12.0
290
     0
  0
SCALE
  5
48
102
{ACAD_REACTORS
330
42
102
}
330
42
100
AcDbScale
 70
     0
300
3/32" = 1'-0"
140
0.09375
141
12.0
290
     0
  0
SCALE
  5
49
102
{ACAD_REACTORS
330
42
102
}
330
42
100
AcDbScale
 70
     0
300
1/8" = 1'-0"
140
0.125
141
12.0
290
     0
  0
SCALE
  5
4A
102
{ACAD_REACTORS
330
42
102
}
330
42
100
AcDbScale
 70
     0
300
3/16" = 1'-0"
140
0.1875
141
12.0
290
     0
  0
SCALE
  5
4B
102
{ACAD_REACTORS
330
42
102
}
330
42
100
AcDbScale
 70
     0
300
1/4" = 1'-0"
140
0.25
141
12.0
290
     0
  0
SCALE
  5
4C
102
{ACAD_REACTORS
330
42
102
}
330
42
100
AcDbScale
 70
     0
300
3/8" = 1'-0"
140
0.375
141
12.0
290
     0
  0
SCALE
  5
4D
102
{ACAD_REACTORS
330
42
102
}
330
42
100
AcDbScale
 70
     0
300
1/2" = 1'-0"
140
0.5
141
12.0
290
     0
  0
SCALE
  5
4E
102
{ACAD_REACTORS
330
42
102
}
330
42
100
AcDbScale
 70
     0
300
3/4" = 1'-0"
140
0.75
141
12.0
290
     0
  0
SCALE
  5
4F
102
{ACAD_REACTORS
330
42
102
}
330
42
100
AcDbScale
 70
     0
300
1" = 1'-0"
140
1.0
141
12.0
290
     0
  0
SCALE
  5
50
102
{ACAD_REACTORS
330
42
102
}
330
42
100
AcDbScale
 70
     0
300
1-1/2" = 1'-0"
140
1.5
141
12.0
290
     0
  0
SCALE
  5
51
102
{ACAD_REACTORS
330
42
102
}
330
42
100
AcDbScale
 70
     0
300
3" = 1'-0"
140
3.0
141
12.0
290
     0
  0
SCALE
  5
52
102
{ACAD_REACTORS
330
42
102
}
330
42
100
AcDbScale
 70
     0
300
6" = 1'-0"
140
6.0
141
12.0
290
     0
  0
SCALE
  5
53
102
{ACAD_REACTORS
330
42
102
}
330
42
100
AcDbScale
 70
     0
300
1'-0" = 1'-0"
140
12.0
141
12.0
290
     0
  0
ACDBSECTIONVIEWSTYLE
  5
69
102
{ACAD_XDICTIONARY
360
7D4
102
}
102
{ACAD_REACTORS
330
68
102
}
330
68
100
AcDbModelDocViewStyle
 70
     0
  3
Imperial24
290
     0
100
AcDbSectionViewStyle
 70
     0
 71
     0
 90
       78
 71
     1
340
55
 62
   256
 40
0.24
340
0
340
0
 62
   256
 40
0.24
300
I, O, Q, S, X, Z
 40
0.48
 90
        3
 40
0.18
 90
        1
 71
     2
340
5D
 90
       25
 62
   256
340
5D
 90
       50
 62
   256
 40
0.24
 40
0.0
 40
0.24
 71
     3
340
55
 62
   256
 40
0.24
 90
        1
 40
0.75
 90
        1
300
%<\AcVar ViewType \f "%tc1">% %<\AcVar ViewSectionStartId>%-%<\AcVar ViewSectionEndId>%\PSCALE %<\AcVar ViewScale \f "%sn">%
 71
     4
 62
   256
 62
   257
300
ANSI31
 40
1.0
 90
        0
290
     0
290
     0
 90
        6
 40
0.0
 40
1.570796326794896
 40
0.2617993877991494
 40
1.308996938995747
 40
-0.2617993877991494
 40
1.832595714594046
  0
TABLESTYLE
  5
65
102
{ACAD_XDICTIONARY
360
7D1
102
}
102
{ACAD_REACTORS
330
64
102
}
330
64
100
AcDbTableStyle
280
     0
  3
Standard
 70
     0
 71
     0
 40
0.06
 41
0.06
280
     0
281
     0
  7
Standard
140
0.18
170
     2
 62
     0
 63
     7
283
     0
 90
      512
 91
        0
  1

274
    -2
284
     1
 64
     0
275
    -2
285
     1
 65
     0
276
    -2
286
     1
 66
     0
277
    -2
287
     1
 67
     0
278
    -2
288
     1
 68
     0
279
    -2
289
     1
 69
     0
  7
Standard
140
0.25
170
     5
 62
     0
 63
     7
283
     0
 90
      512
 91
        0
  1

274
    -2
284
     1
 64
     0
275
    -2
285
     1
 65
     0
276
    -2
286
     1
 66
     0
277
    -2
287
     1
 67
     0
278
    -2
288
     1
 68
     0
279
    -2
289
     1
 69
     0
  7
Standard
140
0.18
170
     5
 62
     0
 63
     7
283
     0
 90
      512
 91
        0
  1

274
    -2
284
     1
 64
     0
275
    -2
285
     1
 65
     0
276
    -2
286
     1
 66
     0
277
    -2
287
     1
 67
     0
278
    -2
288
     1
 68
     0
279
    -2
289
     1
 69
     0
  0
VISUALSTYLE
  5
2F
102
{ACAD_REACTORS
330
29
102
}
330
29
100
AcDbVisualStyle
  2
2dWireframe
 70
     4
177
     3
291
     0
 70
    58
 90
        0
176
     1
 90
        2
176
     1
 90
        0
176
     1
 90
        0
176
     1
 40
0.6
176
     1
 40
30.0
176
     1
 62
     7
420
 16777215
176
     1
 90
        1
176
     1
 90
        4
176
     1
 62
     7
176
     1
 62
   257
176
     1
 90
        1
176
     1
 90
        1
176
     1
 40
1.0
176
     1
 90
        0
176
     1
 62
   257
176
     1
 40
1.0
176
     1
 90
        1
176
     1
 90
        6
176
     1
 90
        2
176
     1
 62
     7
176
     1
 90
        5
176
     1
 90
        0
176
     1
 90
        0
176
     1
290
     0
176
     1
 90
        1
176
     1
 40
0.0
176
     1
 90
        0
176
     1
290
     1
176
     1
290
     1
176
     1
290
     0
176
     1
290
     0
176
     1
290
     0
176
     1
290
     0
176
     1
290
     0
176
     1
290
     0
176
     1
290
     0
176
     1
 90
       50
176
     1
 40
0.0
176
     1
 40
1.0
176
     1
 90
        0
176
     1
 62
    18
420
        0
176
     1
 90
       50
176
     1
 90
        3
176
     1
 62
     5
420
      255
176
     1
290
     0
176
     1
 90
       50
176
     1
 90
       50
176
     1
 90
       50
176
     1
290
     0
176
     1
 90
       50
176
     1
 62
   256
176
     0
 40
1.0
176
     0
 90
        2
176
     1
  1
strokes_ogs.tif
176
     1
290
     0
176
     1
 40
1.0
176
     1
 40
1.0
176
     1
1001
ACAD
1000
AcDbSavedByObjectVersion
1070
     0
  0
VISUALSTYLE
  5
2E
102
{ACAD_REACTORS
330
29
102
}
330
29
100
AcDbVisualStyle
  2
Basic
 70
     7
177
     3
291
     1
 70
    58
 90
        1
176
     1
 90
        0
176
     1
 90
        1
176
     1
 90
        0
176
     1
 40
0.6
176
     1
 40
30.0
176
     1
 62
     7
420
 16777215
176
     1
 90
        0
176
     1
 90
        4
176
     1
 62
     7
176
     1
 62
   257
176
     1
 90
        1
176
     1
 90
        1
176
     1
 40
1.0
176
     1
 90
        8
176
     1
 62
     7
176
     1
 40
1.0
176
     1
 90
        1
176
     1
 90
        6
176
     1
 90
        2
176
     1
 62
     7
176
     1
 90
        5
176
     1
 90
        0
176
     1
 90
        0
176
     1
290
     0
176
     1
 90
        1
176
     1
 40
0.0
176
     1
 90
        0
176
     1
290
     0
176
     1
290
     1
176
     1
290
     1
176
     1
290
     0
176
     1
290
     0
176
     1
290
     0
176
     1
290
     0
176
     1
290
     0
176
     1
290
     0
176
     1
 90
       50
176
     1
 40
0.0
176
     1
 40
1.0
176
     1
 90
        0
176
     1
 62
    18
420
        0
176
     1
 90
       50
176
     1
 90
        3
176
     1
 62
     5
420
      255
176
     1
290
     0
176
     1
 90
       50
176
     1
 90
       50
176
     1
 90
       50
176
     1
290
     0
176
     1
 90
       50
176
     1
 62
   256
176
     0
 40
1.0
176
     0
 90
        2
176
     1
  1
strokes_ogs.tif
176
     1
290
     0
176
     1
 40
1.0
176
     1
 40
1.0
176
     1
1001
ACAD
1000
AcDbSavedByObjectVersion
1070
     0
  0
VISUALSTYLE
  5
35
102
{ACAD_REACTORS
330
29
102
}
330
29
100
AcDbVisualStyle
  2
Brighten
 70
    12
177
     3
291
     1
 70
    58
 90
        2
176
     1
 90
        2
176
     1
 90
        0
176
     1
 90
        0
176
     1
 40
0.6
176
     1
 40
30.0
176
     1
 62
     7
420
 16777215
176
     1
 90
        1
176
     1
 90
        4
176
     1
 62
     7
176
     1
 62
   257
176
     1
 90
        1
176
     1
 90
        1
176
     1
 40
1.0
176
     1
 90
        8
176
     1
 62
     7
176
     1
 40
1.0
176
     1
 90
        1
176
     1
 90
        6
176
     1
 90
        2
176
     1
 62
     7
176
     1
 90
        5
176
     1
 90
        0
176
     1
 90
        0
176
     1
290
     0
176
     1
 90
        1
176
     1
 40
50.0
176
     1
 90
        0
176
     1
290
     0
176
     1
290
     1
176
     1
290
     1
176
     1
290
     0
176
     1
290
     0
176
     1
290
     0
176
     1
290
     0
176
     1
290
     0
176
     1
290
     0
176
     1
 90
       50
176
     1
 40
0.0
176
     1
 40
1.0
176
     1
 90
        0
176
     1
 62
    18
420
        0
176
     1
 90
       50
176
     1
 90
        3
176
     1
 62
     5
420
      255
176
     1
290
     0
176
     1
 90
       50
176
     1
 90
       50
176
     1
 90
       50
176
     1
290
     0
176
     1
 90
       50
176
     1
 62
   256
176
     0
 40
1.0
176
     0
 90
        2
176
     1
  1
strokes_ogs.tif
176
     1
290
     0
176
     1
 40
1.0
176
     1
 40
1.0
176
     1
1001
ACAD
1000
AcDbSavedByObjectVersion
1070
     0
  0
VISUALSTYLE
  5
39
102
{ACAD_REACTORS
330
29
102
}
330
29
100
AcDbVisualStyle
  2
ColorChange
 70
    16
177
     3
291
     1
 70
    58
 90
        2
176
     1
 90
        2
176
     1
 90
        3
176
     1
 90
        0
176
     1
 40
0.6
176
     1
 40
30.0
176
     1
 62
     8
420
  8421504
176
     1
 90
        1
176
     1
 90
        4
176
     1
 62
     7
176
     1
 62
   257
176
     1
 90
        1
176
     1
 90
        1
176
     1
 40
1.0
176
     1
 90
        8
176
     1
 62
     8
420
  8421504
176
     1
 40
1.0
176
     1
 90
        1
176
     1
 90
        6
176
     1
 90
        2
176
     1
 62
     7
176
     1
 90
        5
176
     1
 90
        0
176
     1
 90
        0
176
     1
290
     0
176
     1
 90
        1
176
     1
 40
0.0
176
     1
 90
        0
176
     1
290
     0
176
     1
290
     1
176
     1
290
     1
176
     1
290
     0
176
     1
290
     0
176
     1
290
     0
176
     1
290
     0
176
     1
290
     0
176
     1
290
     0
176
     1
 90
       50
176
     1
 40
0.0
176
     1
 40
1.0
176
     1
 90
        0
176
     1
 62
    18
420
        0
176
     1
 90
       50
176
     1
 90
        3
176
     1
 62
     5
420
      255
176
     1
290
     0
176
     1
 90
       50
176
     1
 90
       50
176
     1
 90
       50
176
     1
290
     0
176
     1
 90
       50
176
     1
 62
   256
176
     0
 40
1.0
176
     0
 90
        2
176
     1
  1
strokes_ogs.tif
176
     1
290
     0
176
     1
 40
1.0
176
     1
 40
1.0
176
     1
1001
ACAD
1000
AcDbSavedByObjectVersion
1070
     0
  0
VISUALSTYLE
  5
32
102
{ACAD_REACTORS
330
29
102
}
330
29
100
AcDbVisualStyle
  2
Conceptual
 70
     9
177
     3
291
     0
 70
    58
 90
        3
176
     1
 90
        2
176
     1
 90
        0
176
     1
 90
        0
176
     1
 40
0.6
176
     1
 40
30.0
176
     1
 62
     7
420
 16777215
176
     1
 90
        2
176
     1
 90
        2
176
     1
 62
     7
176
     1
 62
   257
176
     1
 90
        1
176
     1
 90
        1
176
     1
 40
179.0
176
     1
 90
        8
176
     1
 62
     7
176
     1
 40
1.0
176
     1
 90
        1
176
     1
 90
        6
176
     1
 90
        2
176
     1
 62
     7
176
     1
 90
        3
176
     1
 90
        0
176
     1
 90
        0
176
     1
290
     0
176
     1
 90
        1
176
     1
 40
0.0
176
     1
 90
        0
176
     1
290
     0
176
     1
290
     1
176
     1
290
     1
176
     1
290
     0
176
     1
290
     0
176
     1
290
     0
176
     1
290
     0
176
     1
290
     0
176
     1
290
     0
176
     1
 90
       50
176
     1
 40
0.0
176
     1
 40
1.0
176
     1
 90
        0
176
     1
 62
    18
420
        0
176
     1
 90
       50
176
     1
 90
        3
176
     1
 62
     5
420
      255
176
     1
290
     0
176
     1
 90
       50
176
     1
 90
       50
176
     1
 90
       50
176
     1
290
     0
176
     1
 90
       50
176
     1
 62
   256
176
     0
 40
1.0
176
     0
 90
        2
176
     1
  1
strokes_ogs.tif
176
     1
290
     0
176
     1
 40
1.0
176
     1
 40
1.0
176
     1
1001
ACAD
1000
AcDbSavedByObjectVersion
1070
     0
  0
VISUALSTYLE
  5
34
102
{ACAD_REACTORS
330
29
102
}
330
29
100
AcDbVisualStyle
  2
Dim
 70
    11
177
     3
291
     1
 70
    58
 90
        2
176
     1
 90
        2
176
     1
 90
        0
176
     1
 90
        0
176
     1
 40
0.6
176
     1
 40
30.0
176
     1
 62
     7
420
 16777215
176
     1
 90
        1
176
     1
 90
        4
176
     1
 62
     7
176
     1
 62
   257
176
     1
 90
        1
176
     1
 90
        1
176
     1
 40
1.0
176
     1
 90
        8
176
     1
 62
     7
176
     1
 40
1.0
176
     1
 90
        1
176
     1
 90
        6
176
     1
 90
        2
176
     1
 62
     7
176
     1
 90
        5
176
     1
 90
        0
176
     1
 90
        0
176
     1
290
     0
176
     1
 90
        1
176
     1
 40
-50.0
176
     1
 90
        0
176
     1
290
     0
176
     1
290
     1
176
     1
290
     1
176
     1
290
     0
176
     1
290
     0
176
     1
290
     0
176
     1
290
     0
176
     1
290
     0
176
     1
290
     0
176
     1
 90
       50
176
     1
 40
0.0
176
     1
 40
1.0
176
     1
 90
        0
176
     1
 62
    18
420
        0
176
     1
 90
       50
176
     1
 90
        3
176
     1
 62
     5
420
      255
176
     1
290
     0
176
     1
 90
       50
176
     1
 90
       50
176
     1
 90
       50
176
     1
290
     0
176
     1
 90
       50
176
     1
 62
   256
176
     0
 40
1.0
176
     0
 90
        2
176
     1
  1
strokes_ogs.tif
176
     1
290
     0
176
     1
 40
1.0
176
     1
 40
1.0
176
     1
1001
ACAD
1000
AcDbSavedByObjectVersion
1070
     0
  0
VISUALSTYLE
  5
41
102
{ACAD_REACTORS
330
29
102
}
330
29
100
AcDbVisualStyle
  2
EdgeColorOff
 70
    22
177
     3
291
     1
 70
    58
 90
        2
176
     0
 90
        2
176
     0
 90
        0
176
     0
 90
        0
176
     0
 40
0.6
176
     0
 40
30.0
176
     0
 62
     7
420
 16777215
176
     0
 90
        1
176
     0
 90
        4
176
     0
 62
     7
176
     0
 62
   257
176
     0
 90
        1
176
     0
 90
        1
176
     0
 40
1.0
176
     0
 90
        8
176
     2
 62
     7
176
     0
 40
1.0
176
     0
 90
        1
176
     0
 90
        6
176
     0
 90
        2
176
     0
 62
     7
176
     0
 90
        5
176
     0
 90
        0
176
     0
 90
        0
176
     0
290
     0
176
     0
 90
        1
176
     0
 40
0.0
176
     0
 90
        0
176
     0
290
     0
176
     0
290
     1
176
     0
290
     1
176
     0
290
     0
176
     0
290
     0
176
     0
290
     0
176
     0
290
     0
176
     0
290
     0
176
     0
290
     0
176
     0
 90
       50
176
     0
 40
0.0
176
     0
 40
1.0
176
     0
 90
        0
176
     0
 62
    18
420
        0
176
     0
 90
       50
176
     0
 90
        3
176
     0
 62
     5
420
      255
176
     0
290
     0
176
     0
 90
       50
176
     0
 90
       50
176
     0
 90
       50
176
     0
290
     0
176
     0
 90
       50
176
     0
 62
   256
176
     0
 40
1.0
176
     0
 90
        2
176
     0
  1
strokes_ogs.tif
176
     0
290
     0
176
     0
 40
1.0
176
     0
 40
1.0
176
     0
1001
ACAD
1000
AcDbSavedByObjectVersion
1070
     0
  0
VISUALSTYLE
  5
38
102
{ACAD_REACTORS
330
29
102
}
330
29
100
AcDbVisualStyle
  2
Facepattern
 70
    15
177
     3
291
     1
 70
    58
 90
        2
176
     1
 90
        2
176
     1
 90
        0
176
     1
 90
        0
176
     1
 40
0.6
176
     1
 40
30.0
176
     1
 62
     7
420
 16777215
176
     1
 90
        1
176
     1
 90
        4
176
     1
 62
     7
176
     1
 62
   257
176
     1
 90
        1
176
     1
 90
        1
176
     1
 40
1.0
176
     1
 90
        8
176
     1
 62
     7
176
     1
 40
1.0
176
     1
 90
        1
176
     1
 90
        6
176
     1
 90
        2
176
     1
 62
     7
176
     1
 90
        5
176
     1
 90
        0
176
     1
 90
        0
176
     1
290
     0
176
     1
 90
        1
176
     1
 40
0.0
176
     1
 90
        0
176
     1
290
     0
176
     1
290
     1
176
     1
290
     1
176
     1
290
     0
176
     1
290
     0
176
     1
290
     0
176
     1
290
     0
176
     1
290
     0
176
     1
290
     0
176
     1
 90
       50
176
     1
 40
0.0
176
     1
 40
1.0
176
     1
 90
        0
176
     1
 62
    18
420
        0
176
     1
 90
       50
176
     1
 90
        3
176
     1
 62
     5
420
      255
176
     1
290
     0
176
     1
 90
       50
176
     1
 90
       50
176
     1
 90
       50
176
     1
290
     0
176
     1
 90
       50
176
     1
 62
   256
176
     0
 40
1.0
176
     0
 90
        2
176
     1
  1
strokes_ogs.tif
176
     1
290
     0
176
     1
 40
1.0
176
     1
 40
1.0
176
     1
1001
ACAD
1000
AcDbSavedByObjectVersion
1070
     0
  0
VISUALSTYLE
  5
2A
102
{ACAD_REACTORS
330
29
102
}
330
29
100
AcDbVisualStyle
  2
Flat
 70
     0
177
     3
291
     1
 70
    58
 90
        2
176
     1
 90
        1
176
     1
 90
        1
176
     1
 90
        2
176
     1
 40
0.6
176
     1
 40
30.0
176
     1
 62
     7
420
 16777215
176
     1
 90
        0
176
     1
 90
        0
176
     1
 62
     7
176
     1
 62
   257
176
     1
 90
        1
176
     1
 90
        1
176
     1
 40
1.0
176
     1
 90
        8
176
     1
 62
     7
176
     1
 40
1.0
176
     1
 90
        1
176
     1
 90
        6
176
     1
 90
        2
176
     1
 62
     7
176
     1
 90
        5
176
     1
 90
        0
176
     1
 90
        0
176
     1
290
     0
176
     1
 90
       13
176
     1
 40
0.0
176
     1
 90
        0
176
     1
290
     0
176
     1
290
     1
176
     1
290
     1
176
     1
290
     0
176
     1
290
     0
176
     1
290
     0
176
     1
290
     0
176
     1
290
     0
176
     1
290
     0
176
     1
 90
       50
176
     1
 40
0.0
176
     1
 40
1.0
176
     1
 90
        0
176
     1
 62
    18
420
        0
176
     1
 90
       50
176
     1
 90
        3
176
     1
 62
     5
420
      255
176
     1
290
     0
176
     1
 90
       50
176
     1
 90
       50
176
     1
 90
       50
176
     1
290
     0
176
     1
 90
       50
176
     1
 62
   256
176
     0
 40
1.0
176
     0
 90
        2
176
     1
  1
strokes_ogs.tif
176
     1
290
     0
176
     1
 40
1.0
176
     1
 40
1.0
176
     1
1001
ACAD
1000
AcDbSavedByObjectVersion
1070
     0
  0
VISUALSTYLE
  5
2B
102
{ACAD_REACTORS
330
29
102
}
330
29
100
AcDbVisualStyle
  2
FlatWithEdges
 70
     1
177
     3
291
     1
 70
    58
 90
        2
176
     1
 90
        1
176
     1
 90
        1
176
     1
 90
        2
176
     1
 40
0.6
176
     1
 40
30.0
176
     1
 62
     7
420
 16777215
176
     1
 90
        1
176
     1
 90
        0
176
     1
 62
     7
176
     1
 62
   257
176
     1
 90
        1
176
     1
 90
        1
176
     1
 40
1.0
176
     1
 90
        0
176
     1
 62
   257
176
     1
 40
1.0
176
     1
 90
        1
176
     1
 90
        6
176
     1
 90
        2
176
     1
 62
     7
176
     1
 90
        5
176
     1
 90
        0
176
     1
 90
        0
176
     1
290
     0
176
     1
 90
       13
176
     1
 40
0.0
176
     1
 90
        0
176
     1
290
     0
176
     1
290
     1
176
     1
290
     1
176
     1
290
     0
176
     1
290
     0
176
     1
290
     0
176
     1
290
     0
176
     1
290
     0
176
     1
290
     0
176
     1
 90
       50
176
     1
 40
0.0
176
     1
 40
1.0
176
     1
 90
        0
176
     1
 62
    18
420
        0
176
     1
 90
       50
176
     1
 90
        3
176
     1
 62
     5
420
      255
176
     1
290
     0
176
     1
 90
       50
176
     1
 90
       50
176
     1
 90
       50
176
     1
290
     0
176
     1
 90
       50
176
     1
 62
   256
176
     0
 40
1.0
176
     0
 90
        2
176
     1
  1
strokes_ogs.tif
176
     1
290
     0
176
     1
 40
1.0
176
     1
 40
1.0
176
     1
1001
ACAD
1000
AcDbSavedByObjectVersion
1070
     0
  0
VISUALSTYLE
  5
2C
102
{ACAD_REACTORS
330
29
102
}
330
29
100
AcDbVisualStyle
  2
Gouraud
 70
     2
177
     3
291
     1
 70
    58
 90
        2
176
     1
 90
        2
176
     1
 90
        1
176
     1
 90
        2
176
     1
 40
0.6
176
     1
 40
30.0
176
     1
 62
     7
420
 16777215
176
     1
 90
        0
176
     1
 90
        0
176
     1
 62
     7
176
     1
 62
   257
176
     1
 90
        1
176
     1
 90
        1
176
     1
 40
1.0
176
     1
 90
        0
176
     1
 62
     7
176
     1
 40
1.0
176
     1
 90
        1
176
     1
 90
        6
176
     1
 90
        2
176
     1
 62
     7
176
     1
 90
        5
176
     1
 90
        0
176
     1
 90
        0
176
     1
290
     0
176
     1
 90
       13
176
     1
 40
0.0
176
     1
 90
        0
176
     1
290
     0
176
     1
290
     1
176
     1
290
     1
176
     1
290
     0
176
     1
290
     0
176
     1
290
     0
176
     1
290
     0
176
     1
290
     0
176
     1
290
     0
176
     1
 90
       50
176
     1
 40
0.0
176
     1
 40
1.0
176
     1
 90
        0
176
     1
 62
    18
420
        0
176
     1
 90
       50
176
     1
 90
        3
176
     1
 62
     5
420
      255
176
     1
290
     0
176
     1
 90
       50
176
     1
 90
       50
176
     1
 90
       50
176
     1
290
     0
176
     1
 90
       50
176
     1
 62
   256
176
     0
 40
1.0
176
     0
 90
        2
176
     1
  1
strokes_ogs.tif
176
     1
290
     0
176
     1
 40
1.0
176
     1
 40
1.0
176
     1
1001
ACAD
1000
AcDbSavedByObjectVersion
1070
     0
  0
VISUALSTYLE
  5
2D
102
{ACAD_REACTORS
330
29
102
}
330
29
100
AcDbVisualStyle
  2
GouraudWithEdges
 70
     3
177
     3
291
     1
 70
    58
 90
        2
176
     1
 90
        2
176
     1
 90
        1
176
     1
 90
        2
176
     1
 40
0.6
176
     1
 40
30.0
176
     1
 62
     7
420
 16777215
176
     1
 90
        1
176
     1
 90
        0
176
     1
 62
     7
176
     1
 62
   257
176
     1
 90
        1
176
     1
 90
        1
176
     1
 40
1.0
176
     1
 90
        0
176
     1
 62
   257
176
     1
 40
1.0
176
     1
 90
        1
176
     1
 90
        6
176
     1
 90
        2
176
     1
 62
     7
176
     1
 90
        5
176
     1
 90
        0
176
     1
 90
        0
176
     1
290
     0
176
     1
 90
       13
176
     1
 40
0.0
176
     1
 90
        0
176
     1
290
     0
176
     1
290
     1
176
     1
290
     1
176
     1
290
     0
176
     1
290
     0
176
     1
290
     0
176
     1
290
     0
176
     1
290
     0
176
     1
290
     0
176
     1
 90
       50
176
     1
 40
0.0
176
     1
 40
1.0
176
     1
 90
        0
176
     1
 62
    18
420
        0
176
     1
 90
       50
176
     1
 90
        3
176
     1
 62
     5
420
      255
176
     1
290
     0
176
     1
 90
       50
176
     1
 90
       50
176
     1
 90
       50
176
     1
290
     0
176
     1
 90
       50
176
     1
 62
   256
176
     0
 40
1.0
176
     0
 90
        2
176
     1
  1
strokes_ogs.tif
176
     1
290
     0
176
     1
 40
1.0
176
     1
 40
1.0
176
     1
1001
ACAD
1000
AcDbSavedByObjectVersion
1070
     0
  0
VISUALSTYLE
  5
31
102
{ACAD_REACTORS
330
29
102
}
330
29
100
AcDbVisualStyle
  2
Hidden
 70
     6
177
     3
291
     0
 70
    58
 90
        1
176
     1
 90
        2
176
     1
 90
        2
176
     1
 90
        0
176
     1
 40
0.6
176
     1
 40
30.0
176
     1
 62
     7
420
 16777215
176
     1
 90
        2
176
     1
 90
        2
176
     1
 62
     7
176
     1
 62
   257
176
     1
 90
        2
176
     1
 90
        1
176
     1
 40
40.0
176
     1
 90
        0
176
     1
 62
   257
176
     1
 40
1.0
176
     1
 90
        1
176
     1
 90
        6
176
     1
 90
        2
176
     1
 62
     7
176
     1
 90
        3
176
     1
 90
        0
176
     1
 90
        0
176
     1
290
     0
176
     1
 90
        1
176
     1
 40
0.0
176
     1
 90
        0
176
     1
290
     0
176
     1
290
     1
176
     1
290
     1
176
     1
290
     0
176
     1
290
     0
176
     1
290
     0
176
     1
290
     0
176
     1
290
     0
176
     1
290
     0
176
     1
 90
       50
176
     1
 40
0.0
176
     1
 40
1.0
176
     1
 90
        0
176
     1
 62
    18
420
        0
176
     1
 90
       50
176
     1
 90
        3
176
     1
 62
     5
420
      255
176
     1
290
     0
176
     1
 90
       50
176
     1
 90
       50
176
     1
 90
       50
176
     1
290
     0
176
     1
 90
       50
176
     1
 62
   256
176
     0
 40
1.0
176
     0
 90
        2
176
     1
  1
strokes_ogs.tif
176
     1
290
     0
176
     1
 40
1.0
176
     1
 40
1.0
176
     1
1001
ACAD
1000
AcDbSavedByObjectVersion
1070
     0
  0
VISUALSTYLE
  5
3F
102
{ACAD_REACTORS
330
29
102
}
330
29
100
AcDbVisualStyle
  2
JitterOff
 70
    20
177
     3
291
     1
 70
    58
 90
        2
176
     0
 90
        2
176
     0
 90
        0
176
     0
 90
        0
176
     0
 40
0.6
176
     0
 40
30.0
176
     0
 62
     7
420
 16777215
176
     0
 90
        1
176
     0
 90
        4
176
     0
 62
     7
176
     0
 62
   257
176
     0
 90
        1
176
     0
 90
        1
176
     0
 40
1.0
176
     0
 90
       10
176
     2
 62
     7
176
     0
 40
1.0
176
     0
 90
        1
176
     0
 90
        6
176
     0
 90
        2
176
     0
 62
     7
176
     0
 90
        5
176
     0
 90
        0
176
     0
 90
        0
176
     0
290
     0
176
     0
 90
        1
176
     0
 40
0.0
176
     0
 90
        0
176
     0
290
     0
176
     0
290
     1
176
     0
290
     1
176
     0
290
     0
176
     0
290
     0
176
     0
290
     0
176
     0
290
     0
176
     0
290
     0
176
     0
290
     0
176
     0
 90
       50
176
     0
 40
0.0
176
     0
 40
1.0
176
     0
 90
        0
176
     0
 62
    18
420
        0
176
     0
 90
       50
176
     0
 90
        3
176
     0
 62
     5
420
      255
176
     0
290
     0
176
     0
 90
       50
176
     0
 90
       50
176
     0
 90
       50
176
     0
290
     0
176
     0
 90
       50
176
     0
 62
   256
176
     0
 40
1.0
176
     0
 90
        2
176
     0
  1
strokes_ogs.tif
176
     0
290
     0
176
     0
 40
1.0
176
     0
 40
1.0
176
     0
1001
ACAD
1000
AcDbSavedByObjectVersion
1070
     0
  0
VISUALSTYLE
  5
37
102
{ACAD_REACTORS
330
29
102
}
330
29
100
AcDbVisualStyle
  2
Linepattern
 70
    14
177
     3
291
     1
 70
    58
 90
        2
176
     1
 90
        2
176
     1
 90
        0
176
     1
 90
        0
176
     1
 40
0.6
176
     1
 40
30.0
176
     1
 62
     7
420
 16777215
176
     1
 90
        1
176
     1
 90
        4
176
     1
 62
     7
176
     1
 62
   257
176
     1
 90
        7
176
     1
 90
        7
176
     1
 40
1.0
176
     1
 90
        8
176
     1
 62
     7
176
     1
 40
1.0
176
     1
 90
        1
176
     1
 90
        6
176
     1
 90
        2
176
     1
 62
     7
176
     1
 90
        5
176
     1
 90
        0
176
     1
 90
        0
176
     1
290
     0
176
     1
 90
        1
176
     1
 40
0.0
176
     1
 90
        0
176
     1
290
     0
176
     1
290
     1
176
     1
290
     1
176
     1
290
     0
176
     1
290
     0
176
     1
290
     0
176
     1
290
     0
176
     1
290
     0
176
     1
290
     0
176
     1
 90
       50
176
     1
 40
0.0
176
     1
 40
1.0
176
     1
 90
        0
176
     1
 62
    18
420
        0
176
     1
 90
       50
176
     1
 90
        3
176
     1
 62
     5
420
      255
176
     1
290
     0
176
     1
 90
       50
176
     1
 90
       50
176
     1
 90
       50
176
     1
290
     0
176
     1
 90
       50
176
     1
 62
   256
176
     0
 40
1.0
176
     0
 90
        2
176
     1
  1
strokes_ogs.tif
176
     1
290
     0
176
     1
 40
1.0
176
     1
 40
1.0
176
     1
1001
ACAD
1000
AcDbSavedByObjectVersion
1070
     0
  0
VISUALSTYLE
  5
40
102
{ACAD_REACTORS
330
29
102
}
330
29
100
AcDbVisualStyle
  2
OverhangOff
 70
    21
177
     3
291
     1
 70
    58
 90
        2
176
     0
 90
        2
176
     0
 90
        0
176
     0
 90
        0
176
     0
 40
0.6
176
     0
 40
30.0
176
     0
 62
     7
420
 16777215
176
     0
 90
        1
176
     0
 90
        4
176
     0
 62
     7
176
     0
 62
   257
176
     0
 90
        1
176
     0
 90
        1
176
     0
 40
1.0
176
     0
 90
        9
176
     2
 62
     7
176
     0
 40
1.0
176
     0
 90
        1
176
     0
 90
        6
176
     0
 90
        2
176
     0
 62
     7
176
     0
 90
        5
176
     0
 90
        0
176
     0
 90
        0
176
     0
290
     0
176
     0
 90
        1
176
     0
 40
0.0
176
     0
 90
        0
176
     0
290
     0
176
     0
290
     1
176
     0
290
     1
176
     0
290
     0
176
     0
290
     0
176
     0
290
     0
176
     0
290
     0
176
     0
290
     0
176
     0
290
     0
176
     0
 90
       50
176
     0
 40
0.0
176
     0
 40
1.0
176
     0
 90
        0
176
     0
 62
    18
420
        0
176
     0
 90
       50
176
     0
 90
        3
176
     0
 62
     5
420
      255
176
     0
290
     0
176
     0
 90
       50
176
     0
 90
       50
176
     0
 90
       50
176
     0
290
     0
176
     0
 90
       50
176
     0
 62
   256
176
     0
 40
1.0
176
     0
 90
        2
176
     0
  1
strokes_ogs.tif
176
     0
290
     0
176
     0
 40
1.0
176
     0
 40
1.0
176
     0
1001
ACAD
1000
AcDbSavedByObjectVersion
1070
     0
  0
VISUALSTYLE
  5
33
102
{ACAD_REACTORS
330
29
102
}
330
29
100
AcDbVisualStyle
  2
Realistic
 70
     8
177
     3
291
     0
 70
    58
 90
        2
176
     1
 90
        3
176
     1
 90
        0
176
     1
 90
        2
176
     1
 40
0.6
176
     1
 40
30.0
176
     1
 62
     7
420
 16777215
176
     1
 90
        0
176
     1
 90
        0
176
     1
 62
     7
176
     1
 62
   257
176
     1
 90
        1
176
     1
 90
        1
176
     1
 40
1.0
176
     1
 90
        8
176
     1
 62
   257
176
     1
 40
1.0
176
     1
 90
        1
176
     1
 90
        6
176
     1
 90
        2
176
     1
 62
     7
176
     1
 90
        3
176
     1
 90
        0
176
     1
 90
        0
176
     1
290
     0
176
     1
 90
       13
176
     1
 40
0.0
176
     1
 90
        0
176
     1
290
     0
176
     1
290
     1
176
     1
290
     1
176
     1
290
     0
176
     1
290
     0
176
     1
290
     0
176
     1
290
     0
176
     1
290
     0
176
     1
290
     0
176
     1
 90
       50
176
     1
 40
0.0
176
     1
 40
1.0
176
     1
 90
        0
176
     1
 62
    18
420
        0
176
     1
 90
       50
176
     1
 90
        3
176
     1
 62
     5
420
      255
176
     1
290
     0
176
     1
 90
       50
176
     1
 90
       50
176
     1
 90
       50
176
     1
290
     0
176
     1
 90
       50
176
     1
 62
   256
176
     0
 40
1.0
176
     0
 90
        2
176
     1
  1
strokes_ogs.tif
176
     1
290
     0
176
     1
 40
1.0
176
     1
 40
1.0
176
     1
1001
ACAD
1000
AcDbSavedByObjectVersion
1070
     0
  0
VISUALSTYLE
  5
3E
102
{ACAD_REACTORS
330
29
102
}
330
29
100
AcDbVisualStyle
  2
Shaded
 70
    27
177
     3
291
     0
 70
    58
 90
        2
176
     1
 90
        2
176
     1
 90
        1
176
     1
 90
        2
176
     1
 40
0.6
176
     1
 40
30.0
176
     1
 62
     7
420
 16777215
176
     1
 90
        0
176
     1
 90
        4
176
     1
 62
     7
176
     1
 62
   257
176
     1
 90
        1
176
     1
 90
        1
176
     1
 40
1.0
176
     1
 90
        8
176
     1
 62
   257
176
     1
 40
1.0
176
     1
 90
        1
176
     1
 90
        6
176
     1
 90
        2
176
     1
 62
     8
420
  7895160
176
     1
 90
        3
176
     1
 90
        0
176
     1
 90
        0
176
     1
290
     0
176
     1
 90
        5
176
     1
 40
0.0
176
     1
 90
        0
176
     1
290
     0
176
     1
290
     1
176
     1
290
     1
176
     1
290
     0
176
     1
290
     0
176
     1
290
     0
176
     1
290
     0
176
     1
290
     0
176
     1
290
     0
176
     1
 90
       50
176
     1
 40
0.0
176
     1
 40
1.0
176
     1
 90
        0
176
     1
 62
    18
420
        0
176
     1
 90
       50
176
     1
 90
        3
176
     1
 62
     5
420
      255
176
     1
290
     0
176
     1
 90
       50
176
     1
 90
       50
176
     1
 90
       50
176
     1
290
     0
176
     1
 90
       50
176
     1
 62
   256
176
     0
 40
1.0
176
     0
 90
        2
176
     1
  1
strokes_ogs.tif
176
     1
290
     0
176
     1
 40
1.0
176
     1
 40
1.0
176
     1
1001
ACAD
1000
AcDbSavedByObjectVersion
1070
     0
  0
VISUALSTYLE
  5
3D
102
{ACAD_REACTORS
330
29
102
}
330
29
100
AcDbVisualStyle
  2
Shaded with edges
 70
    26
177
     3
291
     0
 70
    58
 90
        2
176
     1
 90
        2
176
     1
 90
        1
176
     1
 90
        2
176
     1
 40
0.6
176
     1
 40
30.0
176
     1
 62
     7
420
 16777215
176
     1
 90
        1
176
     1
 90
        2
176
     1
 62
     7
176
     1
 62
   257
176
     1
 90
        2
176
     1
 90
        1
176
     1
 40
1.0
176
     1
 90
        8
176
     1
 62
   257
176
     1
 40
1.0
176
     1
 90
        1
176
     1
 90
        6
176
     1
 90
        2
176
     1
 62
     7
176
     1
 90
        3
176
     1
 90
        0
176
     1
 90
        0
176
     1
290
     0
176
     1
 90
        5
176
     1
 40
0.0
176
     1
 90
        0
176
     1
290
     0
176
     1
290
     1
176
     1
290
     1
176
     1
290
     0
176
     1
290
     0
176
     1
290
     0
176
     1
290
     0
176
     1
290
     0
176
     1
290
     0
176
     1
 90
       50
176
     1
 40
0.0
176
     1
 40
1.0
176
     1
 90
        0
176
     1
 62
    18
420
        0
176
     1
 90
       50
176
     1
 90
        3
176
     1
 62
     5
420
      255
176
     1
290
     0
176
     1
 90
       50
176
     1
 90
       50
176
     1
 90
       50
176
     1
290
     0
176
     1
 90
       50
176
     1
 62
   256
176
     0
 40
1.0
176
     0
 90
        2
176
     1
  1
strokes_ogs.tif
176
     1
290
     0
176
     1
 40
1.0
176
     1
 40
1.0
176
     1
1001
ACAD
1000
AcDbSavedByObjectVersion
1070
     0
  0
VISUALSTYLE
  5
3A
102
{ACAD_REACTORS
330
29
102
}
330
29
100
AcDbVisualStyle
  2
Shades of Gray
 70
    23
177
     3
291
     0
 70
    58
 90
        2
176
     1
 90
        2
176
     1
 90
        3
176
     1
 90
        0
176
     1
 40
0.6
176
     1
 40
30.0
176
     1
 62
     7
420
 16777215
176
     1
 90
        2
176
     1
 90
        2
176
     1
 62
     7
176
     1
 62
     7
176
     1
 90
        1
176
     1
 90
        1
176
     1
 40
40.0
176
     1
 90
        8
176
     1
 62
     7
176
     1
 40
1.0
176
     1
 90
        1
176
     1
 90
        6
176
     1
 90
        2
176
     1
 62
     7
176
     1
 90
        3
176
     1
 90
        0
176
     1
 90
        0
176
     1
290
     0
176
     1
 90
        1
176
     1
 40
0.0
176
     1
 90
        0
176
     1
290
     0
176
     1
290
     1
176
     1
290
     1
176
     1
290
     0
176
     1
290
     0
176
     1
290
     0
176
     1
290
     0
176
     1
290
     0
176
     1
290
     0
176
     1
 90
       50
176
     1
 40
0.0
176
     1
 40
1.0
176
     1
 90
        0
176
     1
 62
    18
420
        0
176
     1
 90
       50
176
     1
 90
        3
176
     1
 62
     5
420
      255
176
     1
290
     0
176
     1
 90
       50
176
     1
 90
       50
176
     1
 90
       50
176
     1
290
     0
176
     1
 90
       50
176
     1
 62
   256
176
     0
 40
1.0
176
     0
 90
        2
176
     1
  1
strokes_ogs.tif
176
     1
290
     0
176
     1
 40
1.0
176
     1
 40
1.0
176
     1
1001
ACAD
1000
AcDbSavedByObjectVersion
1070
     0
  0
VISUALSTYLE
  5
3B
102
{ACAD_REACTORS
330
29
102
}
330
29
100
AcDbVisualStyle
  2
Sketchy
 70
    24
177
     3
291
     0
 70
    58
 90
        1
176
     1
 90
        2
176
     1
 90
        2
176
     1
 90
        0
176
     1
 40
0.6
176
     1
 40
30.0
176
     1
 62
     7
420
 16777215
176
     1
 90
        2
176
     1
 90
        2
176
     1
 62
     7
176
     1
 62
     7
176
     1
 90
        1
176
     1
 90
        1
176
     1
 40
40.0
176
     1
 90
       11
176
     1
 62
     7
176
     1
 40
1.0
176
     1
 90
        1
176
     1
 90
        6
176
     1
 90
        2
176
     1
 62
     7
176
     1
 90
        6
176
     1
 90
        0
176
     1
 90
        0
176
     1
290
     0
176
     1
 90
        1
176
     1
 40
0.0
176
     1
 90
        0
176
     1
290
     0
176
     1
290
     1
176
     1
290
     1
176
     1
290
     0
176
     1
290
     0
176
     1
290
     0
176
     1
290
     0
176
     1
290
     0
176
     1
290
     0
176
     1
 90
       50
176
     1
 40
0.0
176
     1
 40
1.0
176
     1
 90
        0
176
     1
 62
    18
420
        0
176
     1
 90
       50
176
     1
 90
        3
176
     1
 62
     5
420
      255
176
     1
290
     0
176
     1
 90
       50
176
     1
 90
       50
176
     1
 90
       50
176
     1
290
     0
176
     1
 90
       50
176
     1
 62
   256
176
     0
 40
1.0
176
     0
 90
        2
176
     1
  1
strokes_ogs.tif
176
     1
290
     0
176
     1
 40
1.0
176
     1
 40
1.0
176
     1
1001
ACAD
1000
AcDbSavedByObjectVersion
1070
     0
  0
VISUALSTYLE
  5
36
102
{ACAD_REACTORS
330
29
102
}
330
29
100
AcDbVisualStyle
  2
Thicken
 70
    13
177
     3
291
     1
 70
    58
 90
        2
176
     1
 90
        2
176
     1
 90
        0
176
     1
 90
        0
176
     1
 40
0.6
176
     1
 40
30.0
176
     1
 62
     7
420
 16777215
176
     1
 90
        1
176
     1
 90
        4
176
     1
 62
     7
176
     1
 62
   257
176
     1
 90
        1
176
     1
 90
        1
176
     1
 40
1.0
176
     1
 90
       12
176
     1
 62
     7
176
     1
 40
1.0
176
     1
 90
        1
176
     1
 90
        6
176
     1
 90
        2
176
     1
 62
     7
176
     1
 90
        5
176
     1
 90
        0
176
     1
 90
        0
176
     1
290
     0
176
     1
 90
        1
176
     1
 40
0.0
176
     1
 90
        0
176
     1
290
     0
176
     1
290
     1
176
     1
290
     1
176
     1
290
     0
176
     1
290
     0
176
     1
290
     0
176
     1
290
     0
176
     1
290
     0
176
     1
290
     0
176
     1
 90
       50
176
     1
 40
0.0
176
     1
 40
1.0
176
     1
 90
        0
176
     1
 62
    18
420
        0
176
     1
 90
       50
176
     1
 90
        3
176
     1
 62
     5
420
      255
176
     1
290
     0
176
     1
 90
       50
176
     1
 90
       50
176
     1
 90
       50
176
     1
290
     0
176
     1
 90
       50
176
     1
 62
   256
176
     0
 40
1.0
176
     0
 90
        2
176
     1
  1
strokes_ogs.tif
176
     1
290
     0
176
     1
 40
1.0
176
     1
 40
1.0
176
     1
1001
ACAD
1000
AcDbSavedByObjectVersion
1070
     0
  0
VISUALSTYLE
  5
30
102
{ACAD_REACTORS
330
29
102
}
330
29
100
AcDbVisualStyle
  2
Wireframe
 70
     5
177
     3
291
     0
 70
    58
 90
        0
176
     1
 90
        2
176
     1
 90
        0
176
     1
 90
        0
176
     1
 40
0.6
176
     1
 40
30.0
176
     1
 62
     7
420
 16777215
176
     1
 90
        1
176
     1
 90
        4
176
     1
 62
     7
176
     1
 62
   257
176
     1
 90
        1
176
     1
 90
        1
176
     1
 40
1.0
176
     1
 90
        0
176
     1
 62
   257
176
     1
 40
1.0
176
     1
 90
        1
176
     1
 90
        6
176
     1
 90
        2
176
     1
 62
     7
176
     1
 90
        3
176
     1
 90
        0
176
     1
 90
        0
176
     1
290
     0
176
     1
 90
        1
176
     1
 40
0.0
176
     1
 90
        0
176
     1
290
     0
176
     1
290
     1
176
     1
290
     1
176
     1
290
     0
176
     1
290
     0
176
     1
290
     0
176
     1
290
     0
176
     1
290
     0
176
     1
290
     0
176
     1
 90
       50
176
     1
 40
0.0
176
     1
 40
1.0
176
     1
 90
        0
176
     1
 62
    18
420
        0
176
     1
 90
       50
176
     1
 90
        3
176
     1
 62
     5
420
      255
176
     1
290
     0
176
     1
 90
       50
176
     1
 90
       50
176
     1
 90
       50
176
     1
290
     0
176
     1
 90
       50
176
     1
 62
   256
176
     0
 40
1.0
176
     0
 90
        2
176
     1
  1
strokes_ogs.tif
176
     1
290
     0
176
     1
 40
1.0
176
     1
 40
1.0
176
     1
1001
ACAD
1000
AcDbSavedByObjectVersion
1070
     0
  0
VISUALSTYLE
  5
3C
102
{ACAD_REACTORS
330
29
102
}
330
29
100
AcDbVisualStyle
  2
X-Ray
 70
    25
177
     3
291
     0
 70
    58
 90
        2
176
     1
 90
        2
176
     1
 90
        1
176
     1
 90
        1
176
     1
 40
0.5
176
     1
 40
30.0
176
     1
 62
     7
420
 16777215
176
     1
 90
        1
176
     1
 90
        0
176
     1
 62
     7
176
     1
 62
   257
176
     1
 90
        1
176
     1
 90
        1
176
     1
 40
1.0
176
     1
 90
        8
176
     1
 62
     7
176
     1
 40
1.0
176
     1
 90
        1
176
     1
 90
        6
176
     1
 90
        2
176
     1
 62
     7
176
     1
 90
        3
176
     1
 90
        0
176
     1
 90
        0
176
     1
290
     0
176
     1
 90
       13
176
     1
 40
0.0
176
     1
 90
        0
176
     1
290
     0
176
     1
290
     1
176
     1
290
     1
176
     1
290
     0
176
     1
290
     0
176
     1
290
     0
176
     1
290
     0
176
     1
290
     0
176
     1
290
     0
176
     1
 90
       50
176
     1
 40
0.0
176
     1
 40
1.0
176
     1
 90
        0
176
     1
 62
    18
420
        0
176
     1
 90
       50
176
     1
 90
        3
176
     1
 62
     5
420
      255
176
     1
290
     0
176
     1
 90
       50
176
     1
 90
       50
176
     1
 90
       50
176
     1
290
     0
176
     1
 90
       50
176
     1
 62
   256
176
     0
 40
1.0
176
     0
 90
        2
176
     1
  1
strokes_ogs.tif
176
     1
290
     0
176
     1
 40
1.0
176
     1
 40
1.0
176
     1
1001
ACAD
1000
AcDbSavedByObjectVersion
1070
     0
  0
DICTIONARYVAR
  5
7D0
102
{ACAD_REACTORS
330
7CB
102
}
330
7CB
100
DictionaryVariables
280
     0
  1
1:1
  0
DICTIONARYVAR
  5
7CD
102
{ACAD_REACTORS
330
7CB
102
}
330
7CB
100
DictionaryVariables
280
     0
  1
STANDARD
  0
DICTIONARYVAR
  5
7CC
102
{ACAD_REACTORS
330
7CB
102
}
330
7CB
100
DictionaryVariables
280
     0
  1
STANDARD
  0
DICTIONARYVAR
  5
7CE
102
{ACAD_REACTORS
330
7CB
102
}
330
7CB
100
DictionaryVariables
280
     0
  1
Imperial24
  0
DICTIONARYVAR
  5
7CF
102
{ACAD_REACTORS
330
7CB
102
}
330
7CB
100
DictionaryVariables
280
     0
  1
Imperial24
  0
DICTIONARY
  5
7D6
330
6B
100
AcDbDictionary
280
     1
281
     1
  3
ACAD_XREC_ROUNDTRIP
360
7D7
  0
DICTIONARY
  5
1A
330
19
100
AcDbDictionary
280
     1
281
     1
  3
BUMPTILE
360
1C
  3
DIFFUSETILE
360
1B
  3
OPACITYTILE
360
1F
  3
REFLECTIONTILE
360
1E
  3
REFRACTIONTILE
360
20
  3
SPECULARTILE
360
1D
  0
DICTIONARY
  5
12
330
11
100
AcDbDictionary
280
     1
281
     1
  3
BUMPTILE
360
14
  3
DIFFUSETILE
360
13
  3
OPACITYTILE
360
17
  3
REFLECTIONTILE
360
16
  3
REFRACTIONTILE
360
18
  3
SPECULARTILE
360
15
  0
DICTIONARY
  5
22
330
21
100
AcDbDictionary
280
     1
281
     1
  3
BUMPTILE
360
24
  3
DIFFUSETILE
360
23
  3
OPACITYTILE
360
27
  3
REFLECTIONTILE
360
26
  3
REFRACTIONTILE
360
28
  3
SPECULARTILE
360
25
  0
DICTIONARY
  5
7D4
330
69
100
AcDbDictionary
280
     1
281
     1
  3
ACAD_XREC_ROUNDTRIP
360
7D5
  0
DICTIONARY
  5
7D1
330
65
100
AcDbDictionary
280
     1
281
     1
  3
ACAD_ROUNDTRIP_2008_TABLESTYLE_CELLSTYLEMAP
360
7D2
  0
XRECORD
  5
7D7
102
{ACAD_REACTORS
330
7D6
102
}
330
7D6
100
AcDbXrecord
280
     1
102
DISPLAYNAME
  1
Imperial24
102
FLAGS
 90
        0
  0
XRECORD
  5
1C
102
{ACAD_REACTORS
330
1A
102
}
330
1A
100
AcDbXrecord
280
     1
270
     1
271
     1
  0
XRECORD
  5
1B
102
{ACAD_REACTORS
330
1A
102
}
330
1A
100
AcDbXrecord
280
     1
270
     1
271
     1
  0
XRECORD
  5
1F
102
{ACAD_REACTORS
330
1A
102
}
330
1A
100
AcDbXrecord
280
     1
270
     1
271
     1
  0
XRECORD
  5
1E
102
{ACAD_REACTORS
330
1A
102
}
330
1A
100
AcDbXrecord
280
     1
270
     1
271
     1
  0
XRECORD
  5
20
102
{ACAD_REACTORS
330
1A
102
}
330
1A
100
AcDbXrecord
280
     1
270
     1
271
     1
  0
XRECORD
  5
1D
102
{ACAD_REACTORS
330
1A
102
}
330
1A
100
AcDbXrecord
280
     1
270
     1
271
     1
  0
XRECORD
  5
14
102
{ACAD_REACTORS
330
12
102
}
330
12
100
AcDbXrecord
280
     1
270
     1
271
     1
  0
XRECORD
  5
13
102
{ACAD_REACTORS
330
12
102
}
330
12
100
AcDbXrecord
280
     1
270
     1
271
     1
  0
XRECORD
  5
17
102
{ACAD_REACTORS
330
12
102
}
330
12
100
AcDbXrecord
280
     1
270
     1
271
     1
  0
XRECORD
  5
16
102
{ACAD_REACTORS
330
12
102
}
330
12
100
AcDbXrecord
280
     1
270
     1
271
     1
  0
XRECORD
  5
18
102
{ACAD_REACTORS
330
12
102
}
330
12
100
AcDbXrecord
280
     1
270
     1
271
     1
  0
XRECORD
  5
15
102
{ACAD_REACTORS
330
12
102
}
330
12
100
AcDbXrecord
280
     1
270
     1
271
     1
  0
XRECORD
  5
24
102
{ACAD_REACTORS
330
22
102
}
330
22
100
AcDbXrecord
280
     1
270
     1
271
     1
  0
XRECORD
  5
23
102
{ACAD_REACTORS
330
22
102
}
330
22
100
AcDbXrecord
280
     1
270
     1
271
     1
  0
XRECORD
  5
27
102
{ACAD_REACTORS
330
22
102
}
330
22
100
AcDbXrecord
280
     1
270
     1
271
     1
  0
XRECORD
  5
26
102
{ACAD_REACTORS
330
22
102
}
330
22
100
AcDbXrecord
280
     1
270
     1
271
     1
  0
XRECORD
  5
28
102
{ACAD_REACTORS
330
22
102
}
330
22
100
AcDbXrecord
280
     1
270
     1
271
     1
  0
XRECORD
  5
25
102
{ACAD_REACTORS
330
22
102
}
330
22
100
AcDbXrecord
280
     1
270
     1
271
     1
  0
XRECORD
  5
7D5
102
{ACAD_REACTORS
330
7D4
102
}
330
7D4
100
AcDbXrecord
280
     1
102
DISPLAYNAME
  1
Imperial24
102
FLAGS
 90
        0
  0
CELLSTYLEMAP
  5
7D2
102
{ACAD_REACTORS
330
7D1
102
}
330
7D1
100
AcDbCellStyleMap
 90
        3
300
CELLSTYLE
  1
TABLEFORMAT_BEGIN
 90
        5
170
     1
 91
        0
 92
    32768
 62
   257
 93
        1
300
CONTENTFORMAT
  1
CONTENTFORMAT_BEGIN
 90
        0
 91
        0
 92
      512
 93
        0
300

 40
0.0
140
1.0
 94
        5
 62
     0
340
55
144
0.25
309
CONTENTFORMAT_END
171
     0
 94
        0
309
TABLEFORMAT_END
  1
CELLSTYLE_BEGIN
 90
        1
 91
        1
300
_TITLE
309
CELLSTYLE_END
300
CELLSTYLE
  1
TABLEFORMAT_BEGIN
 90
        5
170
     1
 91
        0
 92
        0
 62
   257
 93
        1
300
CONTENTFORMAT
  1
CONTENTFORMAT_BEGIN
 90
        0
 91
        0
 92
      512
 93
        0
300

 40
0.0
140
1.0
 94
        5
 62
     0
340
55
144
0.18
309
CONTENTFORMAT_END
171
     0
 94
        0
309
TABLEFORMAT_END
  1
CELLSTYLE_BEGIN
 90
        2
 91
        1
300
_HEADER
309
CELLSTYLE_END
300
CELLSTYLE
  1
TABLEFORMAT_BEGIN
 90
        5
170
     1
 91
        0
 92
        0
 62
   257
 93
        1
300
CONTENTFORMAT
  1
CONTENTFORMAT_BEGIN
 90
        0
 91
        0
 92
      512
 93
        0
300

 40
0.0
140
1.0
 94
        2
 62
     0
340
55
144
0.18
309
CONTENTFORMAT_END
171
     0
 94
        0
309
TABLEFORMAT_END
  1
CELLSTYLE_BEGIN
 90
        3
 91
        2
300
_DATA
309
CELLSTYLE_END
  0
ENDSEC
  0
EOF
