  0
SECTION
  2
HEADER
  9
$ACADVER
  1
AC1027
  9
$ACADMAINTVER
 70
   125
  9
$DWGCODEPAGE
  3
ANSI_1252
  9
$REQUIREDVERSIONS
160
                 0
  9
$INSBASE
 10
0.0
 20
0.0
 30
0.0
  9
$EXTMIN
 10
1.000000000000000E+20
 20
1.000000000000000E+20
 30
1.000000000000000E+20
  9
$EXTMAX
 10
-1.000000000000000E+20
 20
-1.000000000000000E+20
 30
-1.000000000000000E+20
  9
$LIMMIN
 10
0.0
 20
0.0
  9
$LIMMAX
 10
12.0
 20
9.0
  9
$ORTHOMODE
 70
     0
  9
$REGENMODE
 70
     1
  9
$FILLMODE
 70
     1
  9
$QTEXTMODE
 70
     0
  9
$MIRRTEXT
 70
     0
  9
$LTSCALE
 40
1.0
  9
$ATTMODE
 70
     1
  9
$TEXTSIZE
 40
0.2
  9
$TRACEWID
 40
0.05
  9
$TEXTSTYLE
  7
Standard
  9
$CLAYER
  8
0
  9
$CELTYPE
  6
ByLayer
  9
$CECOLOR
 62
   256
  9
$CELTSCALE
 40
1.0
  9
$DISPSILH
 70
     0
  9
$DIMSCALE
 40
1.0
  9
$DIMASZ
 40
0.18
  9
$DIMEXO
 40
0.0625
  9
$DIMDLI
 40
0.38
  9
$DIMRND
 40
0.0
  9
$DIMDLE
 40
0.0
  9
$DIMEXE
 40
0.18
  9
$DIMTP
 40
0.0
  9
$DIMTM
 40
0.0
  9
$DIMTXT
 40
0.18
  9
$DIMCEN
 40
0.09
  9
$DIMTSZ
 40
0.0
  9
$DIMTOL
 70
     0
  9
$DIMLIM
 70
     0
  9
$DIMTIH
 70
     1
  9
$DIMTOH
 70
     1
  9
$DIMSE1
 70
     0
  9
$DIMSE2
 70
     0
  9
$DIMTAD
 70
     0
  9
$DIMZIN
 70
     0
  9
$DIMBLK
  1

  9
$DIMASO
 70
     1
  9
$DIMSHO
 70
     1
  9
$DIMPOST
  1

  9
$DIMAPOST
  1

  9
$DIMALT
 70
     0
  9
$DIMALTD
 70
     2
  9
$DIMALTF
 40
25.4
  9
$DIMLFAC
 40
1.0
  9
$DIMTOFL
 70
     0
  9
$DIMTVP
 40
0.0
  9
$DIMTIX
 70
     0
  9
$DIMSOXD
 70
     0
  9
$DIMSAH
 70
     0
  9
$DIMBLK1
  1

  9
$DIMBLK2
  1

  9
$DIMSTYLE
  2
Standard
  9
$DIMCLRD
 70
     0
  9
$DIMCLRE
 70
     0
  9
$DIMCLRT
 70
     0
  9
$DIMTFAC
 40
1.0
  9
$DIMGAP
 40
0.09
  9
$DIMJUST
 70
     0
  9
$DIMSD1
 70
     0
  9
$DIMSD2
 70
     0
  9
$DIMTOLJ
 70
     1
  9
$DIMTZIN
 70
     0
  9
$DIMALTZ
 70
     0
  9
$DIMALTTZ
 70
     0
  9
$DIMUPT
 70
     0
  9
$DIMDEC
 70
     4
  9
$DIMTDEC
 70
     4
  9
$DIMALTU
 70
     2
  9
$DIMALTTD
 70
     2
  9
$DIMTXSTY
  7
Standard
  9
$DIMAUNIT
 70
     0
  9
$DIMADEC
 70
     0
  9
$DIMALTRND
 40
0.0
  9
$DIMAZIN
 70
     0
  9
$DIMDSEP
 70
    46
  9
$DIMATFIT
 70
     3
  9
$DIMFRAC
 70
     0
  9
$DIMLDRBLK
  1

  9
$DIMLUNIT
 70
     2
  9
$DIMLWD
 70
    -2
  9
$DIMLWE
 70
    -2
  9
$DIMTMOVE
 70
     0
  9
$DIMFXL
 40
1.0
  9
$DIMFXLON
 70
     0
  9
$DIMJOGANG
 40
0.7853981633974483
  9
$DIMTFILL
 70
     0
  9
$DIMTFILLCLR
 70
     0
  9
$DIMARCSYM
 70
     0
  9
$DIMLTYPE
  6

  9
$DIMLTEX1
  6

  9
$DIMLTEX2
  6

  9
$DIMTXTDIRECTION
 70
     0
  9
$LUNITS
 70
     2
  9
$LUPREC
 70
     4
  9
$SKETCHINC
 40
0.1
  9
$FILLETRAD
 40
0.0
  9
$AUNITS
 70
     0
  9
$AUPREC
 70
     0
  9
$MENU
  1
.
  9
$ELEVATION
 40
0.0
  9
$PELEVATION
 40
0.0
  9
$THICKNESS
 40
0.0
  9
$LIMCHECK
 70
     0
  9
$CHAMFERA
 40
0.0
  9
$CHAMFERB
 40
0.0
  9
$CHAMFERC
 40
0.0
  9
$CHAMFERD
 40
0.0
  9
$SKPOLY
 70
     0
  9
$TDCREATE
 40
2461215.970150463
  9
$TDUCREATE
 40
2461215.970150463
  9
$TDUPDATE
 40
2461215.970150463
  9
$TDUUPDATE
 40
2461215.970150463
  9
$TDINDWG
 40
0.0000000000
  9
$TDUSRTIMER
 40
0.0000000000
  9
$USRTIMER
 70
     1
  9
$ANGBASE
 50
0.0
  9
$ANGDIR
 70
     0
  9
$PDMODE
 70
     0
  9
$PDSIZE
 40
0.0
  9
$PLINEWID
 40
0.0
  9
$SPLFRAME
 70
     0
  9
$SPLINETYPE
 70
     6
  9
$SPLINESEGS
 70
     8
  9
$HANDSEED
  5
741
  9
$SURFTAB1
 70
     6
  9
$SURFTAB2
 70
     6
  9
$SURFTYPE
 70
     6
  9
$SURFU
 70
     6
  9
$SURFV
 70
     6
  9
$UCSBASE
  2

  9
$UCSNAME
  2

  9
$UCSORG
 10
0.0
 20
0.0
 30
0.0
  9
$UCSXDIR
 10
1.0
 20
0.0
 30
0.0
  9
$UCSYDIR
 10
0.0
 20
1.0
 30
0.0
  9
$UCSORTHOREF
  2

  9
$UCSORTHOVIEW
 70
     0
  9
$UCSORGTOP
 10
0.0
 20
0.0
 30
0.0
  9
$UCSORGBOTTOM
 10
0.0
 20
0.0
 30
0.0
  9
$UCSORGLEFT
 10
0.0
 20
0.0
 30
0.0
  9
$UCSORGRIGHT
 10
0.0
 20
0.0
 30
0.0
  9
$UCSORGFRONT
 10
0.0
 20
0.0
 30
0.0
  9
$UCSORGBACK
 10
0.0
 20
0.0
 30
0.0
  9
$PUCSBASE
  2

  9
$PUCSNAME
  2

  9
$PUCSORG
 10
0.0
 20
0.0
 30
0.0
  9
$PUCSXDIR
 10
1.0
 20
0.0
 30
0.0
  9
$PUCSYDIR
 10
0.0
 20
1.0
 30
0.0
  9
$PUCSORTHOREF
  2

  9
$PUCSORTHOVIEW
 70
     0
  9
$PUCSORGTOP
 10
0.0
 20
0.0
 30
0.0
  9
$PUCSORGBOTTOM
 10
0.0
 20
0.0
 30
0.0
  9
$PUCSORGLEFT
 10
0.0
 20
0.0
 30
0.0
  9
$PUCSORGRIGHT
 10
0.0
 20
0.0
 30
0.0
  9
$PUCSORGFRONT
 10
0.0
 20
0.0
 30
0.0
  9
$PUCSORGBACK
 10
0.0
 20
0.0
 30
0.0
  9
$USERI1
 70
     0
  9
$USERI2
 70
     0
  9
$USERI3
 70
     0
  9
$USERI4
 70
     0
  9
$USERI5
 70
     0
  9
$USERR1
 40
0.0
  9
$USERR2
 40
0.0
  9
$USERR3
 40
0.0
  9
$USERR4
 40
0.0
  9
$USERR5
 40
0.0
  9
$WORLDVIEW
 70
     1
  9
$SHADEDGE
 70
     3
  9
$SHADEDIF
 70
    70
  9
$TILEMODE
 70
     1
  9
$MAXACTVP
 70
    64
  9
$PINSBASE
 10
0.0
 20
0.0
 30
0.0
  9
$PLIMCHECK
 70
     0
  9
$PEXTMIN
 10
1.000000000000000E+20
 20
1.000000000000000E+20
 30
1.000000000000000E+20
  9
$PEXTMAX
 10
-1.000000000000000E+20
 20
-1.000000000000000E+20
 30
-1.000000000000000E+20
  9
$PLIMMIN
 10
0.0
 20
0.0
  9
$PLIMMAX
 10
12.0
 20
9.0
  9
$UNITMODE
 70
     0
  9
$VISRETAIN
 70
     1
  9
$PLINEGEN
 70
     0
  9
$PSLTSCALE
 70
     1
  9
$TREEDEPTH
 70
  3020
  9
$CMLSTYLE
  2
Standard
  9
$CMLJUST
 70
     0
  9
$CMLSCALE
 40
1.0
  9
$PROXYGRAPHICS
 70
     1
  9
$MEASUREMENT
 70
     0
  9
$CELWEIGHT
370
    -1
  9
$ENDCAPS
280
     0
  9
$JOINSTYLE
280
     0
  9
$LWDISPLAY
290
     0
  9
$INSUNITS
 70
     5
  9
$HYPERLINKBASE
  1

  9
$STYLESHEET
  1

  9
$XEDIT
290
     1
  9
$CEPSNTYPE
380
     0
  9
$PSTYLEMODE
290
     1
  9
$FINGERPRINTGUID
  2
{AC5C1A06-6E34-A64F-84FB-A2434AF0838F}
  9
$VERSIONGUID
  2
{B2E025F2-6C0A-A640-AFB8-D8B6D968C73D}
  9
$EXTNAMES
290
     1
  9
$PSVPSCALE
 40
0.0
  9
$OLESTARTUP
290
     0
  9
$SORTENTS
280
   127
  9
$INDEXCTL
280
     0
  9
$HIDETEXT
280
     1
  9
$XCLIPFRAME
280
     2
  9
$HALOGAP
280
     0
  9
$OBSCOLOR
 70
   257
  9
$OBSLTYPE
280
     0
  9
$INTERSECTIONDISPLAY
280
     0
  9
$INTERSECTIONCOLOR
 70
   257
  9
$DIMASSOC
280
     2
  9
$PROJECTNAME
  1

  9
$CAMERADISPLAY
290
     0
  9
$LENSLENGTH
 40
50.0
  9
$CAMERAHEIGHT
 40
0.0
  9
$STEPSPERSEC
 40
2.0
  9
$STEPSIZE
 40
6.0
  9
$3DDWFPREC
 40
2.0
  9
$PSOLWIDTH
 40
0.25
  9
$PSOLHEIGHT
 40
4.0
  9
$LOFTANG1
 40
1.570796326794896
  9
$LOFTANG2
 40
1.570796326794896
  9
$LOFTMAG1
 40
0.0
  9
$LOFTMAG2
 40
0.0
  9
$LOFTPARAM
 70
     7
  9
$LOFTNORMALS
280
     1
  9
$LATITUDE
 40
37.795
  9
$LONGITUDE
 40
-122.394
  9
$NORTHDIRECTION
 40
0.0
  9
$TIMEZONE
 70
 -8000
  9
$LIGHTGLYPHDISPLAY
280
     1
  9
$TILEMODELIGHTSYNCH
280
     1
  9
$CMATERIAL
347
11
  9
$SOLIDHIST
280
     0
  9
$SHOWHIST
280
     1
  9
$DWFFRAME
280
     2
  9
$DGNFRAME
280
     0
  9
$REALWORLDSCALE
290
     1
  9
$INTERFERECOLOR
 62
     1
  9
$INTERFEREOBJVS
345
33
  9
$INTERFEREVPVS
346
30
  9
$CSHADOW
280
     0
  9
$SHADOWPLANELOCATION
 40
0.0
  0
ENDSEC
  0
SECTION
  2
CLASSES
  0
CLASS
  1
ACDBDICTIONARYWDFLT
  2
AcDbDictionaryWithDefault
  3
ObjectDBX Classes
 90
        0
 91
        1
280
     0
281
     0
  0
CLASS
  1
MATERIAL
  2
AcDbMaterial
  3
ObjectDBX Classes
 90
     1153
 91
        3
280
     0
281
     0
  0
CLASS
  1
VISUALSTYLE
  2
AcDbVisualStyle
  3
ObjectDBX Classes
 90
     4095
 91
       24
280
     0
281
     0
  0
CLASS
  1
SCALE
  2
AcDbScale
  3
ObjectDBX Classes
 90
     1153
 91
       17
280
     0
281
     0
  0
CLASS
  1
TABLESTYLE
  2
AcDbTableStyle
  3
ObjectDBX Classes
 90
     4095
 91
        1
280
     0
281
     0
  0
CLASS
  1
MLEADERSTYLE
  2
AcDbMLeaderStyle
  3
ACDB_MLEADERSTYLE_CLASS
 90
     4095
 91
        1
280
     0
281
     0
  0
CLASS
  1
ACDBSECTIONVIEWSTYLE
  2
AcDbSectionViewStyle
  3
ObjectDBX Classes
 90
     1025
 91
        1
280
     0
281
     0
  0
CLASS
  1
ACDBDETAILVIEWSTYLE
  2
AcDbDetailViewStyle
  3
ObjectDBX Classes
 90
     1025
 91
        1
280
     0
281
     0
  0
CLASS
  1
DICTIONARYVAR
  2
AcDbDictionaryVar
  3
ObjectDBX Classes
 90
        0
 91
        5
280
     0
281
     0
  0
CLASS
  1
CELLSTYLEMAP
  2
AcDbCellStyleMap
  3
ObjectDBX Classes
 90
     1152
 91
        1
280
     0
281
     0
  0
ENDSEC
  0
SECTION
  2
TABLES
  0
TABLE
  2
VPORT
  5
8
330
0
100
AcDbSymbolTable
 70
     1
1001
ACAD
1000
DbSaveVer
1071
      471
  0
VPORT
  5
57
330
8
100
AcDbSymbolTableRecord
100
AcDbViewportTableRecord
  2
*Active
 70
     0
 10
0.0
 20
0.0
 11
1.0
 21
1.0
 12
500.0
 22
500.0
 13
0.0
 23
0.0
 14
1.0
 24
1.0
 15
0.0
 25
0.0
 16
0.0
 26
0.0
 36
1.0
 17
0.0
 27
0.0
 37
0.0
 40
12.0
 41
1.0
 42
50.0
 43
0.0
 44
0.0
 50
0.0
 51
0.0
 71
     0
 72
   100
 73
     1
 74
     1
 75
     0
 76
     0
 77
     0
 78
     0
281
     0
 65
     1
110
0.0
120
0.0
130
0.0
111
1.0
121
0.0
131
0.0
112
0.0
122
1.0
132
0.0
 79
     0
146
0.0
 60
     3
 61
     5
292
     1
282
     1
141
0.0
142
0.0
 63
   250
421
  3355443
  0
ENDTAB
  0
TABLE
  2
LTYPE
  5
5
330
0
100
AcDbSymbolTable
 70
     1
  0
LTYPE
  5
5B
330
5
100
AcDbSymbolTableRecord
100
AcDbLinetypeTableRecord
  2
ByBlock
 70
     0
  3

 72
    65
 73
     0
 40
0.0
  0
LTYPE
  5
5C
330
5
100
AcDbSymbolTableRecord
100
AcDbLinetypeTableRecord
  2
ByLayer
 70
     0
  3

 72
    65
 73
     0
 40
0.0
  0
LTYPE
  5
5D
330
5
100
AcDbSymbolTableRecord
100
AcDbLinetypeTableRecord
  2
Continuous
 70
     0
  3
Solid line
 72
    65
 73
     0
 40
0.0
  0
ENDTAB
  0
TABLE
  2
LAYER
  5
2
330
0
100
AcDbSymbolTable
 70
     5
  0
LAYER
  5
54
330
2
100
AcDbSymbolTableRecord
100
AcDbLayerTableRecord
  2
0
 70
     0
 62
     7
  6
Continuous
370
    -3
390
F
347
21
348
0
  0
LAYER
  5
7A
330
2
100
AcDbSymbolTableRecord
100
AcDbLayerTableRecord
  2
W-S-D v1_1_ANYTOOL_1MMDEEP_LABELS_S
 70
     0
 62
     7
  6
Continuous
370
    -3
390
F
347
21
348
0
1001
NFusion_SketchTransform
1000
1.000000;0.000000;0.000000;0.000000;0.000000;1.000000;0.000000;0.000000;0.000000;0.000000;1.000000;0.000000;0.000000;0.000000;0.000000;1.000000
  0
LAYER
  5
7B
330
2
100
AcDbSymbolTableRecord
100
AcDbLayerTableRecord
  2
W-S-D v1_5_ANYTOOL_HALF_MILL_9MM_IN
 70
     0
 62
     7
  6
Continuous
370
    -3
390
F
347
21
348
0
1001
NFusion_SketchTransform
1000
1.000000;0.000000;0.000000;0.000000;0.000000;1.000000;0.000000;0.000000;0.000000;0.000000;1.000000;0.000000;0.000000;0.000000;0.000000;1.000000
  0
LAYER
  5
C4
330
2
100
AcDbSymbolTableRecord
100
AcDbLayerTableRecord
  2
W-S-D v1_3_ANYTOOL_CUTTHROUGH_INSID
 70
     0
 62
     7
  6
Continuous
370
    -3
390
F
347
21
348
0
1001
NFusion_SketchTransform
1000
1.000000;0.000000;0.000000;0.000000;0.000000;1.000000;0.000000;0.000000;0.000000;0.000000;1.000000;0.000000;0.000000;0.000000;0.000000;1.000000
  0
LAYER
  5
E9
330
2
100
AcDbSymbolTableRecord
100
AcDbLayerTableRecord
  2
W-S-D v1_4_ANYTOOL_CUTTHROUGH_OUTSI
 70
     0
 62
     7
  6
Continuous
370
    -3
390
F
347
21
348
0
1001
NFusion_SketchTransform
1000
1.000000;0.000000;0.000000;0.000000;0.000000;1.000000;0.000000;0.000000;0.000000;0.000000;1.000000;0.000000;0.000000;0.000000;0.000000;1.000000
  0
ENDTAB
  0
TABLE
  2
STYLE
  5
3
330
0
100
AcDbSymbolTable
 70
     2
  0
STYLE
  5
55
330
3
100
AcDbSymbolTableRecord
100
AcDbTextStyleTableRecord
  2
Standard
 70
     0
 40
0.0
 41
1.0
 50
0.0
 71
     0
 42
0.2
  3
txt
  4

  0
STYLE
  5
5A
330
3
100
AcDbSymbolTableRecord
100
AcDbTextStyleTableRecord
  2
Annotative
 70
     0
 40
0.0
 41
1.0
 50
0.0
 71
     0
 42
0.2
  3
txt
  4

1001
AcadAnnotative
1000
AnnotativeData
1002
{
1070
     1
1070
     1
1002
}
  0
ENDTAB
  0
TABLE
  2
VIEW
  5
6
330
0
100
AcDbSymbolTable
 70
     0
  0
ENDTAB
  0
TABLE
  2
UCS
  5
7
330
0
100
AcDbSymbolTable
 70
     0
  0
ENDTAB
  0
TABLE
  2
APPID
  5
9
330
0
100
AcDbSymbolTable
 70
     4
  0
APPID
  5
56
330
9
100
AcDbSymbolTableRecord
100
AcDbRegAppTableRecord
  2
ACAD
 70
     0
  0
APPID
  5
5E
330
9
100
AcDbSymbolTableRecord
100
AcDbRegAppTableRecord
  2
AcadAnnotative
 70
     0
  0
APPID
  5
78
330
9
100
AcDbSymbolTableRecord
100
AcDbRegAppTableRecord
  2
EDIT_IN_FUSION_ACAD_ADDIN
 70
     0
  0
APPID
  5
79
330
9
100
AcDbSymbolTableRecord
100
AcDbRegAppTableRecord
  2
NFusion_SketchTransform
 70
     0
  0
ENDTAB
  0
TABLE
  2
DIMSTYLE
  5
A
330
0
100
AcDbSymbolTable
 70
     2
100
AcDbDimStyleTable
 71
     0
  0
DIMSTYLE
105
58
330
A
100
AcDbSymbolTableRecord
100
AcDbDimStyleTableRecord
  2
Standard
 70
     0
340
55
  0
DIMSTYLE
105
59
330
A
100
AcDbSymbolTableRecord
100
AcDbDimStyleTableRecord
  2
Annotative
 70
     0
340
55
1001
AcadAnnotative
1000
AnnotativeData
1002
{
1070
     1
1070
     1
1002
}
  0
ENDTAB
  0
TABLE
  2
BLOCK_RECORD
  5
1
330
0
100
AcDbSymbolTable
 70
     1
  0
BLOCK_RECORD
  5
70
330
1
100
AcDbSymbolTableRecord
100
AcDbBlockTableRecord
  2
*Model_Space
340
73
 70
     0
280
     1
281
     0
  0
BLOCK_RECORD
  5
6C
330
1
100
AcDbSymbolTableRecord
100
AcDbBlockTableRecord
  2
*Paper_Space
340
6F
 70
     0
280
     1
281
     0
  0
BLOCK_RECORD
  5
74
330
1
100
AcDbSymbolTableRecord
100
AcDbBlockTableRecord
  2
*Paper_Space0
340
77
 70
     0
280
     1
281
     0
  0
ENDTAB
  0
ENDSEC
  0
SECTION
  2
BLOCKS
  0
BLOCK
  5
71
330
70
100
AcDbEntity
  8
0
100
AcDbBlockBegin
  2
*Model_Space
 70
     0
 10
0.0
 20
0.0
 30
0.0
  3
*Model_Space
  1

  0
ENDBLK
  5
72
330
70
100
AcDbEntity
  8
0
100
AcDbBlockEnd
  0
BLOCK
  5
6D
330
6C
100
AcDbEntity
 67
     1
  8
0
100
AcDbBlockBegin
  2
*Paper_Space
 70
     0
 10
0.0
 20
0.0
 30
0.0
  3
*Paper_Space
  1

  0
ENDBLK
  5
6E
330
6C
100
AcDbEntity
 67
     1
  8
0
100
AcDbBlockEnd
  0
BLOCK
  5
75
330
74
100
AcDbEntity
 67
     1
  8
0
100
AcDbBlockBegin
  2
*Paper_Space0
 70
     0
 10
0.0
 20
0.0
 30
0.0
  3
*Paper_Space0
  1

  0
ENDBLK
  5
76
330
74
100
AcDbEntity
 67
     1
  8
0
100
AcDbBlockEnd
  0
ENDSEC
  0
SECTION
  2
ENTITIES
  0
ARC
  5
7C
330
70
100
AcDbEntity
  8
W-S-D v1_5_ANYTOOL_HALF_MILL_9MM_IN
100
AcDbCircle
 10
-103.5613228549453
 20
-22.87749999971335
 30
0.0
 40
0.2125
100
AcDbArc
 50
180.0
 51
0.0
  0
ARC
  5
7D
330
70
100
AcDbEntity
  8
W-S-D v1_5_ANYTOOL_HALF_MILL_9MM_IN
100
AcDbCircle
 10
-97.56132285494532
 20
-22.87749999971306
 30
0.0
 40
0.2125
100
AcDbArc
 50
180.0
 51
0.0
  0
LINE
  5
7E
330
70
100
AcDbEntity
  8
W-S-D v1_5_ANYTOOL_HALF_MILL_9MM_IN
100
AcDbLine
 10
-91.34882285494496
 20
-27.74749999970854
 30
0.0
 11
-91.3488228549451
 21
-27.80999999970855
 31
0.0
  0
ARC
  5
7F
330
70
100
AcDbEntity
  8
W-S-D v1_5_ANYTOOL_HALF_MILL_9MM_IN
100
AcDbCircle
 10
-91.56132285494525
 20
-22.87749999971291
 30
0.0
 40
0.2125000000000725
100
AcDbArc
 50
180.0000000000392
 51
0.0000000000392742
  0
LINE
  5
80
330
70
100
AcDbEntity
  8
W-S-D v1_5_ANYTOOL_HALF_MILL_9MM_IN
100
AcDbLine
 10
-104.9567928549277
 20
-27.47399999969932
 30
0.0
 11
-105.0192928549277
 21
-27.47399999969918
 31
0.0
  0
LINE
  5
81
330
70
100
AcDbEntity
  8
W-S-D v1_5_ANYTOOL_HALF_MILL_9MM_IN
100
AcDbLine
 10
-85.01429285496135
 20
-25.52499999971553
 30
0.0
 11
-85.01429285496156
 21
-25.09999999971538
 31
0.0
  0
LINE
  5
82
330
70
100
AcDbEntity
  8
W-S-D v1_5_ANYTOOL_HALF_MILL_9MM_IN
100
AcDbLine
 10
-103.3488228549449
 20
-27.74749999970869
 30
0.0
 11
-103.3488228549451
 21
-27.80999999970869
 31
0.0
  0
LINE
  5
83
330
70
100
AcDbEntity
  8
W-S-D v1_5_ANYTOOL_HALF_MILL_9MM_IN
100
AcDbLine
 10
-105.0192928549209
 20
-23.15099999970191
 30
0.0
 11
-104.9567928549209
 21
-23.15099999970206
 31
0.0
  0
LINE
  5
84
330
70
100
AcDbEntity
  8
W-S-D v1_5_ANYTOOL_HALF_MILL_9MM_IN
100
AcDbLine
 10
-97.34882285494533
 20
-22.87749999971306
 30
0.0
 11
-97.34882285494533
 21
-22.81499999971305
 31
0.0
  0
ARC
  5
85
330
70
100
AcDbEntity
  8
W-S-D v1_5_ANYTOOL_HALF_MILL_9MM_IN
100
AcDbCircle
 10
-85.07679285496207
 20
-27.26149999970893
 30
0.0
 40
0.212500000000146
100
AcDbArc
 50
89.99999999956703
 51
269.999999999567
  0
LINE
  5
86
330
70
100
AcDbEntity
  8
W-S-D v1_5_ANYTOOL_HALF_MILL_9MM_IN
100
AcDbLine
 10
-101.2597628549447
 20
-27.80999999970826
 30
0.0
 11
-101.6847628549446
 21
-27.80999999970826
 31
0.0
  0
LINE
  5
87
330
70
100
AcDbEntity
  8
W-S-D v1_5_ANYTOOL_HALF_MILL_9MM_IN
100
AcDbLine
 10
-97.77382285494532
 20
-22.81499999971305
 30
0.0
 11
-97.77382285494532
 21
-22.87749999971306
 31
0.0
  0
LINE
  5
88
330
70
100
AcDbEntity
  8
W-S-D v1_5_ANYTOOL_HALF_MILL_9MM_IN
100
AcDbLine
 10
-101.6847628549448
 20
-22.81499999971305
 30
0.0
 11
-101.6847628549449
 21
-22.87749999971306
 31
0.0
  0
LINE
  5
89
330
70
100
AcDbEntity
  8
W-S-D v1_5_ANYTOOL_HALF_MILL_9MM_IN
100
AcDbLine
 10
-95.25976285494518
 20
-22.87749999971262
 30
0.0
 11
-95.25976285494497
 21
-22.81499999971262
 31
0.0
  0
ARC
  5
8A
330
70
100
AcDbEntity
  8
W-S-D v1_5_ANYTOOL_HALF_MILL_9MM_IN
100
AcDbCircle
 10
-85.07679285496251
 20
-25.31249999971539
 30
0.0
 40
0.2125000000001463
100
AcDbArc
 50
89.99999999974711
 51
269.9999999997471
  0
LINE
  5
8B
330
70
100
AcDbEntity
  8
W-S-D v1_5_ANYTOOL_HALF_MILL_9MM_IN
100
AcDbLine
 10
-89.25976285494497
 20
-22.81499999971262
 30
0.0
 11
-89.68476285494489
 21
-22.81499999971262
 31
0.0
  0
LINE
  5
8C
330
70
100
AcDbEntity
  8
W-S-D v1_5_ANYTOOL_HALF_MILL_9MM_IN
100
AcDbLine
 10
-97.7738228549451
 20
-27.80999999970855
 30
0.0
 11
-97.77382285494507
 21
-27.74749999970854
 31
0.0
  0
LINE
  5
8D
330
70
100
AcDbEntity
  8
W-S-D v1_5_ANYTOOL_HALF_MILL_9MM_IN
100
AcDbLine
 10
-95.25976285494497
 20
-22.81499999971262
 30
0.0
 11
-95.68476285494488
 21
-22.81499999971277
 31
0.0
  0
LINE
  5
8E
330
70
100
AcDbEntity
  8
W-S-D v1_5_ANYTOOL_HALF_MILL_9MM_IN
100
AcDbLine
 10
-85.01429285496048
 20
-27.04899999970863
 30
0.0
 11
-85.07679285496047
 21
-27.04899999970878
 31
0.0
  0
LINE
  5
8F
330
70
100
AcDbEntity
  8
W-S-D v1_5_ANYTOOL_HALF_MILL_9MM_IN
100
AcDbLine
 10
-104.9567928549246
 20
-25.52499999970578
 30
0.0
 11
-105.0192928549246
 21
-25.52499999970578
 31
0.0
  0
LINE
  5
90
330
70
100
AcDbEntity
  8
W-S-D v1_5_ANYTOOL_HALF_MILL_9MM_IN
100
AcDbLine
 10
-85.01429285496019
 20
-27.47399999970863
 30
0.0
 11
-85.01429285496048
 21
-27.04899999970863
 31
0.0
  0
LINE
  5
91
330
70
100
AcDbEntity
  8
W-S-D v1_5_ANYTOOL_HALF_MILL_9MM_IN
100
AcDbLine
 10
-85.07679285496241
 20
-23.5759999997118
 30
0.0
 11
-85.01429285496243
 21
-23.57599999971151
 31
0.0
  0
LINE
  5
92
330
70
100
AcDbEntity
  8
W-S-D v1_5_ANYTOOL_HALF_MILL_9MM_IN
100
AcDbLine
 10
-85.01429285496156
 20
-25.09999999971538
 30
0.0
 11
-85.07679285496157
 21
-25.09999999971524
 31
0.0
  0
LINE
  5
93
330
70
100
AcDbEntity
  8
W-S-D v1_5_ANYTOOL_HALF_MILL_9MM_IN
100
AcDbLine
 10
-103.3488228549454
 20
-22.81499999971335
 30
0.0
 11
-103.7738228549453
 21
-22.81499999971335
 31
0.0
  0
LINE
  5
94
330
70
100
AcDbEntity
  8
W-S-D v1_5_ANYTOOL_HALF_MILL_9MM_IN
100
AcDbLine
 10
-105.0192928549216
 20
-23.57599999970206
 30
0.0
 11
-105.0192928549209
 21
-23.15099999970191
 31
0.0
  0
ARC
  5
95
330
70
100
AcDbEntity
  8
W-S-D v1_5_ANYTOOL_HALF_MILL_9MM_IN
100
AcDbCircle
 10
95.47226285494472
 20
-27.74749999970767
 30
0.0
 40
0.2124999999999638
210
0.0
220
0.0
230
-1.0
100
AcDbArc
 50
359.9999999998822
 51
179.9999999998822
  0
LINE
  5
96
330
70
100
AcDbEntity
  8
W-S-D v1_5_ANYTOOL_HALF_MILL_9MM_IN
100
AcDbLine
 10
-103.3488228549451
 20
-27.80999999970869
 30
0.0
 11
-103.773822854945
 21
-27.80999999970884
 31
0.0
  0
LINE
  5
97
330
70
100
AcDbEntity
  8
W-S-D v1_5_ANYTOOL_HALF_MILL_9MM_IN
100
AcDbLine
 10
-103.7738228549453
 20
-22.81499999971335
 30
0.0
 11
-103.7738228549453
 21
-22.87749999971335
 31
0.0
  0
ARC
  5
98
330
70
100
AcDbEntity
  8
W-S-D v1_5_ANYTOOL_HALF_MILL_9MM_IN
100
AcDbCircle
 10
101.4722628549446
 20
-27.74749999970811
 30
0.0
 40
0.2125000000000725
210
0.0
220
0.0
230
-1.0
100
AcDbArc
 50
359.9999999999607
 51
179.9999999999607
  0
LINE
  5
99
330
70
100
AcDbEntity
  8
W-S-D v1_5_ANYTOOL_HALF_MILL_9MM_IN
100
AcDbLine
 10
-89.68476285494489
 20
-22.81499999971262
 30
0.0
 11
-89.68476285494492
 21
-22.87749999971262
 31
0.0
  0
LINE
  5
9A
330
70
100
AcDbEntity
  8
W-S-D v1_5_ANYTOOL_HALF_MILL_9MM_IN
100
AcDbLine
 10
-85.01429285496243
 20
-23.57599999971151
 30
0.0
 11
-85.01429285496273
 21
-23.15099999971137
 31
0.0
  0
LINE
  5
9B
330
70
100
AcDbEntity
  8
W-S-D v1_5_ANYTOOL_HALF_MILL_9MM_IN
100
AcDbLine
 10
-105.019292854924
 20
-25.09999999970564
 30
0.0
 11
-104.956792854924
 21
-25.09999999970578
 31
0.0
  0
LINE
  5
9C
330
70
100
AcDbEntity
  8
W-S-D v1_5_ANYTOOL_HALF_MILL_9MM_IN
100
AcDbLine
 10
-103.3488228549453
 20
-22.87749999971335
 30
0.0
 11
-103.3488228549454
 21
-22.81499999971335
 31
0.0
  0
LINE
  5
9D
330
70
100
AcDbEntity
  8
W-S-D v1_5_ANYTOOL_HALF_MILL_9MM_IN
100
AcDbLine
 10
-105.0192928549269
 20
-27.04899999969918
 30
0.0
 11
-104.956792854927
 21
-27.04899999969932
 31
0.0
  0
LINE
  5
9E
330
70
100
AcDbEntity
  8
W-S-D v1_5_ANYTOOL_HALF_MILL_9MM_IN
100
AcDbLine
 10
-91.34882285494532
 20
-22.81499999971305
 30
0.0
 11
-91.77382285494536
 21
-22.81499999971305
 31
0.0
  0
ARC
  5
9F
330
70
100
AcDbEntity
  8
W-S-D v1_5_ANYTOOL_HALF_MILL_9MM_IN
100
AcDbCircle
 10
104.9567928549202
 20
-23.36349999970205
 30
0.0
 40
0.2125000000000003
210
0.0
220
0.0
230
-1.0
100
AcDbArc
 50
89.99999999980458
 51
269.9999999998046
  0
LINE
  5
A0
330
70
100
AcDbEntity
  8
W-S-D v1_5_ANYTOOL_HALF_MILL_9MM_IN
100
AcDbLine
 10
-101.2597628549451
 20
-22.87749999971335
 30
0.0
 11
-101.2597628549449
 21
-22.81499999971291
 31
0.0
  0
ARC
  5
A1
330
70
100
AcDbEntity
  8
W-S-D v1_5_ANYTOOL_HALF_MILL_9MM_IN
100
AcDbCircle
 10
97.5613228549451
 20
-27.74749999970884
 30
0.0
 40
0.2124999999999638
210
0.0
220
0.0
230
-1.0
100
AcDbArc
 50
0.0000000000785485
 51
180.0000000000785
  0
LINE
  5
A2
330
70
100
AcDbEntity
  8
W-S-D v1_5_ANYTOOL_HALF_MILL_9MM_IN
100
AcDbLine
 10
-91.3488228549451
 20
-27.80999999970855
 30
0.0
 11
-91.77382285494507
 21
-27.80999999970855
 31
0.0
  0
LINE
  5
A3
330
70
100
AcDbEntity
  8
W-S-D v1_5_ANYTOOL_HALF_MILL_9MM_IN
100
AcDbLine
 10
-105.0192928549246
 20
-25.52499999970578
 30
0.0
 11
-105.019292854924
 21
-25.09999999970564
 31
0.0
  0
ARC
  5
A4
330
70
100
AcDbEntity
  8
W-S-D v1_5_ANYTOOL_HALF_MILL_9MM_IN
100
AcDbCircle
 10
104.9567928549255
 20
-27.26149999969932
 30
0.0
 40
0.2125
210
0.0
220
0.0
230
-1.0
100
AcDbArc
 50
89.99999999960918
 51
269.9999999996091
  0
LINE
  5
A5
330
70
100
AcDbEntity
  8
W-S-D v1_5_ANYTOOL_HALF_MILL_9MM_IN
100
AcDbLine
 10
-89.25976285494508
 20
-22.87749999971262
 30
0.0
 11
-89.25976285494497
 21
-22.81499999971262
 31
0.0
  0
LINE
  5
A6
330
70
100
AcDbEntity
  8
W-S-D v1_5_ANYTOOL_HALF_MILL_9MM_IN
100
AcDbLine
 10
-97.34882285494514
 20
-27.74749999970913
 30
0.0
 11
-97.34882285494514
 21
-27.80999999970855
 31
0.0
  0
LINE
  5
A7
330
70
100
AcDbEntity
  8
W-S-D v1_5_ANYTOOL_HALF_MILL_9MM_IN
100
AcDbLine
 10
-89.68476285494467
 20
-27.80999999970811
 30
0.0
 11
-89.68476285494471
 21
-27.74749999970811
 31
0.0
  0
LINE
  5
A8
330
70
100
AcDbEntity
  8
W-S-D v1_5_ANYTOOL_HALF_MILL_9MM_IN
100
AcDbLine
 10
-91.77382285494507
 20
-27.80999999970855
 30
0.0
 11
-91.77382285494502
 21
-27.74749999970854
 31
0.0
  0
LINE
  5
A9
330
70
100
AcDbEntity
  8
W-S-D v1_5_ANYTOOL_HALF_MILL_9MM_IN
100
AcDbLine
 10
-103.773822854945
 20
-27.80999999970884
 30
0.0
 11
-103.773822854945
 21
-27.74749999970884
 31
0.0
  0
ARC
  5
AA
330
70
100
AcDbEntity
  8
W-S-D v1_5_ANYTOOL_HALF_MILL_9MM_IN
100
AcDbCircle
 10
104.9567928549233
 20
-25.31249999970578
 30
0.0
 40
0.2124999999999996
210
0.0
220
0.0
230
-1.0
100
AcDbArc
 50
89.99999999983142
 51
269.9999999998314
  0
LINE
  5
AB
330
70
100
AcDbEntity
  8
W-S-D v1_5_ANYTOOL_HALF_MILL_9MM_IN
100
AcDbLine
 10
-89.25976285494463
 20
-27.80999999970811
 30
0.0
 11
-89.68476285494467
 21
-27.80999999970811
 31
0.0
  0
LINE
  5
AC
330
70
100
AcDbEntity
  8
W-S-D v1_5_ANYTOOL_HALF_MILL_9MM_IN
100
AcDbLine
 10
-101.2597628549446
 20
-27.74749999970796
 30
0.0
 11
-101.2597628549447
 21
-27.80999999970826
 31
0.0
  0
LINE
  5
AD
330
70
100
AcDbEntity
  8
W-S-D v1_5_ANYTOOL_HALF_MILL_9MM_IN
100
AcDbLine
 10
-97.34882285494514
 20
-27.80999999970855
 30
0.0
 11
-97.7738228549451
 21
-27.80999999970855
 31
0.0
  0
ARC
  5
AE
330
70
100
AcDbEntity
  8
W-S-D v1_5_ANYTOOL_HALF_MILL_9MM_IN
100
AcDbCircle
 10
-85.0767928549644
 20
-23.36349999971166
 30
0.0
 40
0.2125000000001453
100
AcDbArc
 50
89.99999999954786
 51
269.9999999995479
  0
LINE
  5
AF
330
70
100
AcDbEntity
  8
W-S-D v1_5_ANYTOOL_HALF_MILL_9MM_IN
100
AcDbLine
 10
-85.01429285496273
 20
-23.15099999971137
 30
0.0
 11
-85.07679285496273
 21
-23.15099999971151
 31
0.0
  0
LINE
  5
B0
330
70
100
AcDbEntity
  8
W-S-D v1_5_ANYTOOL_HALF_MILL_9MM_IN
100
AcDbLine
 10
-95.25976285494463
 20
-27.80999999970796
 30
0.0
 11
-95.68476285494464
 21
-27.80999999970811
 31
0.0
  0
LINE
  5
B1
330
70
100
AcDbEntity
  8
W-S-D v1_5_ANYTOOL_HALF_MILL_9MM_IN
100
AcDbLine
 10
-85.07679285496346
 20
-25.52499999971554
 30
0.0
 11
-85.01429285496135
 21
-25.52499999971553
 31
0.0
  0
LINE
  5
B2
330
70
100
AcDbEntity
  8
W-S-D v1_5_ANYTOOL_HALF_MILL_9MM_IN
100
AcDbLine
 10
-89.25976285494478
 20
-27.74749999970811
 30
0.0
 11
-89.25976285494463
 21
-27.80999999970811
 31
0.0
  0
ARC
  5
B3
330
70
100
AcDbEntity
  8
W-S-D v1_5_ANYTOOL_HALF_MILL_9MM_IN
100
AcDbCircle
 10
-101.472262854945
 20
-22.8774999997132
 30
0.0
 40
0.2124999999998906
100
AcDbArc
 50
179.9999999999607
 51
359.9999999999607
  0
LINE
  5
B4
330
70
100
AcDbEntity
  8
W-S-D v1_5_ANYTOOL_HALF_MILL_9MM_IN
100
AcDbLine
 10
-101.6847628549446
 20
-27.80999999970826
 30
0.0
 11
-101.6847628549447
 21
-27.74749999970826
 31
0.0
  0
LINE
  5
B5
330
70
100
AcDbEntity
  8
W-S-D v1_5_ANYTOOL_HALF_MILL_9MM_IN
100
AcDbLine
 10
-95.68476285494464
 20
-27.80999999970811
 30
0.0
 11
-95.68476285494467
 21
-27.74749999970811
 31
0.0
  0
ARC
  5
B6
330
70
100
AcDbEntity
  8
W-S-D v1_5_ANYTOOL_HALF_MILL_9MM_IN
100
AcDbCircle
 10
-95.47226285494504
 20
-22.87749999971291
 30
0.0
 40
0.2124999999998545
100
AcDbArc
 50
179.9999999999607
 51
359.9999999999607
  0
LINE
  5
B7
330
70
100
AcDbEntity
  8
W-S-D v1_5_ANYTOOL_HALF_MILL_9MM_IN
100
AcDbLine
 10
-105.0192928549277
 20
-27.47399999969918
 30
0.0
 11
-105.0192928549269
 21
-27.04899999969918
 31
0.0
  0
LINE
  5
B8
330
70
100
AcDbEntity
  8
W-S-D v1_5_ANYTOOL_HALF_MILL_9MM_IN
100
AcDbLine
 10
-97.34882285494533
 20
-22.81499999971305
 30
0.0
 11
-97.77382285494532
 21
-22.81499999971305
 31
0.0
  0
ARC
  5
B9
330
70
100
AcDbEntity
  8
W-S-D v1_5_ANYTOOL_HALF_MILL_9MM_IN
100
AcDbCircle
 10
89.47226285494474
 20
-27.74749999970811
 30
0.0
 40
0.2124999999999645
210
0.0
220
0.0
230
-1.0
100
AcDbArc
 50
0.0
 51
180.0
  0
ARC
  5
BA
330
70
100
AcDbEntity
  8
W-S-D v1_5_ANYTOOL_HALF_MILL_9MM_IN
100
AcDbCircle
 10
91.56132285494498
 20
-27.74749999970869
 30
0.0
 40
0.2125000000000369
210
0.0
220
0.0
230
-1.0
100
AcDbArc
 50
0.0000000000392742
 51
180.0000000000392
  0
LINE
  5
BB
330
70
100
AcDbEntity
  8
W-S-D v1_5_ANYTOOL_HALF_MILL_9MM_IN
100
AcDbLine
 10
-101.2597628549449
 20
-22.81499999971291
 30
0.0
 11
-101.6847628549448
 21
-22.81499999971305
 31
0.0
  0
LINE
  5
BC
330
70
100
AcDbEntity
  8
W-S-D v1_5_ANYTOOL_HALF_MILL_9MM_IN
100
AcDbLine
 10
-95.25976285494476
 20
-27.74749999970724
 30
0.0
 11
-95.25976285494463
 21
-27.80999999970796
 31
0.0
  0
LINE
  5
BD
330
70
100
AcDbEntity
  8
W-S-D v1_5_ANYTOOL_HALF_MILL_9MM_IN
100
AcDbLine
 10
-104.9567928549195
 20
-23.57599999970206
 30
0.0
 11
-105.0192928549216
 21
-23.57599999970206
 31
0.0
  0
LINE
  5
BE
330
70
100
AcDbEntity
  8
W-S-D v1_5_ANYTOOL_HALF_MILL_9MM_IN
100
AcDbLine
 10
-85.07679285496369
 20
-27.47399999970907
 30
0.0
 11
-85.01429285496019
 21
-27.47399999970863
 31
0.0
  0
ARC
  5
BF
330
70
100
AcDbEntity
  8
W-S-D v1_5_ANYTOOL_HALF_MILL_9MM_IN
100
AcDbCircle
 10
103.561322854945
 20
-27.74749999970869
 30
0.0
 40
0.2125000000000369
210
0.0
220
0.0
230
-1.0
100
AcDbArc
 50
359.9999999999607
 51
179.9999999999607
  0
ARC
  5
C0
330
70
100
AcDbEntity
  8
W-S-D v1_5_ANYTOOL_HALF_MILL_9MM_IN
100
AcDbCircle
 10
-89.47226285494499
 20
-22.87749999971291
 30
0.0
 40
0.2124999999999275
100
AcDbArc
 50
179.9999999999214
 51
359.9999999999214
  0
LINE
  5
C1
330
70
100
AcDbEntity
  8
W-S-D v1_5_ANYTOOL_HALF_MILL_9MM_IN
100
AcDbLine
 10
-91.34882285494517
 20
-22.87749999971277
 30
0.0
 11
-91.34882285494532
 21
-22.81499999971305
 31
0.0
  0
LINE
  5
C2
330
70
100
AcDbEntity
  8
W-S-D v1_5_ANYTOOL_HALF_MILL_9MM_IN
100
AcDbLine
 10
-91.77382285494536
 20
-22.81499999971305
 30
0.0
 11
-91.77382285494532
 21
-22.87749999971306
 31
0.0
  0
LINE
  5
C3
330
70
100
AcDbEntity
  8
W-S-D v1_5_ANYTOOL_HALF_MILL_9MM_IN
100
AcDbLine
 10
-95.68476285494488
 20
-22.81499999971277
 30
0.0
 11
-95.68476285494488
 21
-22.87749999971277
 31
0.0
  0
LINE
  5
C5
330
70
100
AcDbEntity
  8
W-S-D v1_3_ANYTOOL_CUTTHROUGH_INSID
100
AcDbLine
 10
-99.66929285494694
 20
-24.70999999971044
 30
0.0
 11
-99.66929285494698
 21
-24.83499999971044
 31
0.0
  0
LINE
  5
C6
330
70
100
AcDbEntity
  8
W-S-D v1_3_ANYTOOL_CUTTHROUGH_INSID
100
AcDbLine
 10
-87.36429285494699
 20
-24.83499999971058
 30
0.0
 11
-87.36429285494693
 21
-24.70999999971058
 31
0.0
  0
LINE
  5
C7
330
70
100
AcDbEntity
  8
W-S-D v1_3_ANYTOOL_CUTTHROUGH_INSID
100
AcDbLine
 10
-87.60929285494697
 20
-24.83499999971058
 30
0.0
 11
-87.60929285494682
 21
-25.78999999971058
 31
0.0
  0
LINE
  5
C8
330
70
100
AcDbEntity
  8
W-S-D v1_3_ANYTOOL_CUTTHROUGH_INSID
100
AcDbLine
 10
-93.36429285494684
 20
-25.78999999971058
 30
0.0
 11
-93.42429285494683
 21
-25.78999999971058
 31
0.0
  0
LINE
  5
C9
330
70
100
AcDbEntity
  8
W-S-D v1_3_ANYTOOL_CUTTHROUGH_INSID
100
AcDbLine
 10
-99.36429285494684
 20
-25.78999999971044
 30
0.0
 11
-99.42429285494682
 21
-25.78999999971044
 31
0.0
  0
LINE
  5
CA
330
70
100
AcDbEntity
  8
W-S-D v1_3_ANYTOOL_CUTTHROUGH_INSID
100
AcDbLine
 10
-99.42429285494698
 20
-24.83499999971044
 30
0.0
 11
-99.36429285494698
 21
-24.83499999971044
 31
0.0
  0
LINE
  5
CB
330
70
100
AcDbEntity
  8
W-S-D v1_3_ANYTOOL_CUTTHROUGH_INSID
100
AcDbLine
 10
-87.42429285494683
 20
-25.78999999971058
 30
0.0
 11
-87.42429285494699
 21
-24.83499999971058
 31
0.0
  0
LINE
  5
CC
330
70
100
AcDbEntity
  8
W-S-D v1_3_ANYTOOL_CUTTHROUGH_INSID
100
AcDbLine
 10
-99.66929285494698
 20
-24.83499999971044
 30
0.0
 11
-99.609292854947
 21
-24.83499999971044
 31
0.0
  0
LINE
  5
CD
330
70
100
AcDbEntity
  8
W-S-D v1_3_ANYTOOL_CUTTHROUGH_INSID
100
AcDbLine
 10
-99.60929285494684
 20
-25.78999999971044
 30
0.0
 11
-99.66929285494684
 21
-25.78999999971044
 31
0.0
  0
LINE
  5
CE
330
70
100
AcDbEntity
  8
W-S-D v1_3_ANYTOOL_CUTTHROUGH_INSID
100
AcDbLine
 10
-87.66929285494695
 20
-24.70999999971058
 30
0.0
 11
-87.66929285494697
 21
-24.83499999971058
 31
0.0
  0
LINE
  5
CF
330
70
100
AcDbEntity
  8
W-S-D v1_3_ANYTOOL_CUTTHROUGH_INSID
100
AcDbLine
 10
-87.66929285494697
 20
-24.83499999971058
 30
0.0
 11
-87.60929285494697
 21
-24.83499999971058
 31
0.0
  0
LINE
  5
D0
330
70
100
AcDbEntity
  8
W-S-D v1_3_ANYTOOL_CUTTHROUGH_INSID
100
AcDbLine
 10
-93.66929285494682
 20
-25.78999999971058
 30
0.0
 11
-93.66929285494688
 21
-25.91499999971058
 31
0.0
  0
LINE
  5
D1
330
70
100
AcDbEntity
  8
W-S-D v1_3_ANYTOOL_CUTTHROUGH_INSID
100
AcDbLine
 10
-99.36429285494698
 20
-24.83499999971044
 30
0.0
 11
-99.36429285494694
 21
-24.70999999971044
 31
0.0
  0
LINE
  5
D2
330
70
100
AcDbEntity
  8
W-S-D v1_3_ANYTOOL_CUTTHROUGH_INSID
100
AcDbLine
 10
-87.36429285494686
 20
-25.91499999971058
 30
0.0
 11
-87.36429285494685
 21
-25.78999999971058
 31
0.0
  0
LINE
  5
D3
330
70
100
AcDbEntity
  8
W-S-D v1_3_ANYTOOL_CUTTHROUGH_INSID
100
AcDbLine
 10
-87.36429285494685
 20
-25.78999999971058
 30
0.0
 11
-87.42429285494683
 21
-25.78999999971058
 31
0.0
  0
LINE
  5
D4
330
70
100
AcDbEntity
  8
W-S-D v1_3_ANYTOOL_CUTTHROUGH_INSID
100
AcDbLine
 10
-93.36429285494686
 20
-25.91499999971058
 30
0.0
 11
-93.36429285494684
 21
-25.78999999971058
 31
0.0
  0
LINE
  5
D5
330
70
100
AcDbEntity
  8
W-S-D v1_3_ANYTOOL_CUTTHROUGH_INSID
100
AcDbLine
 10
-93.66929285494688
 20
-25.91499999971058
 30
0.0
 11
-93.36429285494686
 21
-25.91499999971058
 31
0.0
  0
LINE
  5
D6
330
70
100
AcDbEntity
  8
W-S-D v1_3_ANYTOOL_CUTTHROUGH_INSID
100
AcDbLine
 10
-93.60929285494682
 20
-25.78999999971058
 30
0.0
 11
-93.66929285494682
 21
-25.78999999971058
 31
0.0
  0
LINE
  5
D7
330
70
100
AcDbEntity
  8
W-S-D v1_3_ANYTOOL_CUTTHROUGH_INSID
100
AcDbLine
 10
-99.66929285494687
 20
-25.91499999971043
 30
0.0
 11
-99.36429285494687
 21
-25.91499999971043
 31
0.0
  0
LINE
  5
D8
330
70
100
AcDbEntity
  8
W-S-D v1_3_ANYTOOL_CUTTHROUGH_INSID
100
AcDbLine
 10
-87.60929285494682
 20
-25.78999999971058
 30
0.0
 11
-87.66929285494683
 21
-25.78999999971058
 31
0.0
  0
LINE
  5
D9
330
70
100
AcDbEntity
  8
W-S-D v1_3_ANYTOOL_CUTTHROUGH_INSID
100
AcDbLine
 10
-99.66929285494684
 20
-25.78999999971044
 30
0.0
 11
-99.66929285494687
 21
-25.91499999971043
 31
0.0
  0
LINE
  5
DA
330
70
100
AcDbEntity
  8
W-S-D v1_3_ANYTOOL_CUTTHROUGH_INSID
100
AcDbLine
 10
-99.42429285494682
 20
-25.78999999971044
 30
0.0
 11
-99.42429285494698
 21
-24.83499999971044
 31
0.0
  0
LINE
  5
DB
330
70
100
AcDbEntity
  8
W-S-D v1_3_ANYTOOL_CUTTHROUGH_INSID
100
AcDbLine
 10
-99.609292854947
 20
-24.83499999971044
 30
0.0
 11
-99.60929285494684
 21
-25.78999999971044
 31
0.0
  0
LINE
  5
DC
330
70
100
AcDbEntity
  8
W-S-D v1_3_ANYTOOL_CUTTHROUGH_INSID
100
AcDbLine
 10
-87.42429285494699
 20
-24.83499999971058
 30
0.0
 11
-87.36429285494699
 21
-24.83499999971058
 31
0.0
  0
LINE
  5
DD
330
70
100
AcDbEntity
  8
W-S-D v1_3_ANYTOOL_CUTTHROUGH_INSID
100
AcDbLine
 10
-87.66929285494688
 20
-25.91499999971058
 30
0.0
 11
-87.36429285494686
 21
-25.91499999971058
 31
0.0
  0
LINE
  5
DE
330
70
100
AcDbEntity
  8
W-S-D v1_3_ANYTOOL_CUTTHROUGH_INSID
100
AcDbLine
 10
-93.36429285494698
 20
-24.83499999971058
 30
0.0
 11
-93.36429285494693
 21
-24.70999999971058
 31
0.0
  0
LINE
  5
DF
330
70
100
AcDbEntity
  8
W-S-D v1_3_ANYTOOL_CUTTHROUGH_INSID
100
AcDbLine
 10
-99.36429285494694
 20
-24.70999999971044
 30
0.0
 11
-99.66929285494694
 21
-24.70999999971044
 31
0.0
  0
LINE
  5
E0
330
70
100
AcDbEntity
  8
W-S-D v1_3_ANYTOOL_CUTTHROUGH_INSID
100
AcDbLine
 10
-93.66929285494695
 20
-24.70999999971058
 30
0.0
 11
-93.66929285494697
 21
-24.83499999971058
 31
0.0
  0
LINE
  5
E1
330
70
100
AcDbEntity
  8
W-S-D v1_3_ANYTOOL_CUTTHROUGH_INSID
100
AcDbLine
 10
-93.42429285494699
 20
-24.83499999971058
 30
0.0
 11
-93.36429285494698
 21
-24.83499999971058
 31
0.0
  0
LINE
  5
E2
330
70
100
AcDbEntity
  8
W-S-D v1_3_ANYTOOL_CUTTHROUGH_INSID
100
AcDbLine
 10
-93.36429285494693
 20
-24.70999999971058
 30
0.0
 11
-93.66929285494695
 21
-24.70999999971058
 31
0.0
  0
LINE
  5
E3
330
70
100
AcDbEntity
  8
W-S-D v1_3_ANYTOOL_CUTTHROUGH_INSID
100
AcDbLine
 10
-87.36429285494693
 20
-24.70999999971058
 30
0.0
 11
-87.66929285494695
 21
-24.70999999971058
 31
0.0
  0
LINE
  5
E4
330
70
100
AcDbEntity
  8
W-S-D v1_3_ANYTOOL_CUTTHROUGH_INSID
100
AcDbLine
 10
-99.36429285494687
 20
-25.91499999971043
 30
0.0
 11
-99.36429285494684
 21
-25.78999999971044
 31
0.0
  0
LINE
  5
E5
330
70
100
AcDbEntity
  8
W-S-D v1_3_ANYTOOL_CUTTHROUGH_INSID
100
AcDbLine
 10
-93.42429285494683
 20
-25.78999999971058
 30
0.0
 11
-93.42429285494699
 21
-24.83499999971058
 31
0.0
  0
LINE
  5
E6
330
70
100
AcDbEntity
  8
W-S-D v1_3_ANYTOOL_CUTTHROUGH_INSID
100
AcDbLine
 10
-93.60929285494698
 20
-24.83499999971058
 30
0.0
 11
-93.60929285494682
 21
-25.78999999971058
 31
0.0
  0
LINE
  5
E7
330
70
100
AcDbEntity
  8
W-S-D v1_3_ANYTOOL_CUTTHROUGH_INSID
100
AcDbLine
 10
-93.66929285494697
 20
-24.83499999971058
 30
0.0
 11
-93.60929285494698
 21
-24.83499999971058
 31
0.0
  0
LINE
  5
E8
330
70
100
AcDbEntity
  8
W-S-D v1_3_ANYTOOL_CUTTHROUGH_INSID
100
AcDbLine
 10
-87.66929285494683
 20
-25.78999999971058
 30
0.0
 11
-87.66929285494688
 21
-25.91499999971058
 31
0.0
  0
LINE
  5
EA
330
70
100
AcDbEntity
  8
W-S-D v1_4_ANYTOOL_CUTTHROUGH_OUTSI
100
AcDbLine
 10
-91.02382441516311
 20
-24.70452246785668
 30
0.0
 11
-91.02347347004245
 21
-24.70656783935607
 31
0.0
  0
LINE
  5
EB
330
70
100
AcDbEntity
  8
W-S-D v1_4_ANYTOOL_CUTTHROUGH_OUTSI
100
AcDbLine
 10
-90.52459614061584
 20
-24.65178352564337
 30
0.0
 11
-90.52835988791995
 21
-24.64333670075438
 31
0.0
  0
LINE
  5
EC
330
70
100
AcDbEntity
  8
W-S-D v1_4_ANYTOOL_CUTTHROUGH_OUTSI
100
AcDbLine
 10
-90.55809000997681
 20
-25.87715030714367
 30
0.0
 11
-90.55608418999669
 21
-25.87768265407528
 31
0.0
  0
LINE
  5
ED
330
70
100
AcDbEntity
  8
W-S-D v1_4_ANYTOOL_CUTTHROUGH_OUTSI
100
AcDbLine
 10
-91.01990735566564
 20
-24.71847514789228
 30
0.0
 11
-91.01907623490683
 21
-24.72037671180988
 31
0.0
  0
LINE
  5
EE
330
70
100
AcDbEntity
  8
W-S-D v1_4_ANYTOOL_CUTTHROUGH_OUTSI
100
AcDbLine
 10
-90.51402680648383
 20
-24.68184696479287
 30
0.0
 11
-90.51453047070282
 21
-24.67983375109267
 31
0.0
  0
LINE
  5
EF
330
70
100
AcDbEntity
  8
W-S-D v1_4_ANYTOOL_CUTTHROUGH_OUTSI
100
AcDbLine
 10
-90.54138556095903
 20
-24.61885530026928
 30
0.0
 11
-90.54628797088737
 21
-24.61101431682528
 31
0.0
  0
LINE
  5
F0
330
70
100
AcDbEntity
  8
W-S-D v1_4_ANYTOOL_CUTTHROUGH_OUTSI
100
AcDbLine
 10
-90.51453047070282
 20
-24.67983375109267
 30
0.0
 11
-90.51510345562821
 21
-24.67783915957478
 31
0.0
  0
LINE
  5
F1
330
70
100
AcDbEntity
  8
W-S-D v1_4_ANYTOOL_CUTTHROUGH_OUTSI
100
AcDbLine
 10
-90.57247602865436
 20
-25.87540013518298
 30
0.0
 11
-90.57040107829076
 21
-25.87543602440838
 31
0.0
  0
LINE
  5
F2
330
70
100
AcDbEntity
  8
W-S-D v1_4_ANYTOOL_CUTTHROUGH_OUTSI
100
AcDbLine
 10
-90.54093950738623
 20
-24.74644372269857
 30
0.0
 11
-90.53919315590038
 21
-24.74532257884697
 31
0.0
  0
LINE
  5
F3
330
70
100
AcDbEntity
  8
W-S-D v1_4_ANYTOOL_CUTTHROUGH_OUTSI
100
AcDbLine
 10
-90.56420103217295
 20
-25.87597350450927
 30
0.0
 11
-90.56215086007776
 21
-25.87629522088768
 31
0.0
  0
LINE
  5
F4
330
70
100
AcDbEntity
  8
W-S-D v1_4_ANYTOOL_CUTTHROUGH_OUTSI
100
AcDbLine
 10
-90.92046286745915
 20
-26.09249914227806
 30
0.0
 11
-90.92794505391212
 21
-26.08706485020308
 31
0.0
  0
LINE
  5
F5
330
70
100
AcDbEntity
  8
W-S-D v1_4_ANYTOOL_CUTTHROUGH_OUTSI
100
AcDbLine
 10
-90.98289999329058
 20
-24.75251622150427
 30
0.0
 11
-90.98091378299011
 21
-24.75311761629217
 31
0.0
  0
LINE
  5
F6
330
70
100
AcDbEntity
  8
W-S-D v1_4_ANYTOOL_CUTTHROUGH_OUTSI
100
AcDbLine
 10
-90.98680410668066
 20
-24.75110924791378
 30
0.0
 11
-90.98486421779288
 21
-24.75184649831318
 31
0.0
  0
LINE
  5
F7
330
70
100
AcDbEntity
  8
W-S-D v1_4_ANYTOOL_CUTTHROUGH_OUTSI
100
AcDbLine
 10
-90.56011304005924
 20
-25.87668764491907
 30
0.0
 11
-90.55809000997681
 21
-25.87715030714367
 31
0.0
  0
LINE
  5
F8
330
70
100
AcDbEntity
  8
W-S-D v1_4_ANYTOOL_CUTTHROUGH_OUTSI
100
AcDbLine
 10
-90.95584468593342
 20
-26.06282102222927
 30
0.0
 11
-90.96226984276372
 21
-26.05617030766767
 31
0.0
  0
LINE
  5
F9
330
70
100
AcDbEntity
  8
W-S-D v1_4_ANYTOOL_CUTTHROUGH_OUTSI
100
AcDbLine
 10
-90.52112939957945
 20
-24.66035652693007
 30
0.0
 11
-90.52459614061584
 21
-24.65178352564337
 31
0.0
  0
LINE
  5
FA
330
70
100
AcDbEntity
  8
W-S-D v1_4_ANYTOOL_CUTTHROUGH_OUTSI
100
AcDbLine
 10
-91.02431313846276
 20
-24.70040144546138
 30
0.0
 11
-91.02410441629233
 21
-24.70246618324217
 31
0.0
  0
LINE
  5
FB
330
70
100
AcDbEntity
  8
W-S-D v1_4_ANYTOOL_CUTTHROUGH_OUTSI
100
AcDbLine
 10
-91.01017734802097
 20
-24.73433063882938
 30
0.0
 11
-91.0088037246914
 21
-24.73588623067707
 31
0.0
  0
LINE
  5
FC
330
70
100
AcDbEntity
  8
W-S-D v1_4_ANYTOOL_CUTTHROUGH_OUTSI
100
AcDbLine
 10
-91.02136990822074
 20
-24.71459151350288
 30
0.0
 11
-91.02067221844054
 21
-24.71654597916368
 31
0.0
  0
LINE
  5
FD
330
70
100
AcDbEntity
  8
W-S-D v1_4_ANYTOOL_CUTTHROUGH_OUTSI
100
AcDbLine
 10
-90.51293734456843
 20
-24.68797416068147
 30
0.0
 11
-90.51322976666424
 21
-24.68591960565267
 31
0.0
  0
LINE
  5
FE
330
70
100
AcDbEntity
  8
W-S-D v1_4_ANYTOOL_CUTTHROUGH_OUTSI
100
AcDbLine
 10
-90.55146097242833
 20
-24.60334915540938
 30
0.0
 11
-90.55689826629533
 21
-24.59586915006998
 31
0.0
  0
LINE
  5
FF
330
70
100
AcDbEntity
  8
W-S-D v1_4_ANYTOOL_CUTTHROUGH_OUTSI
100
AcDbLine
 10
-90.56832861020572
 20
-25.87554364915007
 30
0.0
 11
-90.56626110370862
 21
-25.87572288065567
 31
0.0
  0
LINE
  5
100
330
70
100
AcDbEntity
  8
W-S-D v1_4_ANYTOOL_CUTTHROUGH_OUTSI
100
AcDbLine
 10
-90.51977869836907
 20
-24.72408796153639
 30
0.0
 11
-90.51881812254645
 21
-24.72224839606127
 31
0.0
  0
LINE
  5
101
330
70
100
AcDbEntity
  8
W-S-D v1_4_ANYTOOL_CUTTHROUGH_OUTSI
100
AcDbLine
 10
-90.54639634630005
 20
-25.88136449723638
 30
0.0
 11
-90.54454325818312
 21
-25.88229871962939
 31
0.0
  0
LINE
  5
102
330
70
100
AcDbEntity
  8
W-S-D v1_4_ANYTOOL_CUTTHROUGH_OUTSI
100
AcDbLine
 10
-90.82809605047341
 20
-26.13361165693357
 30
0.0
 11
-90.83706891526201
 21
-26.13137506533919
 31
0.0
  0
LINE
  5
103
330
70
100
AcDbEntity
  8
W-S-D v1_4_ANYTOOL_CUTTHROUGH_OUTSI
100
AcDbLine
 10
-90.51256644471994
 20
-24.69210745347888
 30
0.0
 11
-90.5127161490477
 21
-24.69003759945927
 31
0.0
  0
LINE
  5
104
330
70
100
AcDbEntity
  8
W-S-D v1_4_ANYTOOL_CUTTHROUGH_OUTSI
100
AcDbLine
 10
-91.02067221844054
 20
-24.71654597916368
 30
0.0
 11
-91.01990735566564
 21
-24.71847514789228
 31
0.0
  0
LINE
  5
105
330
70
100
AcDbEntity
  8
W-S-D v1_4_ANYTOOL_CUTTHROUGH_OUTSI
100
AcDbLine
 10
-90.56853893275032
 20
-26.04929946498887
 30
0.0
 11
-90.57472813022325
 21
-26.05617030766767
 31
0.0
  0
LINE
  5
106
330
70
100
AcDbEntity
  8
W-S-D v1_4_ANYTOOL_CUTTHROUGH_OUTSI
100
AcDbLine
 10
-90.98553700055871
 20
-26.02745111495797
 30
0.0
 11
-90.99071000209951
 21
-26.01978595354207
 31
0.0
  0
LINE
  5
107
330
70
100
AcDbEntity
  8
W-S-D v1_4_ANYTOOL_CUTTHROUGH_OUTSI
100
AcDbLine
 10
-91.02445033197831
 20
-24.69833072457538
 30
0.0
 11
-91.02431313846276
 21
-24.70040144546138
 31
0.0
  0
LINE
  5
108
330
70
100
AcDbEntity
  8
W-S-D v1_4_ANYTOOL_CUTTHROUGH_OUTSI
100
AcDbLine
 10
-91.0043718948753
 20
-24.74025525129988
 30
0.0
 11
-91.00279685615273
 21
-24.74160653219988
 31
0.0
  0
LINE
  5
109
330
70
100
AcDbEntity
  8
W-S-D v1_4_ANYTOOL_CUTTHROUGH_OUTSI
100
AcDbLine
 10
-90.99060162668685
 20
-24.74943577313098
 30
0.0
 11
-90.98871733925015
 21
-24.75030535228427
 31
0.0
  0
LINE
  5
10A
330
70
100
AcDbEntity
  8
W-S-D v1_4_ANYTOOL_CUTTHROUGH_OUTSI
100
AcDbLine
 10
-91.01619565658316
 20
-24.72589320754919
 30
0.0
 11
-91.01511022089814
 21
-24.72766197447058
 31
0.0
  0
LINE
  5
10B
330
70
100
AcDbEntity
  8
W-S-D v1_4_ANYTOOL_CUTTHROUGH_OUTSI
100
AcDbLine
 10
-90.55409797969632
 20
-25.87828404886318
 30
0.0
 11
-90.55213375519395
 21
-25.87895377205427
 31
0.0
  0
LINE
  5
10C
330
70
100
AcDbEntity
  8
W-S-D v1_4_ANYTOOL_CUTTHROUGH_OUTSI
100
AcDbLine
 10
-90.54454325818312
 20
-25.88229871962939
 30
0.0
 11
-90.54272358624942
 21
-25.88329646764466
 31
0.0
  0
LINE
  5
10D
330
70
100
AcDbEntity
  8
W-S-D v1_4_ANYTOOL_CUTTHROUGH_OUTSI
100
AcDbLine
 10
-90.51248841067764
 20
-24.69418124655837
 30
0.0
 11
-90.51256644471994
 21
-24.69210745347888
 31
0.0
  0
LINE
  5
10E
330
70
100
AcDbEntity
  8
W-S-D v1_4_ANYTOOL_CUTTHROUGH_OUTSI
100
AcDbLine
 10
-90.55019386630624
 20
-25.87969102245367
 30
0.0
 11
-90.54828063373674
 21
-25.88049491808317
 31
0.0
  0
LINE
  5
10F
330
70
100
AcDbEntity
  8
W-S-D v1_4_ANYTOOL_CUTTHROUGH_OUTSI
100
AcDbLine
 10
-90.99071000209951
 20
-26.01978595354207
 30
0.0
 11
-90.99561241202785
 21
-26.01194497009807
 31
0.0
  0
LINE
  5
110
330
70
100
AcDbEntity
  8
W-S-D v1_4_ANYTOOL_CUTTHROUGH_OUTSI
100
AcDbLine
 10
-91.02451583271344
 20
-24.69625649780328
 30
0.0
 11
-91.02445033197831
 21
-24.69833072457538
 31
0.0
  0
LINE
  5
111
330
70
100
AcDbEntity
  8
W-S-D v1_4_ANYTOOL_CUTTHROUGH_OUTSI
100
AcDbLine
 10
-91.02347347004245
 20
-24.70656783935607
 30
0.0
 11
-91.02305200076875
 21
-24.70859985084707
 31
0.0
  0
LINE
  5
112
330
70
100
AcDbEntity
  8
W-S-D v1_4_ANYTOOL_CUTTHROUGH_OUTSI
100
AcDbLine
 10
-90.55213375519395
 20
-24.75184649831329
 30
0.0
 11
-90.55019386630624
 21
-24.75110924791386
 31
0.0
  0
LINE
  5
113
330
70
100
AcDbEntity
  8
W-S-D v1_4_ANYTOOL_CUTTHROUGH_OUTSI
100
AcDbLine
 10
-90.69992905772496
 20
-24.49942520502828
 30
0.0
 11
-90.70890192251354
 21
-24.49718861343387
 31
0.0
  0
LINE
  5
114
330
70
100
AcDbEntity
  8
W-S-D v1_4_ANYTOOL_CUTTHROUGH_OUTSI
100
AcDbLine
 10
-90.5324160582875
 20
-24.63502633816168
 30
0.0
 11
-90.53675971242403
 21
-24.62686255759038
 31
0.0
  0
LINE
  5
115
330
70
100
AcDbEntity
  8
W-S-D v1_4_ANYTOOL_CUTTHROUGH_OUTSI
100
AcDbLine
 10
-91.02410441629233
 20
-24.70246618324217
 30
0.0
 11
-91.02382441516311
 21
-24.70452246785668
 31
0.0
  0
LINE
  5
116
330
70
100
AcDbEntity
  8
W-S-D v1_4_ANYTOOL_CUTTHROUGH_OUTSI
100
AcDbLine
 10
-90.96845904023657
 20
-26.04929946498887
 30
0.0
 11
-90.97440474161968
 21
-26.04221686098057
 31
0.0
  0
LINE
  5
117
330
70
100
AcDbEntity
  8
W-S-D v1_4_ANYTOOL_CUTTHROUGH_OUTSI
100
AcDbLine
 10
-90.51510345562821
 20
-24.67783915957478
 30
0.0
 11
-90.5179638863435
 21
-24.66904526506788
 31
0.0
  0
LINE
  5
118
330
70
100
AcDbEntity
  8
W-S-D v1_4_ANYTOOL_CUTTHROUGH_OUTSI
100
AcDbLine
 10
-90.81905061292966
 20
-26.13553381824696
 30
0.0
 11
-90.82809605047341
 21
-26.13361165693357
 31
0.0
  0
LINE
  5
119
330
70
100
AcDbEntity
  8
W-S-D v1_4_ANYTOOL_CUTTHROUGH_OUTSI
100
AcDbLine
 10
-90.53675971242403
 20
-24.62686255759038
 30
0.0
 11
-90.54138556095903
 21
-24.61885530026928
 31
0.0
  0
LINE
  5
11A
330
70
100
AcDbEntity
  8
W-S-D v1_4_ANYTOOL_CUTTHROUGH_OUTSI
100
AcDbLine
 10
-90.55608418999669
 20
-24.75311761629228
 30
0.0
 11
-90.55409797969632
 21
-24.75251622150438
 31
0.0
  0
LINE
  5
11B
330
70
100
AcDbEntity
  8
W-S-D v1_4_ANYTOOL_CUTTHROUGH_OUTSI
100
AcDbLine
 10
-90.51317355782378
 20
-24.70452246785676
 30
0.0
 11
-90.51289355669441
 21
-24.70246618324227
 31
0.0
  0
LINE
  5
11C
330
70
100
AcDbEntity
  8
W-S-D v1_4_ANYTOOL_CUTTHROUGH_OUTSI
100
AcDbLine
 10
-90.84595828082553
 20
-26.12882676701428
 30
0.0
 11
-90.85475332237315
 21
-26.12596986508217
 31
0.0
  0
LINE
  5
11D
330
70
100
AcDbEntity
  8
W-S-D v1_4_ANYTOOL_CUTTHROUGH_OUTSI
100
AcDbLine
 10
-90.52835988791995
 20
-24.64333670075438
 30
0.0
 11
-90.5324160582875
 21
-24.63502633816168
 31
0.0
  0
LINE
  5
11E
330
70
100
AcDbEntity
  8
W-S-D v1_4_ANYTOOL_CUTTHROUGH_OUTSI
100
AcDbLine
 10
-90.55213375519395
 20
-25.87895377205427
 30
0.0
 11
-90.55019386630624
 21
-25.87969102245367
 31
0.0
  0
LINE
  5
11F
330
70
100
AcDbEntity
  8
W-S-D v1_4_ANYTOOL_CUTTHROUGH_OUTSI
100
AcDbLine
 10
-90.52423880995041
 20
-24.73108165325348
 30
0.0
 11
-90.52303370690905
 21
-24.72939214631128
 31
0.0
  0
LINE
  5
120
330
70
100
AcDbEntity
  8
W-S-D v1_4_ANYTOOL_CUTTHROUGH_OUTSI
100
AcDbLine
 10
-90.51322976666424
 20
-24.68591960565267
 30
0.0
 11
-90.51359306550841
 21
-24.68387639225268
 31
0.0
  0
LINE
  5
121
330
70
100
AcDbEntity
  8
W-S-D v1_4_ANYTOOL_CUTTHROUGH_OUTSI
100
AcDbLine
 10
-91.02305200076875
 20
-24.70859985084707
 30
0.0
 11
-91.02256051154874
 21
-24.71061607141907
 31
0.0
  0
LINE
  5
122
330
70
100
AcDbEntity
  8
W-S-D v1_4_ANYTOOL_CUTTHROUGH_OUTSI
100
AcDbLine
 10
-90.83706891526201
 20
-26.13137506533919
 30
0.0
 11
-90.84595828082553
 21
-26.12882676701428
 31
0.0
  0
LINE
  5
123
330
70
100
AcDbEntity
  8
W-S-D v1_4_ANYTOOL_CUTTHROUGH_OUTSI
100
AcDbLine
 10
-90.51359306550841
 20
-24.68387639225268
 30
0.0
 11
-90.51402680648383
 21
-24.68184696479287
 31
0.0
  0
LINE
  5
124
330
70
100
AcDbEntity
  8
W-S-D v1_4_ANYTOOL_CUTTHROUGH_OUTSI
100
AcDbLine
 10
-90.52962084625143
 20
-24.73739338870477
 30
0.0
 11
-90.52819424829541
 21
-24.73588623067718
 31
0.0
  0
LINE
  5
125
330
70
100
AcDbEntity
  8
W-S-D v1_4_ANYTOOL_CUTTHROUGH_OUTSI
100
AcDbLine
 10
-91.00737712673547
 20
-24.73739338870468
 30
0.0
 11
-91.00589926080264
 21
-24.73885030988748
 31
0.0
  0
LINE
  5
126
330
70
100
AcDbEntity
  8
W-S-D v1_4_ANYTOOL_CUTTHROUGH_OUTSI
100
AcDbLine
 10
-90.57040107829076
 20
-25.87543602440838
 30
0.0
 11
-90.56832861020572
 21
-25.87554364915007
 31
0.0
  0
LINE
  5
127
330
70
100
AcDbEntity
  8
W-S-D v1_4_ANYTOOL_CUTTHROUGH_OUTSI
100
AcDbLine
 10
-90.99427438673746
 20
-24.74750380272277
 30
0.0
 11
-90.99245471480376
 21
-24.74850155073808
 31
0.0
  0
LINE
  5
128
330
70
100
AcDbEntity
  8
W-S-D v1_4_ANYTOOL_CUTTHROUGH_OUTSI
100
AcDbLine
 10
-91.00117602886561
 20
-24.74290253603996
 30
0.0
 11
-90.99951135202173
 21
-24.74414171240097
 31
0.0
  0
LINE
  5
129
330
70
100
AcDbEntity
  8
W-S-D v1_4_ANYTOOL_CUTTHROUGH_OUTSI
100
AcDbLine
 10
-90.77312269291994
 20
-26.14035979501566
 30
0.0
 11
-90.78236447537625
 21
-26.14003714736728
 31
0.0
  0
LINE
  5
12A
330
70
100
AcDbEntity
  8
W-S-D v1_4_ANYTOOL_CUTTHROUGH_OUTSI
100
AcDbLine
 10
-90.99561241202785
 20
-24.61885530026928
 30
0.0
 11
-91.00023826056284
 21
-24.62686255759038
 31
0.0
  0
LINE
  5
12B
330
70
100
AcDbEntity
  8
W-S-D v1_4_ANYTOOL_CUTTHROUGH_OUTSI
100
AcDbLine
 10
-90.51792173808005
 20
-24.72037671180997
 30
0.0
 11
-90.51709061732124
 21
-24.71847514789237
 31
0.0
  0
LINE
  5
12C
330
70
100
AcDbEntity
  8
W-S-D v1_4_ANYTOOL_CUTTHROUGH_OUTSI
100
AcDbLine
 10
-90.5358219441212
 20
-24.74290253604007
 30
0.0
 11
-90.53420111683417
 21
-24.74160653219997
 31
0.0
  0
LINE
  5
12D
330
70
100
AcDbEntity
  8
W-S-D v1_4_ANYTOOL_CUTTHROUGH_OUTSI
100
AcDbLine
 10
-91.01240183237104
 20
-25.97901674472398
 30
0.0
 11
-91.01586857340743
 21
-25.97044374343727
 31
0.0
  0
LINE
  5
12E
330
70
100
AcDbEntity
  8
W-S-D v1_4_ANYTOOL_CUTTHROUGH_OUTSI
100
AcDbLine
 10
-91.01903408664346
 20
-25.96175500529948
 30
0.0
 11
-91.02189451735862
 21
-25.95296111079268
 31
0.0
  0
LINE
  5
12F
330
70
100
AcDbEntity
  8
W-S-D v1_4_ANYTOOL_CUTTHROUGH_OUTSI
100
AcDbLine
 10
-90.88046605601581
 20
-26.11558417991196
 30
0.0
 11
-90.88877804547912
 21
-26.11153134440638
 31
0.0
  0
LINE
  5
130
330
70
100
AcDbEntity
  8
W-S-D v1_4_ANYTOOL_CUTTHROUGH_OUTSI
100
AcDbLine
 10
-90.87201772160204
 20
-26.11934453762197
 30
0.0
 11
-90.88046605601581
 21
-26.11558417991196
 31
0.0
  0
LINE
  5
131
330
70
100
AcDbEntity
  8
W-S-D v1_4_ANYTOOL_CUTTHROUGH_OUTSI
100
AcDbLine
 10
-90.88877804547912
 20
-26.11153134440638
 30
0.0
 11
-90.89694356828594
 21
-26.10719096633896
 31
0.0
  0
LINE
  5
132
330
70
100
AcDbEntity
  8
W-S-D v1_4_ANYTOOL_CUTTHROUGH_OUTSI
100
AcDbLine
 10
-90.92794505391212
 20
-26.08706485020308
 30
0.0
 11
-90.93523307911544
 21
-26.08137280899529
 31
0.0
  0
LINE
  5
133
330
70
100
AcDbEntity
  8
W-S-D v1_4_ANYTOOL_CUTTHROUGH_OUTSI
100
AcDbLine
 10
-91.01721927461783
 20
-24.72408796153628
 30
0.0
 11
-91.01619565658316
 21
-24.72589320754919
 31
0.0
  0
LINE
  5
134
330
70
100
AcDbEntity
  8
W-S-D v1_4_ANYTOOL_CUTTHROUGH_OUTSI
100
AcDbLine
 10
-91.01907623490683
 20
-24.72037671180988
 30
0.0
 11
-91.01817985044045
 21
-24.72224839606117
 31
0.0
  0
LINE
  5
135
330
70
100
AcDbEntity
  8
W-S-D v1_4_ANYTOOL_CUTTHROUGH_OUTSI
100
AcDbLine
 10
-90.5179638863435
 20
-24.66904526506788
 30
0.0
 11
-90.52112939957945
 21
-24.66035652693007
 31
0.0
  0
LINE
  5
136
330
70
100
AcDbEntity
  8
W-S-D v1_4_ANYTOOL_CUTTHROUGH_OUTSI
100
AcDbLine
 10
-90.99245471480376
 20
-24.74850155073808
 30
0.0
 11
-90.99060162668685
 21
-24.74943577313098
 31
0.0
  0
LINE
  5
137
330
70
100
AcDbEntity
  8
W-S-D v1_4_ANYTOOL_CUTTHROUGH_OUTSI
100
AcDbLine
 10
-91.01275916303654
 20
-24.73108165325337
 30
0.0
 11
-91.01149635344803
 21
-24.73272847412758
 31
0.0
  0
LINE
  5
138
330
70
100
AcDbEntity
  8
W-S-D v1_4_ANYTOOL_CUTTHROUGH_OUTSI
100
AcDbLine
 10
-90.93523307911544
 20
-26.08137280899529
 30
0.0
 11
-90.94231806826794
 21
-26.07542994998798
 31
0.0
  0
LINE
  5
139
330
70
100
AcDbEntity
  8
W-S-D v1_4_ANYTOOL_CUTTHROUGH_OUTSI
100
AcDbLine
 10
-90.53919315590038
 20
-24.74532257884697
 30
0.0
 11
-90.53748662096515
 21
-24.74414171240108
 31
0.0
  0
LINE
  5
13A
330
70
100
AcDbEntity
  8
W-S-D v1_4_ANYTOOL_CUTTHROUGH_OUTSI
100
AcDbLine
 10
-91.02445033197831
 20
-25.93246954579198
 30
0.0
 11
-91.02431313846276
 21
-25.93039882490608
 31
0.0
  0
LINE
  5
13B
330
70
100
AcDbEntity
  8
W-S-D v1_4_ANYTOOL_CUTTHROUGH_OUTSI
100
AcDbLine
 10
-90.90495268108544
 20
-26.10256833109078
 30
0.0
 11
-90.91279563099183
 21
-26.09766906775417
 31
0.0
  0
LINE
  5
13C
330
70
100
AcDbEntity
  8
W-S-D v1_4_ANYTOOL_CUTTHROUGH_OUTSI
100
AcDbLine
 10
-91.008638085067
 20
-25.98746356961298
 30
0.0
 11
-91.01240183237104
 21
-25.97901674472398
 31
0.0
  0
LINE
  5
13D
330
70
100
AcDbEntity
  8
W-S-D v1_4_ANYTOOL_CUTTHROUGH_OUTSI
100
AcDbLine
 10
-90.94919139381113
 20
-26.06924350994118
 30
0.0
 11
-90.95584468593342
 21
-26.06282102222927
 31
0.0
  0
LINE
  5
13E
330
70
100
AcDbEntity
  8
W-S-D v1_4_ANYTOOL_CUTTHROUGH_OUTSI
100
AcDbLine
 10
-91.01511022089814
 20
-24.72766197447058
 30
0.0
 11
-91.01396426607783
 21
-24.72939214631108
 31
0.0
  0
LINE
  5
13F
330
70
100
AcDbEntity
  8
W-S-D v1_4_ANYTOOL_CUTTHROUGH_OUTSI
100
AcDbLine
 10
-90.55409797969632
 20
-24.75251622150438
 30
0.0
 11
-90.55213375519395
 21
-24.75184649831329
 31
0.0
  0
LINE
  5
140
330
70
100
AcDbEntity
  8
W-S-D v1_4_ANYTOOL_CUTTHROUGH_OUTSI
100
AcDbLine
 10
-90.89694356828594
 20
-26.10719096633896
 30
0.0
 11
-90.90495268108544
 21
-26.10256833109078
 31
0.0
  0
LINE
  5
141
330
70
100
AcDbEntity
  8
W-S-D v1_4_ANYTOOL_CUTTHROUGH_OUTSI
100
AcDbLine
 10
-90.91279563099183
 20
-26.09766906775417
 30
0.0
 11
-90.92046286745915
 21
-26.09249914227806
 31
0.0
  0
LINE
  5
142
330
70
100
AcDbEntity
  8
W-S-D v1_4_ANYTOOL_CUTTHROUGH_OUTSI
100
AcDbLine
 10
-91.0088037246914
 20
-24.73588623067707
 30
0.0
 11
-91.00737712673547
 21
-24.73739338870468
 31
0.0
  0
LINE
  5
143
330
70
100
AcDbEntity
  8
W-S-D v1_4_ANYTOOL_CUTTHROUGH_OUTSI
100
AcDbLine
 10
-91.02406062841854
 20
-24.68797416068138
 30
0.0
 11
-91.02428182393911
 21
-24.69003759945918
 31
0.0
  0
LINE
  5
144
330
70
100
AcDbEntity
  8
W-S-D v1_4_ANYTOOL_CUTTHROUGH_OUTSI
100
AcDbLine
 10
-91.00279685615273
 20
-24.74160653219988
 30
0.0
 11
-91.00117602886561
 21
-24.74290253603996
 31
0.0
  0
LINE
  5
145
330
70
100
AcDbEntity
  8
W-S-D v1_4_ANYTOOL_CUTTHROUGH_OUTSI
100
AcDbLine
 10
-91.00589926080264
 20
-24.73885030988748
 30
0.0
 11
-91.0043718948753
 21
-24.74025525129988
 31
0.0
  0
LINE
  5
146
330
70
100
AcDbEntity
  8
W-S-D v1_4_ANYTOOL_CUTTHROUGH_OUTSI
100
AcDbLine
 10
-91.02450956230926
 20
-25.93661902380917
 30
0.0
 11
-91.02451583271344
 21
-25.93454377256406
 31
0.0
  0
LINE
  5
147
330
70
100
AcDbEntity
  8
W-S-D v1_4_ANYTOOL_CUTTHROUGH_OUTSI
100
AcDbLine
 10
-90.54454325818312
 20
-24.74850155073817
 30
0.0
 11
-90.54272358624942
 21
-24.74750380272288
 31
0.0
  0
LINE
  5
148
330
70
100
AcDbEntity
  8
W-S-D v1_4_ANYTOOL_CUTTHROUGH_OUTSI
100
AcDbLine
 10
-91.02256051154874
 20
-24.71061607141907
 30
0.0
 11
-91.02199959035463
 21
-24.71261408905217
 31
0.0
  0
LINE
  5
149
330
70
100
AcDbEntity
  8
W-S-D v1_4_ANYTOOL_CUTTHROUGH_OUTSI
100
AcDbLine
 10
-90.99951135202173
 20
-24.74414171240097
 30
0.0
 11
-90.99780481708652
 21
-24.74532257884697
 31
0.0
  0
LINE
  5
14A
330
70
100
AcDbEntity
  8
W-S-D v1_4_ANYTOOL_CUTTHROUGH_OUTSI
100
AcDbLine
 10
-91.02428182393911
 20
-25.94076267090818
 30
0.0
 11
-91.02443152826694
 21
-25.93869281688859
 31
0.0
  0
LINE
  5
14B
330
70
100
AcDbEntity
  8
W-S-D v1_4_ANYTOOL_CUTTHROUGH_OUTSI
100
AcDbLine
 10
-91.02406062841854
 20
-25.94282610968598
 30
0.0
 11
-91.02428182393911
 21
-25.94076267090818
 31
0.0
  0
LINE
  5
14C
330
70
100
AcDbEntity
  8
W-S-D v1_4_ANYTOOL_CUTTHROUGH_OUTSI
100
AcDbLine
 10
-91.01149635344803
 20
-24.73272847412758
 30
0.0
 11
-91.01017734802097
 21
-24.73433063882938
 31
0.0
  0
LINE
  5
14D
330
70
100
AcDbEntity
  8
W-S-D v1_4_ANYTOOL_CUTTHROUGH_OUTSI
100
AcDbLine
 10
-91.02450956230926
 20
-24.69418124655828
 30
0.0
 11
-91.02451583271344
 21
-24.69625649780328
 31
0.0
  0
LINE
  5
14E
330
70
100
AcDbEntity
  8
W-S-D v1_4_ANYTOOL_CUTTHROUGH_OUTSI
100
AcDbLine
 10
-91.01511022089814
 20
-25.90313829589689
 30
0.0
 11
-91.01396426607783
 21
-25.90140812405628
 31
0.0
  0
LINE
  5
14F
330
70
100
AcDbEntity
  8
W-S-D v1_4_ANYTOOL_CUTTHROUGH_OUTSI
100
AcDbLine
 10
-90.5127161490477
 20
-24.69003759945927
 30
0.0
 11
-90.51293734456843
 21
-24.68797416068147
 31
0.0
  0
LINE
  5
150
330
70
100
AcDbEntity
  8
W-S-D v1_4_ANYTOOL_CUTTHROUGH_OUTSI
100
AcDbLine
 10
-90.98871733925015
 20
-24.75030535228427
 30
0.0
 11
-90.98680410668066
 21
-24.75110924791378
 31
0.0
  0
LINE
  5
151
330
70
100
AcDbEntity
  8
W-S-D v1_4_ANYTOOL_CUTTHROUGH_OUTSI
100
AcDbLine
 10
-91.00458191469945
 20
-25.99577393220567
 30
0.0
 11
-91.008638085067
 21
-25.98746356961298
 31
0.0
  0
LINE
  5
152
330
70
100
AcDbEntity
  8
W-S-D v1_4_ANYTOOL_CUTTHROUGH_OUTSI
100
AcDbLine
 10
-90.86344332997462
 20
-26.12280783845978
 30
0.0
 11
-90.87201772160204
 21
-26.11934453762197
 31
0.0
  0
LINE
  5
153
330
70
100
AcDbEntity
  8
W-S-D v1_4_ANYTOOL_CUTTHROUGH_OUTSI
100
AcDbLine
 10
-90.54628797088737
 20
-24.61101431682528
 30
0.0
 11
-90.55146097242833
 21
-24.60334915540938
 31
0.0
  0
LINE
  5
154
330
70
100
AcDbEntity
  8
W-S-D v1_4_ANYTOOL_CUTTHROUGH_OUTSI
100
AcDbLine
 10
-91.02428182393911
 20
-24.69003759945918
 30
0.0
 11
-91.02443152826694
 21
-24.69210745347877
 31
0.0
  0
LINE
  5
155
330
70
100
AcDbEntity
  8
W-S-D v1_4_ANYTOOL_CUTTHROUGH_OUTSI
100
AcDbLine
 10
-91.02443152826694
 20
-25.93869281688859
 30
0.0
 11
-91.02450956230926
 21
-25.93661902380917
 31
0.0
  0
LINE
  5
156
330
70
100
AcDbEntity
  8
W-S-D v1_4_ANYTOOL_CUTTHROUGH_OUTSI
100
AcDbLine
 10
-90.99605846560066
 20
-24.74644372269848
 30
0.0
 11
-90.99427438673746
 21
-24.74750380272277
 31
0.0
  0
LINE
  5
157
330
70
100
AcDbEntity
  8
W-S-D v1_4_ANYTOOL_CUTTHROUGH_OUTSI
100
AcDbLine
 10
-91.02376820632265
 20
-25.94488066471477
 30
0.0
 11
-91.02406062841854
 21
-25.94282610968598
 31
0.0
  0
LINE
  5
158
330
70
100
AcDbEntity
  8
W-S-D v1_4_ANYTOOL_CUTTHROUGH_OUTSI
100
AcDbLine
 10
-90.98009970669156
 20
-26.03493112029738
 30
0.0
 11
-90.98553700055871
 21
-26.02745111495797
 31
0.0
  0
LINE
  5
159
330
70
100
AcDbEntity
  8
W-S-D v1_4_ANYTOOL_CUTTHROUGH_OUTSI
100
AcDbLine
 10
-90.99780481708652
 20
-24.74532257884697
 30
0.0
 11
-90.99605846560066
 21
-24.74644372269848
 31
0.0
  0
LINE
  5
15A
330
70
100
AcDbEntity
  8
W-S-D v1_4_ANYTOOL_CUTTHROUGH_OUTSI
100
AcDbLine
 10
-91.01586857340743
 20
-25.97044374343727
 30
0.0
 11
-91.01903408664346
 21
-25.96175500529948
 31
0.0
  0
LINE
  5
15B
330
70
100
AcDbEntity
  8
W-S-D v1_4_ANYTOOL_CUTTHROUGH_OUTSI
100
AcDbLine
 10
-91.02246750228406
 20
-25.95096651927478
 30
0.0
 11
-91.02297116650312
 21
-25.94895330557458
 31
0.0
  0
LINE
  5
15C
330
70
100
AcDbEntity
  8
W-S-D v1_4_ANYTOOL_CUTTHROUGH_OUTSI
100
AcDbLine
 10
-90.78236447537625
 20
-26.14003714736728
 30
0.0
 11
-90.7915893734985
 21
-26.13939224496608
 31
0.0
  0
LINE
  5
15D
330
70
100
AcDbEntity
  8
W-S-D v1_4_ANYTOOL_CUTTHROUGH_OUTSI
100
AcDbLine
 10
-90.99561241202785
 20
-26.01194497009807
 30
0.0
 11
-91.00023826056284
 21
-26.00393771277698
 31
0.0
  0
LINE
  5
15E
330
70
100
AcDbEntity
  8
W-S-D v1_4_ANYTOOL_CUTTHROUGH_OUTSI
100
AcDbLine
 10
-91.008638085067
 20
-24.64333670075438
 30
0.0
 11
-91.01240183237104
 21
-24.65178352564337
 31
0.0
  0
LINE
  5
15F
330
70
100
AcDbEntity
  8
W-S-D v1_4_ANYTOOL_CUTTHROUGH_OUTSI
100
AcDbLine
 10
-90.54828063373674
 20
-25.88049491808317
 30
0.0
 11
-90.54639634630005
 21
-25.88136449723638
 31
0.0
  0
LINE
  5
160
330
70
100
AcDbEntity
  8
W-S-D v1_4_ANYTOOL_CUTTHROUGH_OUTSI
100
AcDbLine
 10
-91.00023826056284
 20
-26.00393771277698
 30
0.0
 11
-91.00458191469945
 21
-25.99577393220567
 31
0.0
  0
LINE
  5
161
330
70
100
AcDbEntity
  8
W-S-D v1_4_ANYTOOL_CUTTHROUGH_OUTSI
100
AcDbLine
 10
-90.96226984276372
 20
-26.05617030766767
 30
0.0
 11
-90.96845904023657
 21
-26.04929946498887
 31
0.0
  0
LINE
  5
162
330
70
100
AcDbEntity
  8
W-S-D v1_4_ANYTOOL_CUTTHROUGH_OUTSI
100
AcDbLine
 10
-91.0234049074784
 20
-25.94692387811478
 30
0.0
 11
-91.02376820632265
 21
-25.94488066471477
 31
0.0
  0
LINE
  5
163
330
70
100
AcDbEntity
  8
W-S-D v1_4_ANYTOOL_CUTTHROUGH_OUTSI
100
AcDbLine
 10
-91.00279685615273
 20
-25.88919373816747
 30
0.0
 11
-91.00117602886561
 21
-25.88789773432747
 31
0.0
  0
LINE
  5
164
330
70
100
AcDbEntity
  8
W-S-D v1_4_ANYTOOL_CUTTHROUGH_OUTSI
100
AcDbLine
 10
-90.51881812254645
 20
-24.72224839606127
 30
0.0
 11
-90.51792173808005
 21
-24.72037671180997
 31
0.0
  0
LINE
  5
165
330
70
100
AcDbEntity
  8
W-S-D v1_4_ANYTOOL_CUTTHROUGH_OUTSI
100
AcDbLine
 10
-90.7915893734985
 20
-26.13939224496608
 30
0.0
 11
-90.80078615391011
 21
-26.13842587312507
 31
0.0
  0
LINE
  5
166
330
70
100
AcDbEntity
  8
W-S-D v1_4_ANYTOOL_CUTTHROUGH_OUTSI
100
AcDbLine
 10
-91.01817985044045
 20
-24.72224839606117
 30
0.0
 11
-91.01721927461783
 21
-24.72408796153628
 31
0.0
  0
LINE
  5
167
330
70
100
AcDbEntity
  8
W-S-D v1_4_ANYTOOL_CUTTHROUGH_OUTSI
100
AcDbLine
 10
-91.02297116650312
 20
-25.94895330557458
 30
0.0
 11
-91.0234049074784
 21
-25.94692387811478
 31
0.0
  0
LINE
  5
168
330
70
100
AcDbEntity
  8
W-S-D v1_4_ANYTOOL_CUTTHROUGH_OUTSI
100
AcDbLine
 10
-90.80078615391011
 20
-26.13842587312507
 30
0.0
 11
-90.80994361747384
 21
-26.13713920861807
 31
0.0
  0
ARC
  5
169
330
70
100
AcDbEntity
  8
W-S-D v1_4_ANYTOOL_CUTTHROUGH_OUTSI
100
AcDbCircle
 10
92.51679285494637
 20
-28.06749999970746
 30
0.0
 40
0.0025000000000635
210
0.0
220
0.0
230
-1.0
100
AcDbArc
 50
89.99999999967432
 51
179.9999999929162
  0
LINE
  5
16A
330
70
100
AcDbEntity
  8
W-S-D v1_4_ANYTOOL_CUTTHROUGH_OUTSI
100
AcDbLine
 10
-95.92476285494468
 20
-27.80749999970778
 30
0.0
 11
-95.92037462376117
 21
-27.78449408036011
 31
0.0
  0
LINE
  5
16B
330
70
100
AcDbEntity
  8
W-S-D v1_4_ANYTOOL_CUTTHROUGH_OUTSI
100
AcDbLine
 10
-90.89429285494489
 20
-28.30499999970802
 30
0.0
 11
-90.89429285494482
 21
-28.0674999997079
 31
0.0
  0
LINE
  5
16C
330
70
100
AcDbEntity
  8
W-S-D v1_4_ANYTOOL_CUTTHROUGH_OUTSI
100
AcDbLine
 10
-94.5192928549463
 20
-28.30499999970786
 30
0.0
 11
-94.51929285494637
 21
-28.06749999970801
 31
0.0
  0
ARC
  5
16D
330
70
100
AcDbEntity
  8
W-S-D v1_4_ANYTOOL_CUTTHROUGH_OUTSI
100
AcDbCircle
 10
85.51679285496003
 20
-28.06749999970898
 30
0.0
 40
0.002500000000029
210
0.0
220
0.0
230
-1.0
100
AcDbArc
 50
359.9999999996743
 51
89.99999999869725
  0
LINE
  5
16E
330
70
100
AcDbEntity
  8
W-S-D v1_4_ANYTOOL_CUTTHROUGH_OUTSI
100
AcDbLine
 10
-91.10896320905418
 20
-27.80832587577026
 30
0.0
 11
-91.27795433899853
 21
-28.29116194749906
 31
0.0
  0
LINE
  5
16F
330
70
100
AcDbEntity
  8
W-S-D v1_4_ANYTOOL_CUTTHROUGH_OUTSI
100
AcDbLine
 10
-91.95132285494485
 20
-27.74499999970875
 30
0.0
 11
-91.17132285494532
 21
-27.7449999997086
 31
0.0
  0
LINE
  5
170
330
70
100
AcDbEntity
  8
W-S-D v1_4_ANYTOOL_CUTTHROUGH_OUTSI
100
AcDbLine
 10
-95.86226285494445
 20
-27.74499999970799
 30
0.0
 11
-95.08226285494489
 21
-27.74499999970799
 31
0.0
  0
ARC
  5
171
330
70
100
AcDbEntity
  8
W-S-D v1_4_ANYTOOL_CUTTHROUGH_OUTSI
100
AcDbCircle
 10
92.63679285494644
 20
-28.06749999970818
 30
0.0
 40
0.0024999999999181
210
0.0
220
0.0
230
-1.0
100
AcDbArc
 50
0.0000000038268434
 51
90.00000000227982
  0
LINE
  5
172
330
70
100
AcDbEntity
  8
W-S-D v1_4_ANYTOOL_CUTTHROUGH_OUTSI
100
AcDbLine
 10
-97.95132285494489
 20
-27.7449999997087
 30
0.0
 11
-97.17132285494532
 21
-27.74499999970856
 31
0.0
  0
LINE
  5
173
330
70
100
AcDbEntity
  8
W-S-D v1_4_ANYTOOL_CUTTHROUGH_OUTSI
100
AcDbLine
 10
-95.75331722847931
 20
-28.30499999970779
 30
0.0
 11
-95.75566716856863
 21
-28.29105129770473
 31
0.0
  0
LINE
  5
174
330
70
100
AcDbEntity
  8
W-S-D v1_4_ANYTOOL_CUTTHROUGH_OUTSI
100
AcDbLine
 10
-95.88526877429217
 20
-27.74938823089137
 30
0.0
 11
-95.86226285494445
 21
-27.74499999970799
 31
0.0
  0
ARC
  5
175
330
70
100
AcDbEntity
  8
W-S-D v1_4_ANYTOOL_CUTTHROUGH_OUTSI
100
AcDbCircle
 10
94.51679285494643
 20
-28.06749999970821
 30
0.0
 40
0.0024999999999452
210
0.0
220
0.0
230
-1.0
100
AcDbArc
 50
0.0000000043967988
 51
90.00000000162843
  0
LINE
  5
176
330
70
100
AcDbEntity
  8
W-S-D v1_4_ANYTOOL_CUTTHROUGH_OUTSI
100
AcDbLine
 10
-90.76929285494486
 20
-28.12499999970797
 30
0.0
 11
-90.26429285494485
 21
-28.12499999970797
 31
0.0
  0
LINE
  5
177
330
70
100
AcDbEntity
  8
W-S-D v1_4_ANYTOOL_CUTTHROUGH_OUTSI
100
AcDbLine
 10
-91.99551702876917
 20
-27.76330582588436
 30
0.0
 11
-91.97432877429251
 21
-27.74938823089219
 31
0.0
  0
LINE
  5
178
330
70
100
AcDbEntity
  8
W-S-D v1_4_ANYTOOL_CUTTHROUGH_OUTSI
100
AcDbLine
 10
-92.63679285494637
 20
-28.06499999970827
 30
0.0
 11
-92.51679285494637
 21
-28.06499999970739
 31
0.0
  0
LINE
  5
179
330
70
100
AcDbEntity
  8
W-S-D v1_4_ANYTOOL_CUTTHROUGH_OUTSI
100
AcDbLine
 10
-98.01382285494508
 20
-27.80749999970848
 30
0.0
 11
-98.00943462376157
 21
-27.7844940803608
 31
0.0
  0
LINE
  5
17A
330
70
100
AcDbEntity
  8
W-S-D v1_4_ANYTOOL_CUTTHROUGH_OUTSI
100
AcDbLine
 10
-90.76929285494475
 20
-28.0674999997079
 30
0.0
 11
-90.76929285494486
 21
-28.12499999970797
 31
0.0
  0
LINE
  5
17B
330
70
100
AcDbEntity
  8
W-S-D v1_4_ANYTOOL_CUTTHROUGH_OUTSI
100
AcDbLine
 10
-96.89179285494484
 20
-28.06499999970805
 30
0.0
 11
-96.7717928549448
 21
-28.06499999970791
 31
0.0
  0
LINE
  5
17C
330
70
100
AcDbEntity
  8
W-S-D v1_4_ANYTOOL_CUTTHROUGH_OUTSI
100
AcDbLine
 10
-90.26429285494485
 20
-28.12499999970797
 30
0.0
 11
-90.26429285494478
 21
-28.0674999997079
 31
0.0
  0
LINE
  5
17D
330
70
100
AcDbEntity
  8
W-S-D v1_4_ANYTOOL_CUTTHROUGH_OUTSI
100
AcDbLine
 10
-90.89179285494481
 20
-28.06499999970789
 30
0.0
 11
-90.77179285494478
 21
-28.0649999997079
 31
0.0
  0
LINE
  5
17E
330
70
100
AcDbEntity
  8
W-S-D v1_4_ANYTOOL_CUTTHROUGH_OUTSI
100
AcDbLine
 10
-95.75566716856863
 20
-28.29105129770473
 30
0.0
 11
-95.92476285494468
 21
-27.80749999970778
 31
0.0
  0
LINE
  5
17F
330
70
100
AcDbEntity
  8
W-S-D v1_4_ANYTOOL_CUTTHROUGH_OUTSI
100
AcDbLine
 10
-97.84472716856903
 20
-28.29105129770534
 30
0.0
 11
-98.01382285494508
 21
-27.80749999970848
 31
0.0
  0
LINE
  5
180
330
70
100
AcDbEntity
  8
W-S-D v1_4_ANYTOOL_CUTTHROUGH_OUTSI
100
AcDbLine
 10
-95.19120848141005
 20
-28.30499999970786
 30
0.0
 11
-94.5192928549463
 21
-28.30499999970786
 31
0.0
  0
LINE
  5
181
330
70
100
AcDbEntity
  8
W-S-D v1_4_ANYTOOL_CUTTHROUGH_OUTSI
100
AcDbLine
 10
-97.97432877429258
 20
-27.74938823089206
 30
0.0
 11
-97.95132285494489
 21
-27.7449999997087
 31
0.0
  0
LINE
  5
182
330
70
100
AcDbEntity
  8
W-S-D v1_4_ANYTOOL_CUTTHROUGH_OUTSI
100
AcDbLine
 10
-97.27795433899856
 20
-28.29116194749906
 30
0.0
 11
-97.28026848141041
 21
-28.30499999970808
 31
0.0
  0
LINE
  5
183
330
70
100
AcDbEntity
  8
W-S-D v1_4_ANYTOOL_CUTTHROUGH_OUTSI
100
AcDbLine
 10
-98.63679285494637
 20
-28.06499999970807
 30
0.0
 11
-98.51679285494634
 21
-28.0649999997072
 31
0.0
  0
LINE
  5
184
330
70
100
AcDbEntity
  8
W-S-D v1_4_ANYTOOL_CUTTHROUGH_OUTSI
100
AcDbLine
 10
-94.39429285494634
 20
-28.06749999970831
 30
0.0
 11
-94.39429285494666
 21
-28.12499999970277
 31
0.0
  0
LINE
  5
185
330
70
100
AcDbEntity
  8
W-S-D v1_4_ANYTOOL_CUTTHROUGH_OUTSI
100
AcDbLine
 10
-91.84237722847969
 20
-28.30499999970831
 30
0.0
 11
-91.84472716856912
 21
-28.29105129770532
 31
0.0
  0
ARC
  5
186
330
70
100
AcDbEntity
  8
W-S-D v1_4_ANYTOOL_CUTTHROUGH_OUTSI
100
AcDbCircle
 10
93.14679285494698
 20
-28.06749999970163
 30
0.0
 40
0.0025000000003079
210
0.0
220
0.0
230
-1.0
100
AcDbArc
 50
90.00000000521101
 51
179.999999990555
  0
ARC
  5
187
330
70
100
AcDbEntity
  8
W-S-D v1_4_ANYTOOL_CUTTHROUGH_OUTSI
100
AcDbCircle
 10
87.88679285494708
 20
-28.06749999970137
 30
0.0
 40
0.0024999999999778
210
0.0
220
0.0
230
-1.0
100
AcDbArc
 50
0.0000000018727106
 51
90.0
  0
LINE
  5
188
330
70
100
AcDbEntity
  8
W-S-D v1_4_ANYTOOL_CUTTHROUGH_OUTSI
100
AcDbLine
 10
-96.76929285494487
 20
-28.12499999970799
 30
0.0
 11
-96.26429285494488
 21
-28.12499999970799
 31
0.0
  0
LINE
  5
189
330
70
100
AcDbEntity
  8
W-S-D v1_4_ANYTOOL_CUTTHROUGH_OUTSI
100
AcDbLine
 10
-92.5142928549463
 20
-28.06749999970715
 30
0.0
 11
-92.5142928549463
 21
-28.30499999970728
 31
0.0
  0
LINE
  5
18A
330
70
100
AcDbEntity
  8
W-S-D v1_4_ANYTOOL_CUTTHROUGH_OUTSI
100
AcDbLine
 10
-85.07490462377768
 20
-25.72550591906309
 30
0.0
 11
-85.07929285496118
 21
-25.70249999971533
 31
0.0
  0
ARC
  5
18B
330
70
100
AcDbEntity
  8
W-S-D v1_4_ANYTOOL_CUTTHROUGH_OUTSI
100
AcDbCircle
 10
-84.57679285496155
 20
-28.00595562719284
 30
0.0
 40
0.0574999999985408
100
AcDbArc
 50
359.9999999992176
 51
70.52877936652992
  0
LINE
  5
18C
330
70
100
AcDbEntity
  8
W-S-D v1_4_ANYTOOL_CUTTHROUGH_OUTSI
100
AcDbLine
 10
-94.51679285494636
 20
-28.06499999970827
 30
0.0
 11
-94.39679285494635
 21
-28.06499999970855
 31
0.0
  0
ARC
  5
18D
330
70
100
AcDbEntity
  8
W-S-D v1_4_ANYTOOL_CUTTHROUGH_OUTSI
100
AcDbCircle
 10
87.76679285494735
 20
-28.06749999970092
 30
0.0
 40
0.0025000000002553
210
0.0
220
0.0
230
-1.0
100
AcDbArc
 50
90.0000000055367
 51
179.9999999951961
  0
LINE
  5
18E
330
70
100
AcDbEntity
  8
W-S-D v1_4_ANYTOOL_CUTTHROUGH_OUTSI
100
AcDbLine
 10
-98.51429285494637
 20
-28.0674999997073
 30
0.0
 11
-98.5142928549463
 21
-28.30499999970717
 31
0.0
  0
LINE
  5
18F
330
70
100
AcDbEntity
  8
W-S-D v1_4_ANYTOOL_CUTTHROUGH_OUTSI
100
AcDbLine
 10
-89.92037462376123
 20
-27.7844940803601
 30
0.0
 11
-89.90645702876895
 21
-27.7633058258834
 31
0.0
  0
LINE
  5
190
330
70
100
AcDbEntity
  8
W-S-D v1_4_ANYTOOL_CUTTHROUGH_OUTSI
100
AcDbLine
 10
-84.53324155696444
 20
-25.59590431333941
 30
0.0
 11
-85.01679285496111
 21
-25.76499999971553
 31
0.0
  0
LINE
  5
191
330
70
100
AcDbEntity
  8
W-S-D v1_4_ANYTOOL_CUTTHROUGH_OUTSI
100
AcDbLine
 10
-85.3942928549601
 20
-28.06749999970797
 30
0.0
 11
-85.39429285495968
 21
-28.12499999971072
 31
0.0
  0
LINE
  5
192
330
70
100
AcDbEntity
  8
W-S-D v1_4_ANYTOOL_CUTTHROUGH_OUTSI
100
AcDbLine
 10
-85.01679285495981
 20
-27.71399999970896
 30
0.0
 11
-85.03979877430749
 21
-27.70961176852539
 31
0.0
  0
LINE
  5
193
330
70
100
AcDbEntity
  8
W-S-D v1_4_ANYTOOL_CUTTHROUGH_OUTSI
100
AcDbLine
 10
-95.01990320905381
 20
-27.80832587576951
 30
0.0
 11
-95.18889433899813
 21
-28.29116194749837
 31
0.0
  0
LINE
  5
194
330
70
100
AcDbEntity
  8
W-S-D v1_4_ANYTOOL_CUTTHROUGH_OUTSI
100
AcDbLine
 10
-88.51679285494638
 20
-28.06499999970822
 30
0.0
 11
-88.39679285494637
 21
-28.06499999970851
 31
0.0
  0
LINE
  5
195
330
70
100
AcDbEntity
  8
W-S-D v1_4_ANYTOOL_CUTTHROUGH_OUTSI
100
AcDbLine
 10
-95.18889433899813
 20
-28.29116194749837
 30
0.0
 11
-95.19120848141005
 21
-28.30499999970786
 31
0.0
  0
LINE
  5
196
330
70
100
AcDbEntity
  8
W-S-D v1_4_ANYTOOL_CUTTHROUGH_OUTSI
100
AcDbLine
 10
-85.01679285496111
 20
-25.76499999971553
 30
0.0
 11
-85.03979877430882
 21
-25.76061176853203
 31
0.0
  0
LINE
  5
197
330
70
100
AcDbEntity
  8
W-S-D v1_4_ANYTOOL_CUTTHROUGH_OUTSI
100
AcDbLine
 10
-84.53313090716973
 20
-26.97813148376181
 30
0.0
 11
-84.51929285496047
 21
-26.98044562617399
 31
0.0
  0
LINE
  5
198
330
70
100
AcDbEntity
  8
W-S-D v1_4_ANYTOOL_CUTTHROUGH_OUTSI
100
AcDbLine
 10
-90.13929285494482
 20
-28.0674999997079
 30
0.0
 11
-90.13929285494482
 21
-28.30499999970802
 31
0.0
  0
LINE
  5
199
330
70
100
AcDbEntity
  8
W-S-D v1_4_ANYTOOL_CUTTHROUGH_OUTSI
100
AcDbLine
 10
-84.51929285496129
 20
-25.59355437325003
 30
0.0
 11
-84.53324155696444
 21
-25.59590431333941
 31
0.0
  0
ARC
  5
19A
330
70
100
AcDbEntity
  8
W-S-D v1_4_ANYTOOL_CUTTHROUGH_OUTSI
100
AcDbCircle
 10
90.77179285494507
 20
-28.06749999970821
 30
0.0
 40
0.0025000000003164
210
0.0
220
0.0
230
-1.0
100
AcDbArc
 50
90.00000000651375
 51
179.9999999927534
  0
LINE
  5
19B
330
70
100
AcDbEntity
  8
W-S-D v1_4_ANYTOOL_CUTTHROUGH_OUTSI
100
AcDbLine
 10
-88.3942928549464
 20
-28.06749999970855
 30
0.0
 11
-88.3942928549467
 21
-28.12499999970273
 31
0.0
  0
LINE
  5
19C
330
70
100
AcDbEntity
  8
W-S-D v1_4_ANYTOOL_CUTTHROUGH_OUTSI
100
AcDbLine
 10
-88.51929285494627
 20
-28.30499999970792
 30
0.0
 11
-88.51929285494634
 21
-28.06749999970826
 31
0.0
  0
LINE
  5
19D
330
70
100
AcDbEntity
  8
W-S-D v1_4_ANYTOOL_CUTTHROUGH_OUTSI
100
AcDbLine
 10
-89.75331722847926
 20
-28.30499999970787
 30
0.0
 11
-89.75566716856864
 21
-28.29105129770472
 31
0.0
  0
LINE
  5
19E
330
70
100
AcDbEntity
  8
W-S-D v1_4_ANYTOOL_CUTTHROUGH_OUTSI
100
AcDbLine
 10
-89.19120848141004
 20
-28.30499999970778
 30
0.0
 11
-88.51929285494627
 21
-28.30499999970792
 31
0.0
  0
LINE
  5
19F
330
70
100
AcDbEntity
  8
W-S-D v1_4_ANYTOOL_CUTTHROUGH_OUTSI
100
AcDbLine
 10
-89.01976285494495
 20
-22.81749999971264
 30
0.0
 11
-89.0241510861286
 21
-22.84050591906031
 31
0.0
  0
LINE
  5
1A0
330
70
100
AcDbEntity
  8
W-S-D v1_4_ANYTOOL_CUTTHROUGH_OUTSI
100
AcDbLine
 10
-85.39429285495968
 20
-28.12499999971072
 30
0.0
 11
-84.51929285496134
 21
-28.12499999970898
 31
0.0
  0
LINE
  5
1A1
330
70
100
AcDbEntity
  8
W-S-D v1_4_ANYTOOL_CUTTHROUGH_OUTSI
100
AcDbLine
 10
-89.18889433899806
 20
-28.29116194749841
 30
0.0
 11
-89.19120848141004
 21
-28.30499999970778
 31
0.0
  0
LINE
  5
1A2
330
70
100
AcDbEntity
  8
W-S-D v1_4_ANYTOOL_CUTTHROUGH_OUTSI
100
AcDbLine
 10
-90.13929285494482
 20
-28.30499999970802
 30
0.0
 11
-89.75331722847926
 21
-28.30499999970787
 31
0.0
  0
LINE
  5
1A3
330
70
100
AcDbEntity
  8
W-S-D v1_4_ANYTOOL_CUTTHROUGH_OUTSI
100
AcDbLine
 10
-89.08226285494516
 20
-22.87999999971264
 30
0.0
 11
-89.8622628549447
 21
-22.87999999971279
 31
0.0
  0
LINE
  5
1A4
330
70
100
AcDbEntity
  8
W-S-D v1_4_ANYTOOL_CUTTHROUGH_OUTSI
100
AcDbLine
 10
-85.01596697889871
 20
-26.8091403538176
 30
0.0
 11
-84.53313090716973
 21
-26.97813148376181
 31
0.0
  0
ARC
  5
1A5
330
70
100
AcDbEntity
  8
W-S-D v1_4_ANYTOOL_CUTTHROUGH_OUTSI
100
AcDbCircle
 10
84.51679285496243
 20
-27.83624999970887
 30
0.0
 40
0.1225000000004126
210
0.0
220
0.0
230
-1.0
100
AcDbArc
 50
289.471220634707
 51
70.52877936530719
  0
ARC
  5
1A6
330
70
100
AcDbEntity
  8
W-S-D v1_4_ANYTOOL_CUTTHROUGH_OUTSI
100
AcDbCircle
 10
85.39679285496008
 20
-28.0674999997079
 30
0.0
 40
0.0024999999999675
210
0.0
220
0.0
230
-1.0
100
AcDbArc
 50
90.0
 51
180.0000000017099
  0
LINE
  5
1A7
330
70
100
AcDbEntity
  8
W-S-D v1_4_ANYTOOL_CUTTHROUGH_OUTSI
100
AcDbLine
 10
-90.26429285494506
 20
-22.49999999971725
 30
0.0
 11
-90.76929285494509
 21
-22.49999999971739
 31
0.0
  0
ARC
  5
1A8
330
70
100
AcDbEntity
  8
W-S-D v1_4_ANYTOOL_CUTTHROUGH_OUTSI
100
AcDbCircle
 10
91.17122815131573
 20
-27.80727375836419
 30
0.0
 40
0.0622738306664257
210
0.0
220
0.0
230
-1.0
100
AcDbArc
 50
89.9128667642047
 51
180.9680592067347
  0
LINE
  5
1A9
330
70
100
AcDbEntity
  8
W-S-D v1_4_ANYTOOL_CUTTHROUGH_OUTSI
100
AcDbLine
 10
-89.75566716856864
 20
-28.29105129770472
 30
0.0
 11
-89.92476285494467
 21
-27.8074999997078
 31
0.0
  0
LINE
  5
1AA
330
70
100
AcDbEntity
  8
W-S-D v1_4_ANYTOOL_CUTTHROUGH_OUTSI
100
AcDbLine
 10
-86.63929285494665
 20
-28.12499999970273
 30
0.0
 11
-86.63929285494637
 21
-28.06749999970826
 31
0.0
  0
LINE
  5
1AB
330
70
100
AcDbEntity
  8
W-S-D v1_4_ANYTOOL_CUTTHROUGH_OUTSI
100
AcDbLine
 10
-84.51929285496243
 20
-23.64455437324607
 30
0.0
 11
-84.53324155696549
 21
-23.64690431333552
 31
0.0
  0
LINE
  5
1AC
330
70
100
AcDbEntity
  8
W-S-D v1_4_ANYTOOL_CUTTHROUGH_OUTSI
100
AcDbLine
 10
-86.51429285494634
 20
-28.30499999970734
 30
0.0
 11
-85.51929285496017
 21
-28.30499999970865
 31
0.0
  0
LINE
  5
1AD
330
70
100
AcDbEntity
  8
W-S-D v1_4_ANYTOOL_CUTTHROUGH_OUTSI
100
AcDbLine
 10
-85.07490462377644
 20
-27.6745059190565
 30
0.0
 11
-85.07929285496004
 21
-27.65149999970879
 31
0.0
  0
ARC
  5
1AE
330
70
100
AcDbEntity
  8
W-S-D v1_4_ANYTOOL_CUTTHROUGH_OUTSI
100
AcDbCircle
 10
-84.57679285496238
 20
-27.66654437222439
 30
0.0
 40
0.057499999999303
100
AcDbArc
 50
289.4712206341326
 51
0.0000000002902878
  0
LINE
  5
1AF
330
70
100
AcDbEntity
  8
W-S-D v1_4_ANYTOOL_CUTTHROUGH_OUTSI
100
AcDbLine
 10
-89.90645702876895
 20
-27.7633058258834
 30
0.0
 11
-89.88526877429221
 21
-27.74938823089113
 31
0.0
  0
LINE
  5
1B0
330
70
100
AcDbEntity
  8
W-S-D v1_4_ANYTOOL_CUTTHROUGH_OUTSI
100
AcDbLine
 10
-85.03979877430882
 20
-25.76061176853203
 30
0.0
 11
-85.06098702878544
 21
-25.74669417353977
 31
0.0
  0
ARC
  5
1B1
330
70
100
AcDbEntity
  8
W-S-D v1_4_ANYTOOL_CUTTHROUGH_OUTSI
100
AcDbCircle
 10
90.89179285494475
 20
-28.06749999970796
 30
0.0
 40
0.0025000000000659
210
0.0
220
0.0
230
-1.0
100
AcDbArc
 50
0.0000000014655996
 51
89.99999999837156
  0
LINE
  5
1B2
330
70
100
AcDbEntity
  8
W-S-D v1_4_ANYTOOL_CUTTHROUGH_OUTSI
100
AcDbLine
 10
-91.97432877429251
 20
-27.74938823089219
 30
0.0
 11
-91.95132285494485
 21
-27.74499999970875
 31
0.0
  0
ARC
  5
1B3
330
70
100
AcDbEntity
  8
W-S-D v1_4_ANYTOOL_CUTTHROUGH_OUTSI
100
AcDbCircle
 10
87.14679285494668
 20
-28.06749999970112
 30
0.0
 40
0.0024999999998798
210
0.0
220
0.0
230
-1.0
100
AcDbArc
 50
89.99999999706879
 51
180.0000000038268
  0
LINE
  5
1B4
330
70
100
AcDbEntity
  8
W-S-D v1_4_ANYTOOL_CUTTHROUGH_OUTSI
100
AcDbLine
 10
-85.07929285496004
 20
-27.65149999970879
 30
0.0
 11
-85.07929285496055
 21
-26.87149999970897
 31
0.0
  0
LINE
  5
1B5
330
70
100
AcDbEntity
  8
W-S-D v1_4_ANYTOOL_CUTTHROUGH_OUTSI
100
AcDbLine
 10
-85.51679285496009
 20
-28.06499999970895
 30
0.0
 11
-85.3967928549601
 21
-28.06499999970793
 31
0.0
  0
ARC
  5
1B6
330
70
100
AcDbEntity
  8
W-S-D v1_4_ANYTOOL_CUTTHROUGH_OUTSI
100
AcDbCircle
 10
89.08216815131549
 20
-27.80727375836354
 30
0.0
 40
0.062273830666542
210
0.0
220
0.0
230
-1.0
100
AcDbArc
 50
89.91286676436178
 51
180.9680592066412
  0
LINE
  5
1B7
330
70
100
AcDbEntity
  8
W-S-D v1_4_ANYTOOL_CUTTHROUGH_OUTSI
100
AcDbLine
 10
-91.27795433899853
 20
-28.29116194749906
 30
0.0
 11
-91.28026848141045
 21
-28.30499999970845
 31
0.0
  0
LINE
  5
1B8
330
70
100
AcDbEntity
  8
W-S-D v1_4_ANYTOOL_CUTTHROUGH_OUTSI
100
AcDbLine
 10
-85.03979877430749
 20
-27.70961176852539
 30
0.0
 11
-85.06098702878412
 21
-27.69569417353312
 31
0.0
  0
LINE
  5
1B9
330
70
100
AcDbEntity
  8
W-S-D v1_4_ANYTOOL_CUTTHROUGH_OUTSI
100
AcDbLine
 10
-89.88526877429221
 20
-27.74938823089113
 30
0.0
 11
-89.86226285494446
 21
-27.7449999997077
 31
0.0
  0
ARC
  5
1BA
330
70
100
AcDbEntity
  8
W-S-D v1_4_ANYTOOL_CUTTHROUGH_OUTSI
100
AcDbCircle
 10
88.39679285494643
 20
-28.06749999970853
 30
0.0
 40
0.0025000000000166
210
0.0
220
0.0
230
-1.0
100
AcDbArc
 50
90.00000000097704
 51
180.0000000005699
  0
LINE
  5
1BB
330
70
100
AcDbEntity
  8
W-S-D v1_4_ANYTOOL_CUTTHROUGH_OUTSI
100
AcDbLine
 10
-91.28026848141045
 20
-28.30499999970845
 30
0.0
 11
-90.89429285494489
 21
-28.30499999970802
 31
0.0
  0
LINE
  5
1BC
330
70
100
AcDbEntity
  8
W-S-D v1_4_ANYTOOL_CUTTHROUGH_OUTSI
100
AcDbLine
 10
-87.26929285494696
 20
-28.30499999969571
 30
0.0
 11
-87.26929285494682
 21
-28.06749999970071
 31
0.0
  0
LINE
  5
1BD
330
70
100
AcDbEntity
  8
W-S-D v1_4_ANYTOOL_CUTTHROUGH_OUTSI
100
AcDbLine
 10
-84.51929285496134
 20
-28.12499999970898
 30
0.0
 11
-84.51929285496301
 21
-28.00595562719362
 31
0.0
  0
LINE
  5
1BE
330
70
100
AcDbEntity
  8
W-S-D v1_4_ANYTOOL_CUTTHROUGH_OUTSI
100
AcDbLine
 10
-91.84472716856912
 20
-28.29105129770532
 30
0.0
 11
-92.01382285494508
 21
-27.80749999970856
 31
0.0
  0
LINE
  5
1BF
330
70
100
AcDbEntity
  8
W-S-D v1_4_ANYTOOL_CUTTHROUGH_OUTSI
100
AcDbLine
 10
-89.92476285494467
 20
-27.8074999997078
 30
0.0
 11
-89.92037462376123
 21
-27.7844940803601
 31
0.0
  0
LINE
  5
1C0
330
70
100
AcDbEntity
  8
W-S-D v1_4_ANYTOOL_CUTTHROUGH_OUTSI
100
AcDbLine
 10
-92.01382285494508
 20
-27.80749999970856
 30
0.0
 11
-92.0094346237615
 21
-27.78449408036093
 31
0.0
  0
LINE
  5
1C1
330
70
100
AcDbEntity
  8
W-S-D v1_4_ANYTOOL_CUTTHROUGH_OUTSI
100
AcDbLine
 10
-89.86226285494446
 20
-27.7449999997077
 30
0.0
 11
-89.08226285494491
 21
-27.74499999970784
 31
0.0
  0
LINE
  5
1C2
330
70
100
AcDbEntity
  8
W-S-D v1_4_ANYTOOL_CUTTHROUGH_OUTSI
100
AcDbLine
 10
-86.63679285494636
 20
-28.06499999970822
 30
0.0
 11
-86.51679285494637
 21
-28.06499999970735
 31
0.0
  0
LINE
  5
1C3
330
70
100
AcDbEntity
  8
W-S-D v1_4_ANYTOOL_CUTTHROUGH_OUTSI
100
AcDbLine
 10
-90.26179285494482
 20
-28.0649999997079
 30
0.0
 11
-90.14179285494483
 21
-28.0649999997079
 31
0.0
  0
LINE
  5
1C4
330
70
100
AcDbEntity
  8
W-S-D v1_4_ANYTOOL_CUTTHROUGH_OUTSI
100
AcDbLine
 10
-92.0094346237615
 20
-27.78449408036093
 30
0.0
 11
-91.99551702876917
 21
-27.76330582588436
 31
0.0
  0
LINE
  5
1C5
330
70
100
AcDbEntity
  8
W-S-D v1_4_ANYTOOL_CUTTHROUGH_OUTSI
100
AcDbLine
 10
-84.51929285496047
 20
-26.98044562617399
 30
0.0
 11
-84.51929285496129
 21
-25.59355437325003
 31
0.0
  0
LINE
  5
1C6
330
70
100
AcDbEntity
  8
W-S-D v1_4_ANYTOOL_CUTTHROUGH_OUTSI
100
AcDbLine
 10
-84.51929285496163
 20
-25.0314456261767
 30
0.0
 11
-84.51929285496243
 21
-23.64455437324607
 31
0.0
  0
LINE
  5
1C7
330
70
100
AcDbEntity
  8
W-S-D v1_4_ANYTOOL_CUTTHROUGH_OUTSI
100
AcDbLine
 10
-86.51429285494641
 20
-28.06749999970739
 30
0.0
 11
-86.51429285494634
 21
-28.30499999970734
 31
0.0
  0
ARC
  5
1C8
330
70
100
AcDbEntity
  8
W-S-D v1_4_ANYTOOL_CUTTHROUGH_OUTSI
100
AcDbCircle
 10
90.14179285494467
 20
-28.06749999970774
 30
0.0
 40
0.0024999999998414
210
0.0
220
0.0
230
-1.0
100
AcDbArc
 50
89.99999999641742
 51
180.000000003664
  0
LINE
  5
1C9
330
70
100
AcDbEntity
  8
W-S-D v1_4_ANYTOOL_CUTTHROUGH_OUTSI
100
AcDbLine
 10
-87.14429285494686
 20
-28.12499999970127
 30
0.0
 11
-86.63929285494665
 21
-28.12499999970273
 31
0.0
  0
ARC
  5
1CA
330
70
100
AcDbEntity
  8
W-S-D v1_4_ANYTOOL_CUTTHROUGH_OUTSI
100
AcDbCircle
 10
86.51679285494635
 20
-28.06749999970731
 30
0.0
 40
0.0024999999999629
210
0.0
220
0.0
230
-1.0
100
AcDbArc
 50
89.99999999967432
 51
180.0000000018727
  0
ARC
  5
1CB
330
70
100
AcDbEntity
  8
W-S-D v1_4_ANYTOOL_CUTTHROUGH_OUTSI
100
AcDbCircle
 10
84.51679285496187
 20
-22.78874999971148
 30
0.0
 40
0.1225000000005302
210
0.0
220
0.0
230
-1.0
100
AcDbArc
 50
289.4712206349982
 51
70.52877936510792
  0
LINE
  5
1CC
330
70
100
AcDbEntity
  8
W-S-D v1_4_ANYTOOL_CUTTHROUGH_OUTSI
100
AcDbLine
 10
-87.26929285494657
 20
-22.55749999971211
 30
0.0
 11
-87.26929285494678
 21
-22.32000000039763
 31
0.0
  0
ARC
  5
1CD
330
70
100
AcDbEntity
  8
W-S-D v1_4_ANYTOOL_CUTTHROUGH_OUTSI
100
AcDbCircle
 10
90.26179285494489
 20
-22.55749999971699
 30
0.0
 40
0.002500000000239
210
0.0
220
0.0
230
-1.0
100
AcDbArc
 50
270.0000000035826
 51
359.9999999946261
  0
LINE
  5
1CE
330
70
100
AcDbEntity
  8
W-S-D v1_4_ANYTOOL_CUTTHROUGH_OUTSI
100
AcDbLine
 10
-85.03979877430991
 20
-23.81161176852818
 30
0.0
 11
-85.0609870287865
 21
-23.79769417353589
 31
0.0
  0
LINE
  5
1CF
330
70
100
AcDbEntity
  8
W-S-D v1_4_ANYTOOL_CUTTHROUGH_OUTSI
100
AcDbLine
 10
-87.14429285494679
 20
-28.06749999970128
 30
0.0
 11
-87.14429285494686
 21
-28.12499999970127
 31
0.0
  0
ARC
  5
1D0
330
70
100
AcDbEntity
  8
W-S-D v1_4_ANYTOOL_CUTTHROUGH_OUTSI
100
AcDbCircle
 10
90.26179285494471
 20
-28.06749999970796
 30
0.0
 40
0.0025000000000645
210
0.0
220
0.0
230
-1.0
100
AcDbArc
 50
0.0000000014655996
 51
89.99999999772018
  0
LINE
  5
1D1
330
70
100
AcDbEntity
  8
W-S-D v1_4_ANYTOOL_CUTTHROUGH_OUTSI
100
AcDbLine
 10
-87.14429285494672
 20
-22.49999999971121
 30
0.0
 11
-87.14429285494665
 21
-22.55749999971124
 31
0.0
  0
LINE
  5
1D2
330
70
100
AcDbEntity
  8
W-S-D v1_4_ANYTOOL_CUTTHROUGH_OUTSI
100
AcDbLine
 10
-87.76429285494696
 20
-28.30499999969571
 30
0.0
 11
-87.26929285494696
 21
-28.30499999969571
 31
0.0
  0
ARC
  5
1D3
330
70
100
AcDbEntity
  8
W-S-D v1_4_ANYTOOL_CUTTHROUGH_OUTSI
100
AcDbCircle
 10
85.01701909630597
 20
-22.97340529608329
 30
0.0
 40
0.0622738306677719
210
0.0
220
0.0
230
-1.0
100
AcDbArc
 50
359.9128667650074
 51
90.96805920558585
  0
LINE
  5
1D4
330
70
100
AcDbEntity
  8
W-S-D v1_4_ANYTOOL_CUTTHROUGH_OUTSI
100
AcDbLine
 10
-84.5331309071709
 20
-25.02913148376843
 30
0.0
 11
-84.51929285496163
 21
-25.0314456261767
 31
0.0
  0
LINE
  5
1D5
330
70
100
AcDbEntity
  8
W-S-D v1_4_ANYTOOL_CUTTHROUGH_OUTSI
100
AcDbLine
 10
-88.3942928549467
 20
-28.12499999970273
 30
0.0
 11
-87.88929285494701
 21
-28.12499999970127
 31
0.0
  0
LINE
  5
1D6
330
70
100
AcDbEntity
  8
W-S-D v1_4_ANYTOOL_CUTTHROUGH_OUTSI
100
AcDbLine
 10
-85.39429285496284
 20
-22.49999999970642
 30
0.0
 11
-85.39429285496288
 21
-22.55749999970644
 31
0.0
  0
LINE
  5
1D7
330
70
100
AcDbEntity
  8
W-S-D v1_4_ANYTOOL_CUTTHROUGH_OUTSI
100
AcDbLine
 10
-85.06098702878412
 20
-27.69569417353312
 30
0.0
 11
-85.07490462377644
 21
-27.6745059190565
 31
0.0
  0
LINE
  5
1D8
330
70
100
AcDbEntity
  8
W-S-D v1_4_ANYTOOL_CUTTHROUGH_OUTSI
100
AcDbLine
 10
-85.0609870287865
 20
-23.79769417353589
 30
0.0
 11
-85.07490462377877
 21
-23.77650591905922
 31
0.0
  0
LINE
  5
1D9
330
70
100
AcDbEntity
  8
W-S-D v1_4_ANYTOOL_CUTTHROUGH_OUTSI
100
AcDbLine
 10
-90.77179285494507
 20
-22.55999999971737
 30
0.0
 11
-90.89179285494509
 21
-22.55999999971738
 31
0.0
  0
LINE
  5
1DA
330
70
100
AcDbEntity
  8
W-S-D v1_4_ANYTOOL_CUTTHROUGH_OUTSI
100
AcDbLine
 10
-89.0380686811209
 20
-22.86169417353689
 30
0.0
 11
-89.05925693559751
 21
-22.87561176852912
 31
0.0
  0
LINE
  5
1DB
330
70
100
AcDbEntity
  8
W-S-D v1_4_ANYTOOL_CUTTHROUGH_OUTSI
100
AcDbLine
 10
-87.76679285494696
 20
-22.55999999971202
 30
0.0
 11
-87.88679285494694
 21
-22.55999999971115
 31
0.0
  0
LINE
  5
1DC
330
70
100
AcDbEntity
  8
W-S-D v1_4_ANYTOOL_CUTTHROUGH_OUTSI
100
AcDbLine
 10
-86.51679285494664
 20
-22.55999999971217
 30
0.0
 11
-86.63679285494664
 21
-22.55999999971129
 31
0.0
  0
LINE
  5
1DD
330
70
100
AcDbEntity
  8
W-S-D v1_4_ANYTOOL_CUTTHROUGH_OUTSI
100
AcDbLine
 10
-85.51929285496287
 20
-22.55749999970717
 30
0.0
 11
-85.51929285496308
 21
-22.31999999970675
 31
0.0
  0
LINE
  5
1DE
330
70
100
AcDbEntity
  8
W-S-D v1_4_ANYTOOL_CUTTHROUGH_OUTSI
100
AcDbLine
 10
-91.27791854132139
 20
-22.33394870171621
 30
0.0
 11
-91.10882285494534
 21
-22.81749999971302
 31
0.0
  0
LINE
  5
1DF
330
70
100
AcDbEntity
  8
W-S-D v1_4_ANYTOOL_CUTTHROUGH_OUTSI
100
AcDbLine
 10
-92.01368250083623
 20
-22.81667412365099
 30
0.0
 11
-91.84469137089196
 21
-22.3338380519223
 31
0.0
  0
LINE
  5
1E0
330
70
100
AcDbEntity
  8
W-S-D v1_4_ANYTOOL_CUTTHROUGH_OUTSI
100
AcDbLine
 10
-89.75563137089148
 20
-22.33383805192191
 30
0.0
 11
-89.75331722847959
 21
-22.3199999997128
 31
0.0
  0
ARC
  5
1E1
330
70
100
AcDbEntity
  8
W-S-D v1_4_ANYTOOL_CUTTHROUGH_OUTSI
100
AcDbCircle
 10
96.77179285494508
 20
-22.55749999971748
 30
0.0
 40
0.0025000000000084
210
0.0
220
0.0
230
-1.0
100
AcDbArc
 50
179.9999999982087
 51
269.9999999990229
  0
LINE
  5
1E2
330
70
100
AcDbEntity
  8
W-S-D v1_4_ANYTOOL_CUTTHROUGH_OUTSI
100
AcDbLine
 10
-91.17132285494555
 20
-22.87999999971299
 30
0.0
 11
-91.95132285494505
 21
-22.87999999971299
 31
0.0
  0
ARC
  5
1E3
330
70
100
AcDbEntity
  8
W-S-D v1_4_ANYTOOL_CUTTHROUGH_OUTSI
100
AcDbCircle
 10
-84.57679285496286
 20
-22.61904437222668
 30
0.0
 40
0.0574999999998334
100
AcDbArc
 50
289.471220634562
 51
359.9999999999611
  0
ARC
  5
1E4
330
70
100
AcDbEntity
  8
W-S-D v1_4_ANYTOOL_CUTTHROUGH_OUTSI
100
AcDbCircle
 10
85.01701909630375
 20
-26.87140529608038
 30
0.0
 40
0.0622738306676325
210
0.0
220
0.0
230
-1.0
100
AcDbArc
 50
359.9128667651151
 51
90.96805920577109
  0
ARC
  5
1E5
330
70
100
AcDbEntity
  8
W-S-D v1_4_ANYTOOL_CUTTHROUGH_OUTSI
100
AcDbCircle
 10
89.8623575585738
 20
-22.81772624105668
 30
0.0
 40
0.0622738306669572
210
0.0
220
0.0
230
-1.0
100
AcDbArc
 50
269.91286676465
 51
0.9680592066088847
  0
LINE
  5
1E6
330
70
100
AcDbEntity
  8
W-S-D v1_4_ANYTOOL_CUTTHROUGH_OUTSI
100
AcDbLine
 10
-86.63929285494665
 20
-22.49999999971368
 30
0.0
 11
-87.14429285494672
 21
-22.49999999971121
 31
0.0
  0
LINE
  5
1E7
330
70
100
AcDbEntity
  8
W-S-D v1_4_ANYTOOL_CUTTHROUGH_OUTSI
100
AcDbLine
 10
-87.88929285494697
 20
-22.55749999971138
 30
0.0
 11
-87.88929285494686
 21
-22.49999999971121
 31
0.0
  0
LINE
  5
1E8
330
70
100
AcDbEntity
  8
W-S-D v1_4_ANYTOOL_CUTTHROUGH_OUTSI
100
AcDbLine
 10
-84.53324155696325
 20
-27.54490431333264
 30
0.0
 11
-85.01679285495981
 21
-27.71399999970896
 31
0.0
  0
LINE
  5
1E9
330
70
100
AcDbEntity
  8
W-S-D v1_4_ANYTOOL_CUTTHROUGH_OUTSI
100
AcDbLine
 10
-93.26929285494665
 20
-22.55749999971202
 30
0.0
 11
-93.2692928549468
 21
-22.32000000039761
 31
0.0
  0
LINE
  5
1EA
330
70
100
AcDbEntity
  8
W-S-D v1_4_ANYTOOL_CUTTHROUGH_OUTSI
100
AcDbLine
 10
-87.7642928549471
 20
-28.06749999970071
 30
0.0
 11
-87.76429285494696
 21
-28.30499999969571
 31
0.0
  0
LINE
  5
1EB
330
70
100
AcDbEntity
  8
W-S-D v1_4_ANYTOOL_CUTTHROUGH_OUTSI
100
AcDbLine
 10
-86.51429285494666
 20
-22.31999999971212
 30
0.0
 11
-86.51429285494666
 21
-22.55749999971225
 31
0.0
  0
LINE
  5
1EC
330
70
100
AcDbEntity
  8
W-S-D v1_4_ANYTOOL_CUTTHROUGH_OUTSI
100
AcDbLine
 10
-89.01990320905381
 20
-27.80832587576952
 30
0.0
 11
-89.18889433899806
 21
-28.29116194749841
 31
0.0
  0
ARC
  5
1ED
330
70
100
AcDbEntity
  8
W-S-D v1_4_ANYTOOL_CUTTHROUGH_OUTSI
100
AcDbCircle
 10
88.51679285494652
 20
-22.55749999971153
 30
0.0
 40
0.0025000000001967
210
0.0
220
0.0
230
-1.0
100
AcDbArc
 50
270.0000000022798
 51
359.9999999934862
  0
ARC
  5
1EE
330
70
100
AcDbEntity
  8
W-S-D v1_4_ANYTOOL_CUTTHROUGH_OUTSI
100
AcDbCircle
 10
87.14679285494648
 20
-22.55749999971117
 30
0.0
 40
0.0024999999998371
210
0.0
220
0.0
230
-1.0
100
AcDbArc
 50
180.000000001547
 51
270.0000000042339
  0
LINE
  5
1EF
330
70
100
AcDbEntity
  8
W-S-D v1_4_ANYTOOL_CUTTHROUGH_OUTSI
100
AcDbLine
 10
-88.39679285494666
 20
-22.55999999971144
 30
0.0
 11
-88.51679285494663
 21
-22.55999999971173
 31
0.0
  0
LINE
  5
1F0
330
70
100
AcDbEntity
  8
W-S-D v1_4_ANYTOOL_CUTTHROUGH_OUTSI
100
AcDbLine
 10
-90.76929285494509
 20
-22.49999999971739
 30
0.0
 11
-90.76929285494506
 21
-22.55749999971737
 31
0.0
  0
LINE
  5
1F1
330
70
100
AcDbEntity
  8
W-S-D v1_4_ANYTOOL_CUTTHROUGH_OUTSI
100
AcDbLine
 10
-89.19120848141037
 20
-22.3199999997127
 30
0.0
 11
-89.18885854132092
 21
-22.33394870171568
 31
0.0
  0
LINE
  5
1F2
330
70
100
AcDbEntity
  8
W-S-D v1_4_ANYTOOL_CUTTHROUGH_OUTSI
100
AcDbLine
 10
-95.18885854132092
 20
-22.3339487017157
 30
0.0
 11
-95.01976285494496
 21
-22.81749999971258
 31
0.0
  0
LINE
  5
1F3
330
70
100
AcDbEntity
  8
W-S-D v1_4_ANYTOOL_CUTTHROUGH_OUTSI
100
AcDbLine
 10
-95.05925693559751
 20
-22.87561176852902
 30
0.0
 11
-95.08226285494519
 21
-22.87999999971253
 31
0.0
  0
LINE
  5
1F4
330
70
100
AcDbEntity
  8
W-S-D v1_4_ANYTOOL_CUTTHROUGH_OUTSI
100
AcDbLine
 10
-85.01679285496223
 20
-23.81599999971172
 30
0.0
 11
-85.03979877430991
 21
-23.81161176852818
 31
0.0
  0
LINE
  5
1F5
330
70
100
AcDbEntity
  8
W-S-D v1_4_ANYTOOL_CUTTHROUGH_OUTSI
100
AcDbLine
 10
-84.51929285496133
 20
-27.54255437324352
 30
0.0
 11
-84.53324155696325
 21
-27.54490431333264
 31
0.0
  0
LINE
  5
1F6
330
70
100
AcDbEntity
  8
W-S-D v1_4_ANYTOOL_CUTTHROUGH_OUTSI
100
AcDbLine
 10
-87.26679285494681
 20
-28.06499999970066
 30
0.0
 11
-87.1467928549468
 21
-28.06499999970124
 31
0.0
  0
LINE
  5
1F7
330
70
100
AcDbEntity
  8
W-S-D v1_4_ANYTOOL_CUTTHROUGH_OUTSI
100
AcDbLine
 10
-89.18885854132092
 20
-22.33394870171568
 30
0.0
 11
-89.01976285494495
 21
-22.81749999971264
 31
0.0
  0
LINE
  5
1F8
330
70
100
AcDbEntity
  8
W-S-D v1_4_ANYTOOL_CUTTHROUGH_OUTSI
100
AcDbLine
 10
-88.51929285494673
 20
-22.55749999971182
 30
0.0
 11
-88.51929285494666
 21
-22.31999999971183
 31
0.0
  0
LINE
  5
1F9
330
70
100
AcDbEntity
  8
W-S-D v1_4_ANYTOOL_CUTTHROUGH_OUTSI
100
AcDbLine
 10
-85.39679285496282
 20
-22.55999999970636
 30
0.0
 11
-85.51679285496291
 21
-22.55999999970723
 31
0.0
  0
ARC
  5
1FA
330
70
100
AcDbEntity
  8
W-S-D v1_4_ANYTOOL_CUTTHROUGH_OUTSI
100
AcDbCircle
 10
86.51679285494649
 20
-22.55749999971234
 30
0.0
 40
0.0024999999998272
210
0.0
220
0.0
230
-1.0
100
AcDbArc
 50
179.9999999980459
 51
270.0000000035826
  0
LINE
  5
1FB
330
70
100
AcDbEntity
  8
W-S-D v1_4_ANYTOOL_CUTTHROUGH_OUTSI
100
AcDbLine
 10
-96.14179285494506
 20
-22.5599999997172
 30
0.0
 11
-96.26179285494506
 21
-22.55999999971734
 31
0.0
  0
LINE
  5
1FC
330
70
100
AcDbEntity
  8
W-S-D v1_4_ANYTOOL_CUTTHROUGH_OUTSI
100
AcDbLine
 10
-87.88929285494686
 20
-22.49999999971121
 30
0.0
 11
-88.39429285494665
 21
-22.49999999971382
 31
0.0
  0
LINE
  5
1FD
330
70
100
AcDbEntity
  8
W-S-D v1_4_ANYTOOL_CUTTHROUGH_OUTSI
100
AcDbLine
 10
-87.88929285494701
 20
-28.12499999970127
 30
0.0
 11
-87.88929285494708
 21
-28.06749999970128
 31
0.0
  0
LINE
  5
1FE
330
70
100
AcDbEntity
  8
W-S-D v1_4_ANYTOOL_CUTTHROUGH_OUTSI
100
AcDbLine
 10
-85.07929285496118
 20
-25.70249999971533
 30
0.0
 11
-85.07929285496164
 21
-24.92249999971553
 31
0.0
  0
ARC
  5
1FF
330
70
100
AcDbEntity
  8
W-S-D v1_4_ANYTOOL_CUTTHROUGH_OUTSI
100
AcDbCircle
 10
85.39679285496269
 20
-22.55749999970653
 30
0.0
 40
0.0024999999998258
210
0.0
220
0.0
230
-1.0
100
AcDbArc
 50
179.9999999979644
 51
270.0000000029312
  0
LINE
  5
200
330
70
100
AcDbEntity
  8
W-S-D v1_4_ANYTOOL_CUTTHROUGH_OUTSI
100
AcDbLine
 10
-89.92462250083589
 20
-22.81667412365073
 30
0.0
 11
-89.75563137089148
 21
-22.33383805192191
 31
0.0
  0
LINE
  5
201
330
70
100
AcDbEntity
  8
W-S-D v1_4_ANYTOOL_CUTTHROUGH_OUTSI
100
AcDbLine
 10
-85.06098702878544
 20
-25.74669417353977
 30
0.0
 11
-85.07490462377768
 21
-25.72550591906309
 31
0.0
  0
ARC
  5
202
330
70
100
AcDbEntity
  8
W-S-D v1_4_ANYTOOL_CUTTHROUGH_OUTSI
100
AcDbCircle
 10
90.1417928549454
 20
-22.55749999971689
 30
0.0
 40
0.0025000000003416
210
0.0
220
0.0
230
-1.0
100
AcDbArc
 50
180.0000000077351
 51
269.9999999925092
  0
ARC
  5
203
330
70
100
AcDbEntity
  8
W-S-D v1_4_ANYTOOL_CUTTHROUGH_OUTSI
100
AcDbCircle
 10
86.6367928549463
 20
-28.06749999970828
 30
0.0
 40
0.0025000000000631
210
0.0
220
0.0
230
-1.0
100
AcDbArc
 50
0.0000000004885332
 51
89.99999999869725
  0
LINE
  5
204
330
70
100
AcDbEntity
  8
W-S-D v1_4_ANYTOOL_CUTTHROUGH_OUTSI
100
AcDbLine
 10
-85.51929285496308
 20
-22.31999999970675
 30
0.0
 11
-86.51429285494666
 21
-22.31999999971212
 31
0.0
  0
LINE
  5
205
330
70
100
AcDbEntity
  8
W-S-D v1_4_ANYTOOL_CUTTHROUGH_OUTSI
100
AcDbLine
 10
-85.51929285496017
 20
-28.30499999970865
 30
0.0
 11
-85.51929285496006
 21
-28.06749999970899
 31
0.0
  0
LINE
  5
206
330
70
100
AcDbEntity
  8
W-S-D v1_4_ANYTOOL_CUTTHROUGH_OUTSI
100
AcDbLine
 10
-84.51929285496317
 20
-23.08244562617685
 30
0.0
 11
-84.51929285496305
 21
-22.95845562719617
 31
0.0
  0
ARC
  5
207
330
70
100
AcDbEntity
  8
W-S-D v1_4_ANYTOOL_CUTTHROUGH_OUTSI
100
AcDbCircle
 10
86.63679285494643
 20
-22.55749999971106
 30
0.0
 40
0.0025000000002361
210
0.0
220
0.0
230
-1.0
100
AcDbArc
 50
270.0000000048853
 51
359.9999999925092
  0
LINE
  5
208
330
70
100
AcDbEntity
  8
W-S-D v1_4_ANYTOOL_CUTTHROUGH_OUTSI
100
AcDbLine
 10
-85.01596697889979
 20
-24.86014035382405
 30
0.0
 11
-84.5331309071709
 21
-25.02913148376843
 31
0.0
  0
LINE
  5
209
330
70
100
AcDbEntity
  8
W-S-D v1_4_ANYTOOL_CUTTHROUGH_OUTSI
100
AcDbLine
 10
-84.51929285496133
 20
-22.49999999970932
 30
0.0
 11
-85.39429285496284
 21
-22.49999999970642
 31
0.0
  0
ARC
  5
20A
330
70
100
AcDbEntity
  8
W-S-D v1_4_ANYTOOL_CUTTHROUGH_OUTSI
100
AcDbCircle
 10
87.26679285494686
 20
-28.06749999970061
 30
0.0
 40
0.002499999999948
210
0.0
220
0.0
230
-1.0
100
AcDbArc
 50
359.9999999978016
 51
90.00000000130276
  0
LINE
  5
20B
330
70
100
AcDbEntity
  8
W-S-D v1_4_ANYTOOL_CUTTHROUGH_OUTSI
100
AcDbLine
 10
-84.5192928549631
 20
-27.6665443722241
 30
0.0
 11
-84.51929285496133
 21
-27.54255437324352
 31
0.0
  0
ARC
  5
20C
330
70
100
AcDbEntity
  8
W-S-D v1_4_ANYTOOL_CUTTHROUGH_OUTSI
100
AcDbCircle
 10
85.0170190963049
 20
-24.92240529608677
 30
0.0
 40
0.0622738306675745
210
0.0
220
0.0
230
-1.0
100
AcDbArc
 50
359.9128667649614
 51
90.96805920583738
  0
ARC
  5
20D
330
70
100
AcDbEntity
  8
W-S-D v1_4_ANYTOOL_CUTTHROUGH_OUTSI
100
AcDbCircle
 10
88.51679285494626
 20
-28.06749999970831
 30
0.0
 40
0.0025000000000844
210
0.0
220
0.0
230
-1.0
100
AcDbArc
 50
0.0000000009770664
 51
89.99999999739449
  0
LINE
  5
20E
330
70
100
AcDbEntity
  8
W-S-D v1_4_ANYTOOL_CUTTHROUGH_OUTSI
100
AcDbLine
 10
-90.26429285494513
 20
-22.55749999971722
 30
0.0
 11
-90.26429285494506
 21
-22.49999999971725
 31
0.0
  0
ARC
  5
20F
330
70
100
AcDbEntity
  8
W-S-D v1_4_ANYTOOL_CUTTHROUGH_OUTSI
100
AcDbCircle
 10
87.76679285494692
 20
-22.55749999971204
 30
0.0
 40
0.0024999999999835
210
0.0
220
0.0
230
-1.0
100
AcDbArc
 50
180.0000000016284
 51
270.0000000009771
  0
LINE
  5
210
330
70
100
AcDbEntity
  8
W-S-D v1_4_ANYTOOL_CUTTHROUGH_OUTSI
100
AcDbLine
 10
-87.76429285494678
 20
-22.32000000005996
 30
0.0
 11
-87.76429285494693
 21
-22.55749999971211
 31
0.0
  0
LINE
  5
211
330
70
100
AcDbEntity
  8
W-S-D v1_4_ANYTOOL_CUTTHROUGH_OUTSI
100
AcDbLine
 10
-88.39429285494665
 20
-22.49999999971382
 30
0.0
 11
-88.39429285494665
 21
-22.55749999971153
 31
0.0
  0
LINE
  5
212
330
70
100
AcDbEntity
  8
W-S-D v1_4_ANYTOOL_CUTTHROUGH_OUTSI
100
AcDbLine
 10
-84.53313090717212
 20
-23.0801314837647
 30
0.0
 11
-84.51929285496317
 21
-23.08244562617685
 31
0.0
  0
LINE
  5
213
330
70
100
AcDbEntity
  8
W-S-D v1_4_ANYTOOL_CUTTHROUGH_OUTSI
100
AcDbLine
 10
-90.14179285494504
 20
-22.55999999971723
 30
0.0
 11
-90.26179285494505
 21
-22.55999999971723
 31
0.0
  0
LINE
  5
214
330
70
100
AcDbEntity
  8
W-S-D v1_4_ANYTOOL_CUTTHROUGH_OUTSI
100
AcDbLine
 10
-87.8867928549471
 20
-28.06499999970139
 30
0.0
 11
-87.76679285494711
 21
-28.06499999970066
 31
0.0
  0
LINE
  5
215
330
70
100
AcDbEntity
  8
W-S-D v1_4_ANYTOOL_CUTTHROUGH_OUTSI
100
AcDbLine
 10
-90.13929285494509
 20
-22.31999999971295
 30
0.0
 11
-90.13929285494503
 21
-22.55749999971722
 31
0.0
  0
LINE
  5
216
330
70
100
AcDbEntity
  8
W-S-D v1_4_ANYTOOL_CUTTHROUGH_OUTSI
100
AcDbLine
 10
-87.26929285494678
 20
-22.32000000039763
 30
0.0
 11
-87.76429285494678
 21
-22.32000000005996
 31
0.0
  0
LINE
  5
217
330
70
100
AcDbEntity
  8
W-S-D v1_4_ANYTOOL_CUTTHROUGH_OUTSI
100
AcDbLine
 10
-89.0241510861286
 20
-22.84050591906031
 30
0.0
 11
-89.0380686811209
 21
-22.86169417353689
 31
0.0
  0
LINE
  5
218
330
70
100
AcDbEntity
  8
W-S-D v1_4_ANYTOOL_CUTTHROUGH_OUTSI
100
AcDbLine
 10
-96.89429285494506
 20
-22.5574999997174
 30
0.0
 11
-96.8942928549451
 21
-22.31999999971531
 31
0.0
  0
ARC
  5
219
330
70
100
AcDbEntity
  8
W-S-D v1_4_ANYTOOL_CUTTHROUGH_OUTSI
100
AcDbCircle
 10
-84.57679285496226
 20
-22.95845562719584
 30
0.0
 40
0.0574999999992173
100
AcDbArc
 50
359.9999999996672
 51
70.5287793660641
  0
LINE
  5
21A
330
70
100
AcDbEntity
  8
W-S-D v1_4_ANYTOOL_CUTTHROUGH_OUTSI
100
AcDbLine
 10
-95.19120848141035
 20
-22.3199999997125
 30
0.0
 11
-95.18885854132092
 21
-22.3339487017157
 31
0.0
  0
LINE
  5
21B
330
70
100
AcDbEntity
  8
W-S-D v1_4_ANYTOOL_CUTTHROUGH_OUTSI
100
AcDbLine
 10
-94.51929285494658
 20
-22.55749999971173
 30
0.0
 11
-94.51929285494665
 21
-22.31999999971177
 31
0.0
  0
ARC
  5
21C
330
70
100
AcDbEntity
  8
W-S-D v1_4_ANYTOOL_CUTTHROUGH_OUTSI
100
AcDbCircle
 10
94.51679285494709
 20
-22.55749999971222
 30
0.0
 40
0.0024999999995007
210
0.0
220
0.0
230
-1.0
100
AcDbArc
 50
269.999999990555
 51
0.0000000111548414
  0
LINE
  5
21D
330
70
100
AcDbEntity
  8
W-S-D v1_4_ANYTOOL_CUTTHROUGH_OUTSI
100
AcDbLine
 10
-91.14831693559787
 20
-22.87561176852941
 30
0.0
 11
-91.17132285494555
 21
-22.87999999971299
 31
0.0
  0
LINE
  5
21E
330
70
100
AcDbEntity
  8
W-S-D v1_4_ANYTOOL_CUTTHROUGH_OUTSI
100
AcDbLine
 10
-85.0792928549623
 20
-23.75349999971149
 30
0.0
 11
-85.07929285496288
 21
-22.97349999971201
 31
0.0
  0
LINE
  5
21F
330
70
100
AcDbEntity
  8
W-S-D v1_4_ANYTOOL_CUTTHROUGH_OUTSI
100
AcDbLine
 10
-95.92462250083581
 20
-22.81667412365071
 30
0.0
 11
-95.75563137089154
 21
-22.33383805192213
 31
0.0
  0
ARC
  5
220
330
70
100
AcDbEntity
  8
W-S-D v1_4_ANYTOOL_CUTTHROUGH_OUTSI
100
AcDbCircle
 10
87.2667928549472
 20
-22.55749999971265
 30
0.0
 40
0.0024999999993735
210
0.0
220
0.0
230
-1.0
100
AcDbArc
 50
269.9999999876238
 51
0.0000000123761744
  0
LINE
  5
221
330
70
100
AcDbEntity
  8
W-S-D v1_4_ANYTOOL_CUTTHROUGH_OUTSI
100
AcDbLine
 10
-102.141792854945
 20
-22.5599999997175
 30
0.0
 11
-102.261792854945
 21
-22.5599999997175
 31
0.0
  0
LINE
  5
222
330
70
100
AcDbEntity
  8
W-S-D v1_4_ANYTOOL_CUTTHROUGH_OUTSI
100
AcDbLine
 10
-98.01368250083628
 20
-22.81667412365125
 30
0.0
 11
-97.84469137089196
 21
-22.33383805192231
 31
0.0
  0
ARC
  5
223
330
70
100
AcDbEntity
  8
W-S-D v1_4_ANYTOOL_CUTTHROUGH_OUTSI
100
AcDbCircle
 10
96.26179285494485
 20
-22.55749999971711
 30
0.0
 40
0.0025000000002308
210
0.0
220
0.0
230
-1.0
100
AcDbArc
 50
270.0000000048853
 51
359.9999999934048
  0
LINE
  5
224
330
70
100
AcDbEntity
  8
W-S-D v1_4_ANYTOOL_CUTTHROUGH_OUTSI
100
AcDbLine
 10
-92.51429285494664
 20
-22.31999999971207
 30
0.0
 11
-92.51429285494664
 21
-22.55749999971217
 31
0.0
  0
LINE
  5
225
330
70
100
AcDbEntity
  8
W-S-D v1_4_ANYTOOL_CUTTHROUGH_OUTSI
100
AcDbLine
 10
-98.63929285494663
 20
-22.49999999971352
 30
0.0
 11
-99.14429285494673
 21
-22.49999999971106
 31
0.0
  0
LINE
  5
226
330
70
100
AcDbEntity
  8
W-S-D v1_4_ANYTOOL_CUTTHROUGH_OUTSI
100
AcDbLine
 10
-101.7556313708915
 20
-22.33383805192228
 30
0.0
 11
-101.7533172284795
 21
-22.31999999971312
 31
0.0
  0
LINE
  5
227
330
70
100
AcDbEntity
  8
W-S-D v1_4_ANYTOOL_CUTTHROUGH_OUTSI
100
AcDbLine
 10
-100.5192928549467
 20
-22.31999999971177
 30
0.0
 11
-101.1912084814104
 21
-22.31999999971308
 31
0.0
  0
LINE
  5
228
330
70
100
AcDbEntity
  8
W-S-D v1_4_ANYTOOL_CUTTHROUGH_OUTSI
100
AcDbLine
 10
-94.39429285494666
 20
-22.49999999971377
 30
0.0
 11
-94.39429285494666
 21
-22.55749999971144
 31
0.0
  0
ARC
  5
229
330
70
100
AcDbEntity
  8
W-S-D v1_4_ANYTOOL_CUTTHROUGH_OUTSI
100
AcDbCircle
 10
91.95141755857388
 20
-22.81772624105661
 30
0.0
 40
0.0622738306672335
210
0.0
220
0.0
230
-1.0
100
AcDbArc
 50
269.9128667648988
 51
0.9680592063002984
  0
LINE
  5
22A
330
70
100
AcDbEntity
  8
W-S-D v1_4_ANYTOOL_CUTTHROUGH_OUTSI
100
AcDbLine
 10
-95.75331722847963
 20
-22.3199999997127
 30
0.0
 11
-96.13929285494508
 21
-22.31999999971284
 31
0.0
  0
ARC
  5
22B
330
70
100
AcDbEntity
  8
W-S-D v1_4_ANYTOOL_CUTTHROUGH_OUTSI
100
AcDbCircle
 10
90.89179285494502
 20
-22.55749999971729
 30
0.0
 40
0.0025000000000887
210
0.0
220
0.0
230
-1.0
100
AcDbArc
 50
270.0000000019541
 51
359.9999999981273
  0
LINE
  5
22C
330
70
100
AcDbEntity
  8
W-S-D v1_4_ANYTOOL_CUTTHROUGH_OUTSI
100
AcDbLine
 10
-95.02415108612861
 20
-22.84050591906026
 30
0.0
 11
-95.03806868112091
 21
-22.86169417353682
 31
0.0
  0
LINE
  5
22D
330
70
100
AcDbEntity
  8
W-S-D v1_4_ANYTOOL_CUTTHROUGH_OUTSI
100
AcDbLine
 10
-93.14679285494662
 20
-22.55999999971128
 30
0.0
 11
-93.26679285494668
 21
-22.55999999971201
 31
0.0
  0
LINE
  5
22E
330
70
100
AcDbEntity
  8
W-S-D v1_4_ANYTOOL_CUTTHROUGH_OUTSI
100
AcDbLine
 10
-96.13929285494508
 20
-22.31999999971284
 30
0.0
 11
-96.13929285494505
 21
-22.55749999971726
 31
0.0
  0
LINE
  5
22F
330
70
100
AcDbEntity
  8
W-S-D v1_4_ANYTOOL_CUTTHROUGH_OUTSI
100
AcDbLine
 10
-88.51929285494666
 20
-22.31999999971183
 30
0.0
 11
-89.19120848141037
 21
-22.3199999997127
 31
0.0
  0
ARC
  5
230
330
70
100
AcDbEntity
  8
W-S-D v1_4_ANYTOOL_CUTTHROUGH_OUTSI
100
AcDbCircle
 10
90.77179285494493
 20
-22.55749999971751
 30
0.0
 40
0.0024999999998641
210
0.0
220
0.0
230
-1.0
100
AcDbArc
 50
179.9999999967431
 51
270.0000000032569
  0
ARC
  5
231
330
70
100
AcDbEntity
  8
W-S-D v1_4_ANYTOOL_CUTTHROUGH_OUTSI
100
AcDbCircle
 10
94.3967928549466
 20
-22.5574999997115
 30
0.0
 40
0.0024999999999302
210
0.0
220
0.0
230
-1.0
100
AcDbArc
 50
179.9999999986972
 51
270.0000000013027
  0
ARC
  5
232
330
70
100
AcDbEntity
  8
W-S-D v1_4_ANYTOOL_CUTTHROUGH_OUTSI
100
AcDbCircle
 10
87.886792854947
 20
-22.55749999971119
 30
0.0
 40
0.0024999999999622
210
0.0
220
0.0
230
-1.0
100
AcDbArc
 50
269.9999999986973
 51
359.9999999955218
  0
ARC
  5
233
330
70
100
AcDbEntity
  8
W-S-D v1_4_ANYTOOL_CUTTHROUGH_OUTSI
100
AcDbCircle
 10
93.88679285494736
 20
-22.55749999971161
 30
0.0
 40
0.0024999999995245
210
0.0
220
0.0
230
-1.0
100
AcDbArc
 50
269.9999999902293
 51
0.000000010584886
  0
LINE
  5
234
330
70
100
AcDbEntity
  8
W-S-D v1_4_ANYTOOL_CUTTHROUGH_OUTSI
100
AcDbLine
 10
-95.03806868112091
 20
-22.86169417353682
 30
0.0
 11
-95.05925693559751
 21
-22.87561176852902
 31
0.0
  0
LINE
  5
235
330
70
100
AcDbEntity
  8
W-S-D v1_4_ANYTOOL_CUTTHROUGH_OUTSI
100
AcDbLine
 10
-84.53324155696549
 20
-23.64690431333552
 30
0.0
 11
-85.01679285496223
 21
-23.81599999971172
 31
0.0
  0
LINE
  5
236
330
70
100
AcDbEntity
  8
W-S-D v1_4_ANYTOOL_CUTTHROUGH_OUTSI
100
AcDbLine
 10
-89.05925693559751
 20
-22.87561176852912
 30
0.0
 11
-89.08226285494516
 21
-22.87999999971264
 31
0.0
  0
ARC
  5
237
330
70
100
AcDbEntity
  8
W-S-D v1_4_ANYTOOL_CUTTHROUGH_OUTSI
100
AcDbCircle
 10
93.26679285494671
 20
-22.55749999971206
 30
0.0
 40
0.0024999999999434
210
0.0
220
0.0
230
-1.0
100
AcDbArc
 50
269.9999999990229
 51
0.0000000009770664
  0
LINE
  5
238
330
70
100
AcDbEntity
  8
W-S-D v1_4_ANYTOOL_CUTTHROUGH_OUTSI
100
AcDbLine
 10
-94.51929285494665
 20
-22.31999999971177
 30
0.0
 11
-95.19120848141035
 21
-22.3199999997125
 31
0.0
  0
ARC
  5
239
330
70
100
AcDbEntity
  8
W-S-D v1_4_ANYTOOL_CUTTHROUGH_OUTSI
100
AcDbCircle
 10
88.39679285494648
 20
-22.55749999971162
 30
0.0
 40
0.0024999999998173
210
0.0
220
0.0
230
-1.0
100
AcDbArc
 50
179.9999999978016
 51
270.0000000035826
  0
LINE
  5
23A
330
70
100
AcDbEntity
  8
W-S-D v1_4_ANYTOOL_CUTTHROUGH_OUTSI
100
AcDbLine
 10
-86.63929285494665
 20
-22.55749999971138
 30
0.0
 11
-86.63929285494665
 21
-22.49999999971368
 31
0.0
  0
LINE
  5
23B
330
70
100
AcDbEntity
  8
W-S-D v1_4_ANYTOOL_CUTTHROUGH_OUTSI
100
AcDbLine
 10
-96.8942928549451
 20
-22.31999999971531
 30
0.0
 11
-97.28026848141073
 21
-22.31999999971298
 31
0.0
  0
LINE
  5
23C
330
70
100
AcDbEntity
  8
W-S-D v1_4_ANYTOOL_CUTTHROUGH_OUTSI
100
AcDbLine
 10
-84.51929285496303
 20
-22.61904437222671
 30
0.0
 11
-84.51929285496133
 21
-22.49999999970932
 31
0.0
  0
LINE
  5
23D
330
70
100
AcDbEntity
  8
W-S-D v1_4_ANYTOOL_CUTTHROUGH_OUTSI
100
AcDbLine
 10
-96.26429285494504
 20
-22.49999999971731
 30
0.0
 11
-96.76929285494511
 21
-22.49999999971745
 31
0.0
  0
ARC
  5
23E
330
70
100
AcDbEntity
  8
W-S-D v1_4_ANYTOOL_CUTTHROUGH_OUTSI
100
AcDbCircle
 10
102.2617928549451
 20
-22.55749999971762
 30
0.0
 40
0.0024999999998887
210
0.0
220
0.0
230
-1.0
100
AcDbArc
 50
269.9999999980459
 51
0.000000001221333
  0
LINE
  5
23F
330
70
100
AcDbEntity
  8
W-S-D v1_4_ANYTOOL_CUTTHROUGH_OUTSI
100
AcDbLine
 10
-99.76679285494695
 20
-22.55999999971183
 30
0.0
 11
-99.88679285494693
 21
-22.55999999971096
 31
0.0
  0
LINE
  5
240
330
70
100
AcDbEntity
  8
W-S-D v1_4_ANYTOOL_CUTTHROUGH_OUTSI
100
AcDbLine
 10
-85.01596697890112
 20
-22.91114035382037
 30
0.0
 11
-84.53313090717212
 21
-23.0801314837647
 31
0.0
  0
LINE
  5
241
330
70
100
AcDbEntity
  8
W-S-D v1_4_ANYTOOL_CUTTHROUGH_OUTSI
100
AcDbLine
 10
-95.08226285494519
 20
-22.87999999971253
 30
0.0
 11
-95.86226285494468
 21
-22.87999999971281
 31
0.0
  0
LINE
  5
242
330
70
100
AcDbEntity
  8
W-S-D v1_4_ANYTOOL_CUTTHROUGH_OUTSI
100
AcDbLine
 10
-96.76929285494511
 20
-22.49999999971745
 30
0.0
 11
-96.76929285494507
 21
-22.5574999997174
 31
0.0
  0
LINE
  5
243
330
70
100
AcDbEntity
  8
W-S-D v1_4_ANYTOOL_CUTTHROUGH_OUTSI
100
AcDbLine
 10
-92.63929285494667
 20
-22.49999999971362
 30
0.0
 11
-93.14429285494671
 21
-22.49999999971115
 31
0.0
  0
LINE
  5
244
330
70
100
AcDbEntity
  8
W-S-D v1_4_ANYTOOL_CUTTHROUGH_OUTSI
100
AcDbLine
 10
-92.63929285494667
 20
-22.55749999971129
 30
0.0
 11
-92.63929285494667
 21
-22.49999999971362
 31
0.0
  0
LINE
  5
245
330
70
100
AcDbEntity
  8
W-S-D v1_4_ANYTOOL_CUTTHROUGH_OUTSI
100
AcDbLine
 10
-93.88929285494688
 20
-22.55749999971115
 30
0.0
 11
-93.88929285494688
 21
-22.49999999971115
 31
0.0
  0
LINE
  5
246
330
70
100
AcDbEntity
  8
W-S-D v1_4_ANYTOOL_CUTTHROUGH_OUTSI
100
AcDbLine
 10
-93.88929285494688
 20
-22.49999999971115
 30
0.0
 11
-94.39429285494666
 21
-22.49999999971377
 31
0.0
  0
ARC
  5
247
330
70
100
AcDbEntity
  8
W-S-D v1_4_ANYTOOL_CUTTHROUGH_OUTSI
100
AcDbCircle
 10
85.51679285496311
 20
-22.55749999970745
 30
0.0
 40
0.0024999999997728
210
0.0
220
0.0
230
-1.0
100
AcDbArc
 50
269.9999999960917
 51
0.0000000065951982
  0
ARC
  5
248
330
70
100
AcDbEntity
  8
W-S-D v1_4_ANYTOOL_CUTTHROUGH_OUTSI
100
AcDbCircle
 10
92.63679285494655
 20
-22.55749999971117
 30
0.0
 40
0.0025000000001096
210
0.0
220
0.0
230
-1.0
100
AcDbArc
 50
270.0000000019541
 51
359.9999999971502
  0
LINE
  5
249
330
70
100
AcDbEntity
  8
W-S-D v1_4_ANYTOOL_CUTTHROUGH_OUTSI
100
AcDbLine
 10
-99.88929285494695
 20
-22.55749999971101
 30
0.0
 11
-99.88929285494688
 21
-22.49999999971106
 31
0.0
  0
LINE
  5
24A
330
70
100
AcDbEntity
  8
W-S-D v1_4_ANYTOOL_CUTTHROUGH_OUTSI
100
AcDbLine
 10
-90.8942928549451
 20
-22.55749999971737
 30
0.0
 11
-90.89429285494507
 21
-22.31999999971527
 31
0.0
  0
LINE
  5
24B
330
70
100
AcDbEntity
  8
W-S-D v1_4_ANYTOOL_CUTTHROUGH_OUTSI
100
AcDbLine
 10
-89.75331722847959
 20
-22.3199999997128
 30
0.0
 11
-90.13929285494509
 21
-22.31999999971295
 31
0.0
  0
LINE
  5
24C
330
70
100
AcDbEntity
  8
W-S-D v1_4_ANYTOOL_CUTTHROUGH_OUTSI
100
AcDbLine
 10
-85.07490462377877
 20
-23.77650591905922
 30
0.0
 11
-85.0792928549623
 21
-23.75349999971149
 31
0.0
  0
LINE
  5
24D
330
70
100
AcDbEntity
  8
W-S-D v1_4_ANYTOOL_CUTTHROUGH_OUTSI
100
AcDbLine
 10
-98.51679285494666
 20
-22.55999999971198
 30
0.0
 11
-98.63679285494665
 21
-22.55999999971111
 31
0.0
  0
LINE
  5
24E
330
70
100
AcDbEntity
  8
W-S-D v1_4_ANYTOOL_CUTTHROUGH_OUTSI
100
AcDbLine
 10
-91.12712868112124
 20
-22.86169417353717
 30
0.0
 11
-91.14831693559787
 21
-22.87561176852941
 31
0.0
  0
LINE
  5
24F
330
70
100
AcDbEntity
  8
W-S-D v1_4_ANYTOOL_CUTTHROUGH_OUTSI
100
AcDbLine
 10
-94.39679285494666
 20
-22.55999999971143
 30
0.0
 11
-94.51679285494666
 21
-22.55999999971172
 31
0.0
  0
ARC
  5
250
330
70
100
AcDbEntity
  8
W-S-D v1_4_ANYTOOL_CUTTHROUGH_OUTSI
100
AcDbCircle
 10
93.14679285494639
 20
-22.55749999971154
 30
0.0
 40
0.0024999999997469
210
0.0
220
0.0
230
-1.0
100
AcDbArc
 50
179.9999999912064
 51
270.0000000055367
  0
LINE
  5
251
330
70
100
AcDbEntity
  8
W-S-D v1_4_ANYTOOL_CUTTHROUGH_OUTSI
100
AcDbLine
 10
-95.01976285494496
 20
-22.81749999971258
 30
0.0
 11
-95.02415108612861
 21
-22.84050591906026
 31
0.0
  0
LINE
  5
252
330
70
100
AcDbEntity
  8
W-S-D v1_4_ANYTOOL_CUTTHROUGH_OUTSI
100
AcDbLine
 10
-91.84237722848001
 20
-22.31999999971323
 30
0.0
 11
-92.51429285494664
 21
-22.31999999971207
 31
0.0
  0
ARC
  5
253
330
70
100
AcDbEntity
  8
W-S-D v1_4_ANYTOOL_CUTTHROUGH_OUTSI
100
AcDbCircle
 10
92.51679285494665
 20
-22.55749999971215
 30
0.0
 40
0.0024999999999991
210
0.0
220
0.0
230
-1.0
100
AcDbArc
 50
180.0000000003256
 51
270.0000000006514
  0
LINE
  5
254
330
70
100
AcDbEntity
  8
W-S-D v1_4_ANYTOOL_CUTTHROUGH_OUTSI
100
AcDbLine
 10
-93.76429285494674
 20
-22.32000000005999
 30
0.0
 11
-93.76429285494689
 21
-22.55749999971202
 31
0.0
  0
LINE
  5
255
330
70
100
AcDbEntity
  8
W-S-D v1_4_ANYTOOL_CUTTHROUGH_OUTSI
100
AcDbLine
 10
-96.77179285494505
 20
-22.55999999971749
 30
0.0
 11
-96.89179285494509
 21
-22.55999999971749
 31
0.0
  0
LINE
  5
256
330
70
100
AcDbEntity
  8
W-S-D v1_4_ANYTOOL_CUTTHROUGH_OUTSI
100
AcDbLine
 10
-91.28026848141072
 20
-22.3199999997131
 30
0.0
 11
-91.27791854132139
 21
-22.33394870171621
 31
0.0
  0
LINE
  5
257
330
70
100
AcDbEntity
  8
W-S-D v1_4_ANYTOOL_CUTTHROUGH_OUTSI
100
AcDbLine
 10
-87.14679285494666
 20
-22.559999999711
 30
0.0
 11
-87.26679285494666
 21
-22.55999999971202
 31
0.0
  0
LINE
  5
258
330
70
100
AcDbEntity
  8
W-S-D v1_4_ANYTOOL_CUTTHROUGH_OUTSI
100
AcDbLine
 10
-93.76679285494695
 20
-22.55999999971216
 30
0.0
 11
-93.88679285494692
 21
-22.55999999971114
 31
0.0
  0
LINE
  5
259
330
70
100
AcDbEntity
  8
W-S-D v1_4_ANYTOOL_CUTTHROUGH_OUTSI
100
AcDbLine
 10
-97.84469137089196
 20
-22.33383805192231
 30
0.0
 11
-97.84237722847999
 21
-22.31999999971323
 31
0.0
  0
LINE
  5
25A
330
70
100
AcDbEntity
  8
W-S-D v1_4_ANYTOOL_CUTTHROUGH_OUTSI
100
AcDbLine
 10
-91.10882285494534
 20
-22.81749999971302
 30
0.0
 11
-91.11321108612896
 21
-22.84050591906062
 31
0.0
  0
LINE
  5
25B
330
70
100
AcDbEntity
  8
W-S-D v1_4_ANYTOOL_CUTTHROUGH_OUTSI
100
AcDbLine
 10
-101.1912084814104
 20
-22.31999999971308
 30
0.0
 11
-101.1888585413209
 21
-22.33394870171611
 31
0.0
  0
LINE
  5
25C
330
70
100
AcDbEntity
  8
W-S-D v1_4_ANYTOOL_CUTTHROUGH_OUTSI
100
AcDbLine
 10
-102.264292854945
 20
-22.55749999971756
 30
0.0
 11
-102.264292854945
 21
-22.49999999971757
 31
0.0
  0
ARC
  5
25D
330
70
100
AcDbEntity
  8
W-S-D v1_4_ANYTOOL_CUTTHROUGH_OUTSI
100
AcDbCircle
 10
99.26679285494657
 20
-22.55749999971181
 30
0.0
 40
0.002500000000024
210
0.0
220
0.0
230
-1.0
100
AcDbArc
 50
270.0000000026055
 51
359.9999999982902
  0
LINE
  5
25E
330
70
100
AcDbEntity
  8
W-S-D v1_4_ANYTOOL_CUTTHROUGH_OUTSI
100
AcDbLine
 10
-101.0241510861286
 20
-22.84050591906061
 30
0.0
 11
-101.0380686811209
 21
-22.8616941735371
 31
0.0
  0
LINE
  5
25F
330
70
100
AcDbEntity
  8
W-S-D v1_4_ANYTOOL_CUTTHROUGH_OUTSI
100
AcDbLine
 10
-105.5142928549205
 20
-23.08244562616678
 30
0.0
 11
-105.5003441529177
 21
-23.08009568607722
 31
0.0
  0
LINE
  5
260
330
70
100
AcDbEntity
  8
W-S-D v1_4_ANYTOOL_CUTTHROUGH_OUTSI
100
AcDbLine
 10
-97.14831693559787
 20
-22.87561176852962
 30
0.0
 11
-97.17132285494562
 21
-22.87999999971312
 31
0.0
  0
LINE
  5
261
330
70
100
AcDbEntity
  8
W-S-D v1_4_ANYTOOL_CUTTHROUGH_OUTSI
100
AcDbLine
 10
-101.1888585413209
 20
-22.33394870171611
 30
0.0
 11
-101.019762854945
 21
-22.81749999971303
 31
0.0
  0
LINE
  5
262
330
70
100
AcDbEntity
  8
W-S-D v1_4_ANYTOOL_CUTTHROUGH_OUTSI
100
AcDbLine
 10
-97.17132285494562
 20
-22.87999999971312
 30
0.0
 11
-97.95132285494515
 21
-22.87999999971312
 31
0.0
  0
LINE
  5
263
330
70
100
AcDbEntity
  8
W-S-D v1_4_ANYTOOL_CUTTHROUGH_OUTSI
100
AcDbLine
 10
-99.14679285494669
 20
-22.55999999971096
 30
0.0
 11
-99.26679285494667
 21
-22.55999999971183
 31
0.0
  0
LINE
  5
264
330
70
100
AcDbEntity
  8
W-S-D v1_4_ANYTOOL_CUTTHROUGH_OUTSI
100
AcDbLine
 10
-97.27791854132137
 20
-22.33394870171633
 30
0.0
 11
-97.10882285494538
 21
-22.81749999971306
 31
0.0
  0
ARC
  5
265
330
70
100
AcDbEntity
  8
W-S-D v1_4_ANYTOOL_CUTTHROUGH_OUTSI
100
AcDbCircle
 10
96.89179285494496
 20
-22.55749999971738
 30
0.0
 40
0.0025000000001004
210
0.0
220
0.0
230
-1.0
100
AcDbArc
 50
270.0000000029312
 51
359.9999999996743
  0
LINE
  5
266
330
70
100
AcDbEntity
  8
W-S-D v1_4_ANYTOOL_CUTTHROUGH_OUTSI
100
AcDbLine
 10
-93.14429285494671
 20
-22.49999999971115
 30
0.0
 11
-93.14429285494663
 21
-22.55749999971115
 31
0.0
  0
LINE
  5
267
330
70
100
AcDbEntity
  8
W-S-D v1_4_ANYTOOL_CUTTHROUGH_OUTSI
100
AcDbLine
 10
-98.63929285494663
 20
-22.55749999971116
 30
0.0
 11
-98.63929285494663
 21
-22.49999999971352
 31
0.0
  0
LINE
  5
268
330
70
100
AcDbEntity
  8
W-S-D v1_4_ANYTOOL_CUTTHROUGH_OUTSI
100
AcDbLine
 10
-90.89429285494507
 20
-22.31999999971527
 30
0.0
 11
-91.28026848141072
 21
-22.3199999997131
 31
0.0
  0
LINE
  5
269
330
70
100
AcDbEntity
  8
W-S-D v1_4_ANYTOOL_CUTTHROUGH_OUTSI
100
AcDbLine
 10
-95.75563137089154
 20
-22.33383805192213
 30
0.0
 11
-95.75331722847963
 21
-22.3199999997127
 31
0.0
  0
LINE
  5
26A
330
70
100
AcDbEntity
  8
W-S-D v1_4_ANYTOOL_CUTTHROUGH_OUTSI
100
AcDbLine
 10
-91.84469137089196
 20
-22.3338380519223
 30
0.0
 11
-91.84237722848001
 21
-22.31999999971323
 31
0.0
  0
ARC
  5
26B
330
70
100
AcDbEntity
  8
W-S-D v1_4_ANYTOOL_CUTTHROUGH_OUTSI
100
AcDbCircle
 10
100.5167928549471
 20
-22.55749999971197
 30
0.0
 40
0.0024999999995671
210
0.0
220
0.0
230
-1.0
100
AcDbArc
 50
269.9999999889266
 51
0.0000000087121754
  0
LINE
  5
26C
330
70
100
AcDbEntity
  8
W-S-D v1_4_ANYTOOL_CUTTHROUGH_OUTSI
100
AcDbLine
 10
-101.0822628549452
 20
-22.87999999971274
 30
0.0
 11
-101.8622628549447
 21
-22.87999999971303
 31
0.0
  0
ARC
  5
26D
330
70
100
AcDbEntity
  8
W-S-D v1_4_ANYTOOL_CUTTHROUGH_OUTSI
100
AcDbCircle
 10
96.14179285494532
 20
-22.55749999971692
 30
0.0
 40
0.0025000000002745
210
0.0
220
0.0
230
-1.0
100
AcDbArc
 50
180.0000000076536
 51
269.9999999941376
  0
LINE
  5
26E
330
70
100
AcDbEntity
  8
W-S-D v1_4_ANYTOOL_CUTTHROUGH_OUTSI
100
AcDbLine
 10
-101.9246225008359
 20
-22.81667412365106
 30
0.0
 11
-101.7556313708915
 21
-22.33383805192228
 31
0.0
  0
LINE
  5
26F
330
70
100
AcDbEntity
  8
W-S-D v1_4_ANYTOOL_CUTTHROUGH_OUTSI
100
AcDbLine
 10
-99.26929285494679
 20
-22.32000000039765
 30
0.0
 11
-99.76429285494681
 21
-22.32000000005979
 31
0.0
  0
LINE
  5
270
330
70
100
AcDbEntity
  8
W-S-D v1_4_ANYTOOL_CUTTHROUGH_OUTSI
100
AcDbLine
 10
-101.019762854945
 20
-22.81749999971303
 30
0.0
 11
-101.0241510861286
 21
-22.84050591906061
 31
0.0
  0
LINE
  5
271
330
70
100
AcDbEntity
  8
W-S-D v1_4_ANYTOOL_CUTTHROUGH_OUTSI
100
AcDbLine
 10
-101.0592569355975
 20
-22.87561176852926
 30
0.0
 11
-101.0822628549452
 21
-22.87999999971274
 31
0.0
  0
LINE
  5
272
330
70
100
AcDbEntity
  8
W-S-D v1_4_ANYTOOL_CUTTHROUGH_OUTSI
100
AcDbLine
 10
-97.10882285494538
 20
-22.81749999971306
 30
0.0
 11
-97.1132110861289
 21
-22.84050591906074
 31
0.0
  0
ARC
  5
273
330
70
100
AcDbEntity
  8
W-S-D v1_4_ANYTOOL_CUTTHROUGH_OUTSI
100
AcDbCircle
 10
98.63679285494658
 20
-22.55749999971104
 30
0.0
 40
0.0025000000000638
210
0.0
220
0.0
230
-1.0
100
AcDbArc
 50
270.0000000019541
 51
359.9999999973945
  0
ARC
  5
274
330
70
100
AcDbEntity
  8
W-S-D v1_4_ANYTOOL_CUTTHROUGH_OUTSI
100
AcDbCircle
 10
99.14679285494655
 20
-22.55749999971108
 30
0.0
 40
0.0024999999998776
210
0.0
220
0.0
230
-1.0
100
AcDbArc
 50
179.9999999983715
 51
270.0000000032569
  0
LINE
  5
275
330
70
100
AcDbEntity
  8
W-S-D v1_4_ANYTOOL_CUTTHROUGH_OUTSI
100
AcDbLine
 10
-101.7533172284795
 20
-22.31999999971312
 30
0.0
 11
-102.1392928549451
 21
-22.31999999971327
 31
0.0
  0
LINE
  5
276
330
70
100
AcDbEntity
  8
W-S-D v1_4_ANYTOOL_CUTTHROUGH_OUTSI
100
AcDbLine
 10
-100.3967928549466
 20
-22.55999999971125
 30
0.0
 11
-100.5167928549467
 21
-22.55999999971154
 31
0.0
  0
LINE
  5
277
330
70
100
AcDbEntity
  8
W-S-D v1_4_ANYTOOL_CUTTHROUGH_OUTSI
100
AcDbLine
 10
-97.84237722847999
 20
-22.31999999971323
 30
0.0
 11
-98.51429285494665
 21
-22.31999999971207
 31
0.0
  0
ARC
  5
278
330
70
100
AcDbEntity
  8
W-S-D v1_4_ANYTOOL_CUTTHROUGH_OUTSI
100
AcDbCircle
 10
98.51679285494642
 20
-22.5574999997122
 30
0.0
 40
0.0024999999997753
210
0.0
220
0.0
230
-1.0
100
AcDbArc
 50
179.9999999960103
 51
270.0000000055367
  0
ARC
  5
279
330
70
100
AcDbEntity
  8
W-S-D v1_4_ANYTOOL_CUTTHROUGH_OUTSI
100
AcDbCircle
 10
93.76679285494697
 20
-22.55749999971208
 30
0.0
 40
0.0025000000000755
210
0.0
220
0.0
230
-1.0
100
AcDbArc
 50
179.9999999986972
 51
269.9999999996743
  0
LINE
  5
27A
330
70
100
AcDbEntity
  8
W-S-D v1_4_ANYTOOL_CUTTHROUGH_OUTSI
100
AcDbLine
 10
-99.26929285494658
 20
-22.55749999971188
 30
0.0
 11
-99.26929285494679
 21
-22.32000000039765
 31
0.0
  0
ARC
  5
27B
330
70
100
AcDbEntity
  8
W-S-D v1_4_ANYTOOL_CUTTHROUGH_OUTSI
100
AcDbCircle
 10
100.3967928549466
 20
-22.55749999971127
 30
0.0
 40
0.002499999999975
210
0.0
220
0.0
230
-1.0
100
AcDbArc
 50
180.0000000006513
 51
270.0000000003257
  0
LINE
  5
27C
330
70
100
AcDbEntity
  8
W-S-D v1_4_ANYTOOL_CUTTHROUGH_OUTSI
100
AcDbLine
 10
-99.76429285494681
 20
-22.32000000005979
 30
0.0
 11
-99.76429285494695
 21
-22.55749999971188
 31
0.0
  0
LINE
  5
27D
330
70
100
AcDbEntity
  8
W-S-D v1_4_ANYTOOL_CUTTHROUGH_OUTSI
100
AcDbLine
 10
-91.11321108612896
 20
-22.84050591906062
 30
0.0
 11
-91.12712868112124
 21
-22.86169417353717
 31
0.0
  0
LINE
  5
27E
330
70
100
AcDbEntity
  8
W-S-D v1_4_ANYTOOL_CUTTHROUGH_OUTSI
100
AcDbLine
 10
-100.3942928549466
 20
-22.49999999971366
 30
0.0
 11
-100.3942928549466
 21
-22.55749999971131
 31
0.0
  0
LINE
  5
27F
330
70
100
AcDbEntity
  8
W-S-D v1_4_ANYTOOL_CUTTHROUGH_OUTSI
100
AcDbLine
 10
-103.1088228549454
 20
-22.81749999971331
 30
0.0
 11
-103.113211086129
 21
-22.84050591906096
 31
0.0
  0
LINE
  5
280
330
70
100
AcDbEntity
  8
W-S-D v1_4_ANYTOOL_CUTTHROUGH_OUTSI
100
AcDbLine
 10
-102.894292854945
 20
-22.55749999971771
 30
0.0
 11
-102.8942928549451
 21
-22.31999999971559
 31
0.0
  0
LINE
  5
281
330
70
100
AcDbEntity
  8
W-S-D v1_4_ANYTOOL_CUTTHROUGH_OUTSI
100
AcDbLine
 10
-98.51429285494665
 20
-22.31999999971207
 30
0.0
 11
-98.51429285494665
 21
-22.55749999971203
 31
0.0
  0
LINE
  5
282
330
70
100
AcDbEntity
  8
W-S-D v1_4_ANYTOOL_CUTTHROUGH_OUTSI
100
AcDbLine
 10
-97.1271286811212
 20
-22.86169417353738
 30
0.0
 11
-97.14831693559787
 21
-22.87561176852962
 31
0.0
  0
LINE
  5
283
330
70
100
AcDbEntity
  8
W-S-D v1_4_ANYTOOL_CUTTHROUGH_OUTSI
100
AcDbLine
 10
-101.0380686811209
 20
-22.8616941735371
 30
0.0
 11
-101.0592569355975
 21
-22.87561176852926
 31
0.0
  0
LINE
  5
284
330
70
100
AcDbEntity
  8
W-S-D v1_4_ANYTOOL_CUTTHROUGH_OUTSI
100
AcDbLine
 10
-100.5192928549467
 20
-22.55749999971159
 30
0.0
 11
-100.5192928549467
 21
-22.31999999971177
 31
0.0
  0
ARC
  5
285
330
70
100
AcDbEntity
  8
W-S-D v1_4_ANYTOOL_CUTTHROUGH_OUTSI
100
AcDbCircle
 10
99.76679285494702
 20
-22.55749999971177
 30
0.0
 40
0.0025000000000645
210
0.0
220
0.0
230
-1.0
100
AcDbArc
 50
180.0000000026869
 51
269.9999999980459
  0
ARC
  5
286
330
70
100
AcDbEntity
  8
W-S-D v1_4_ANYTOOL_CUTTHROUGH_OUTSI
100
AcDbCircle
 10
101.8623575585737
 20
-22.81772624105679
 30
0.0
 40
0.0622738306670817
210
0.0
220
0.0
230
-1.0
100
AcDbArc
 50
269.9128667647548
 51
0.9680592064073124
  0
LINE
  5
287
330
70
100
AcDbEntity
  8
W-S-D v1_4_ANYTOOL_CUTTHROUGH_OUTSI
100
AcDbLine
 10
-93.2692928549468
 20
-22.32000000039761
 30
0.0
 11
-93.76429285494674
 21
-22.32000000005999
 31
0.0
  0
ARC
  5
288
330
70
100
AcDbEntity
  8
W-S-D v1_4_ANYTOOL_CUTTHROUGH_OUTSI
100
AcDbCircle
 10
102.141792854945
 20
-22.55749999971751
 30
0.0
 40
0.0024999999999963
210
0.0
220
0.0
230
-1.0
100
AcDbArc
 50
180.0000000012213
 51
269.9999999996743
  0
LINE
  5
289
330
70
100
AcDbEntity
  8
W-S-D v1_4_ANYTOOL_CUTTHROUGH_OUTSI
100
AcDbLine
 10
-99.14429285494673
 20
-22.49999999971106
 30
0.0
 11
-99.14429285494666
 21
-22.55749999971101
 31
0.0
  0
LINE
  5
28A
330
70
100
AcDbEntity
  8
W-S-D v1_4_ANYTOOL_CUTTHROUGH_OUTSI
100
AcDbLine
 10
-97.28026848141073
 20
-22.31999999971298
 30
0.0
 11
-97.27791854132137
 21
-22.33394870171633
 31
0.0
  0
ARC
  5
28B
330
70
100
AcDbEntity
  8
W-S-D v1_4_ANYTOOL_CUTTHROUGH_OUTSI
100
AcDbCircle
 10
99.88679285494752
 20
-22.55749999971154
 30
0.0
 40
0.0024999999994265
210
0.0
220
0.0
230
-1.0
100
AcDbArc
 50
269.9999999863211
 51
0.0000000119690634
  0
LINE
  5
28C
330
70
100
AcDbEntity
  8
W-S-D v1_4_ANYTOOL_CUTTHROUGH_OUTSI
100
AcDbLine
 10
-99.88929285494688
 20
-22.49999999971106
 30
0.0
 11
-100.3942928549466
 21
-22.49999999971366
 31
0.0
  0
ARC
  5
28D
330
70
100
AcDbEntity
  8
W-S-D v1_4_ANYTOOL_CUTTHROUGH_OUTSI
100
AcDbCircle
 10
95.86235755857336
 20
-22.81772624105634
 30
0.0
 40
0.0622738306673107
210
0.0
220
0.0
230
-1.0
100
AcDbArc
 50
269.9128667650558
 51
0.9680592063089987
  0
ARC
  5
28E
330
70
100
AcDbEntity
  8
W-S-D v1_4_ANYTOOL_CUTTHROUGH_OUTSI
100
AcDbCircle
 10
97.95141755857402
 20
-22.81772624105683
 30
0.0
 40
0.0622738306671284
210
0.0
220
0.0
230
-1.0
100
AcDbArc
 50
269.9128667648594
 51
0.9680592062693831
  0
LINE
  5
28F
330
70
100
AcDbEntity
  8
W-S-D v1_4_ANYTOOL_CUTTHROUGH_OUTSI
100
AcDbLine
 10
-92.51679285494667
 20
-22.55999999971216
 30
0.0
 11
-92.63679285494664
 21
-22.55999999971128
 31
0.0
  0
LINE
  5
290
330
70
100
AcDbEntity
  8
W-S-D v1_4_ANYTOOL_CUTTHROUGH_OUTSI
100
AcDbLine
 10
-97.1132110861289
 20
-22.84050591906074
 30
0.0
 11
-97.1271286811212
 21
-22.86169417353738
 31
0.0
  0
LINE
  5
291
330
70
100
AcDbEntity
  8
W-S-D v1_4_ANYTOOL_CUTTHROUGH_OUTSI
100
AcDbLine
 10
-105.5142928549217
 20
-23.64455437323632
 30
0.0
 11
-105.5142928549237
 21
-25.03144562616705
 31
0.0
  0
LINE
  5
292
330
70
100
AcDbEntity
  8
W-S-D v1_4_ANYTOOL_CUTTHROUGH_OUTSI
100
AcDbLine
 10
-96.26429285494507
 20
-22.5574999997174
 30
0.0
 11
-96.26429285494504
 21
-22.49999999971731
 31
0.0
  0
LINE
  5
293
330
70
100
AcDbEntity
  8
W-S-D v1_4_ANYTOOL_CUTTHROUGH_OUTSI
100
AcDbLine
 10
-104.9542928549207
 20
-22.97349999970234
 30
0.0
 11
-104.9542928549219
 21
-23.75349999970211
 31
0.0
  0
LINE
  5
294
330
70
100
AcDbEntity
  8
W-S-D v1_4_ANYTOOL_CUTTHROUGH_OUTSI
100
AcDbLine
 10
-102.1392928549451
 20
-22.31999999971327
 30
0.0
 11
-102.139292854945
 21
-22.55749999971756
 31
0.0
  0
LINE
  5
295
330
70
100
AcDbEntity
  8
W-S-D v1_4_ANYTOOL_CUTTHROUGH_OUTSI
100
AcDbLine
 10
-102.769292854945
 20
-22.49999999971771
 30
0.0
 11
-102.769292854945
 21
-22.55749999971771
 31
0.0
  0
LINE
  5
296
330
70
100
AcDbEntity
  8
W-S-D v1_4_ANYTOOL_CUTTHROUGH_OUTSI
100
AcDbLine
 10
-105.0167928549205
 20
-22.91099999970174
 30
0.0
 11
-104.9937869355728
 21
-22.9153882308856
 31
0.0
  0
LINE
  5
297
330
70
100
AcDbEntity
  8
W-S-D v1_4_ANYTOOL_CUTTHROUGH_OUTSI
100
AcDbLine
 10
-105.0176187309839
 20
-23.81585964559304
 30
0.0
 11
-105.5004548027124
 21
-23.64686851564794
 31
0.0
  0
LINE
  5
298
330
70
100
AcDbEntity
  8
W-S-D v1_4_ANYTOOL_CUTTHROUGH_OUTSI
100
AcDbLine
 10
-100.3942928549466
 20
-28.12499999970253
 30
0.0
 11
-99.88929285494704
 21
-28.12499999970108
 31
0.0
  0
LINE
  5
299
330
70
100
AcDbEntity
  8
W-S-D v1_4_ANYTOOL_CUTTHROUGH_OUTSI
100
AcDbLine
 10
-105.5003441529208
 20
-25.02909568608102
 30
0.0
 11
-105.0167928549237
 21
-24.85999999970555
 31
0.0
  0
LINE
  5
29A
330
70
100
AcDbEntity
  8
W-S-D v1_4_ANYTOOL_CUTTHROUGH_OUTSI
100
AcDbLine
 10
-105.5004548027154
 20
-25.59586851565168
 30
0.0
 11
-105.5142928549248
 21
-25.59355437324001
 31
0.0
  0
LINE
  5
29B
330
70
100
AcDbEntity
  8
W-S-D v1_4_ANYTOOL_CUTTHROUGH_OUTSI
100
AcDbLine
 10
-105.5004548027124
 20
-23.64686851564794
 30
0.0
 11
-105.5142928549217
 21
-23.64455437323632
 31
0.0
  0
LINE
  5
29C
330
70
100
AcDbEntity
  8
W-S-D v1_4_ANYTOOL_CUTTHROUGH_OUTSI
100
AcDbLine
 10
-99.76429285494711
 20
-28.06749999970049
 30
0.0
 11
-99.76429285494694
 21
-28.30499999969559
 31
0.0
  0
LINE
  5
29D
330
70
100
AcDbEntity
  8
W-S-D v1_4_ANYTOOL_CUTTHROUGH_OUTSI
100
AcDbLine
 10
-105.0176187309869
 20
-25.76485964559691
 30
0.0
 11
-105.5004548027154
 21
-25.59586851565168
 31
0.0
  0
ARC
  5
29E
330
70
100
AcDbEntity
  8
W-S-D v1_4_ANYTOOL_CUTTHROUGH_OUTSI
100
AcDbCircle
 10
102.7717928549451
 20
-22.5574999997176
 30
0.0
 40
0.0025000000000475
210
0.0
220
0.0
230
-1.0
100
AcDbArc
 50
180.0000000024426
 51
269.9999999993486
  0
LINE
  5
29F
330
70
100
AcDbEntity
  8
W-S-D v1_4_ANYTOOL_CUTTHROUGH_OUTSI
100
AcDbLine
 10
-104.9586810861042
 20
-22.95049408035467
 30
0.0
 11
-104.9542928549207
 21
-22.97349999970234
 31
0.0
  0
LINE
  5
2A0
330
70
100
AcDbEntity
  8
W-S-D v1_4_ANYTOOL_CUTTHROUGH_OUTSI
100
AcDbLine
 10
-105.0167928549237
 20
-24.85999999970555
 30
0.0
 11
-104.993786935576
 21
-24.86438823088932
 31
0.0
  0
LINE
  5
2A1
330
70
100
AcDbEntity
  8
W-S-D v1_4_ANYTOOL_CUTTHROUGH_OUTSI
100
AcDbLine
 10
-104.9937869355789
 20
-26.81338823088278
 30
0.0
 11
-104.9725986811024
 21
-26.82730582587514
 31
0.0
  0
LINE
  5
2A2
330
70
100
AcDbEntity
  8
W-S-D v1_4_ANYTOOL_CUTTHROUGH_OUTSI
100
AcDbLine
 10
-105.5142928549237
 20
-25.03144562616705
 30
0.0
 11
-105.5003441529208
 21
-25.02909568608102
 31
0.0
  0
LINE
  5
2A3
330
70
100
AcDbEntity
  8
W-S-D v1_4_ANYTOOL_CUTTHROUGH_OUTSI
100
AcDbLine
 10
-103.84237722848
 20
-22.31999999971337
 30
0.0
 11
-104.5142928549197
 21
-22.31999999969771
 31
0.0
  0
LINE
  5
2A4
330
70
100
AcDbEntity
  8
W-S-D v1_4_ANYTOOL_CUTTHROUGH_OUTSI
100
AcDbLine
 10
-101.8622628549444
 20
-27.7449999997083
 30
0.0
 11
-101.0822628549449
 21
-27.74499999970816
 31
0.0
  0
ARC
  5
2A5
330
70
100
AcDbEntity
  8
W-S-D v1_4_ANYTOOL_CUTTHROUGH_OUTSI
100
AcDbCircle
 10
102.1417928549447
 20
-28.06749999970812
 30
0.0
 40
0.0024999999998897
210
0.0
220
0.0
230
-1.0
100
AcDbArc
 50
89.99999999804586
 51
179.9999999971502
  0
LINE
  5
2A6
330
70
100
AcDbEntity
  8
W-S-D v1_4_ANYTOOL_CUTTHROUGH_OUTSI
100
AcDbLine
 10
-104.6392928549202
 20
-22.49999999969715
 30
0.0
 11
-105.5142928549217
 21
-22.49999999969933
 31
0.0
  0
LINE
  5
2A7
330
70
100
AcDbEntity
  8
W-S-D v1_4_ANYTOOL_CUTTHROUGH_OUTSI
100
AcDbLine
 10
-103.844691370892
 20
-22.33383805192259
 30
0.0
 11
-103.84237722848
 21
-22.31999999971337
 31
0.0
  0
ARC
  5
2A8
330
70
100
AcDbEntity
  8
W-S-D v1_4_ANYTOOL_CUTTHROUGH_OUTSI
100
AcDbCircle
 10
105.016566613578
 20
-23.75359470333102
 30
0.0
 40
0.0622738306668883
210
0.0
220
0.0
230
-1.0
100
AcDbArc
 50
179.9128667648297
 51
270.9680592065804
  0
LINE
  5
2A9
330
70
100
AcDbEntity
  8
W-S-D v1_4_ANYTOOL_CUTTHROUGH_OUTSI
100
AcDbLine
 10
-104.5142928549197
 20
-22.31999999969771
 30
0.0
 11
-104.5142928549202
 21
-22.55749999969836
 31
0.0
  0
ARC
  5
2AA
330
70
100
AcDbEntity
  8
W-S-D v1_4_ANYTOOL_CUTTHROUGH_OUTSI
100
AcDbCircle
 10
105.0165666135809
 20
-25.70259470333502
 30
0.0
 40
0.0622738306667593
210
0.0
220
0.0
230
-1.0
100
AcDbArc
 50
179.9128667646693
 51
270.9680592066347
  0
LINE
  5
2AB
330
70
100
AcDbEntity
  8
W-S-D v1_4_ANYTOOL_CUTTHROUGH_OUTSI
100
AcDbLine
 10
-105.0176187309901
 20
-27.71385964559036
 30
0.0
 11
-105.5004548027185
 21
-27.5448685156451
 31
0.0
  0
LINE
  5
2AC
330
70
100
AcDbEntity
  8
W-S-D v1_4_ANYTOOL_CUTTHROUGH_OUTSI
100
AcDbLine
 10
-105.5003441529177
 20
-23.08009568607722
 30
0.0
 11
-105.0167928549205
 21
-22.91099999970174
 31
0.0
  0
LINE
  5
2AD
330
70
100
AcDbEntity
  8
W-S-D v1_4_ANYTOOL_CUTTHROUGH_OUTSI
100
AcDbLine
 10
-104.6392928549203
 20
-22.55749999969735
 30
0.0
 11
-104.6392928549202
 21
-22.49999999969715
 31
0.0
  0
LINE
  5
2AE
330
70
100
AcDbEntity
  8
W-S-D v1_4_ANYTOOL_CUTTHROUGH_OUTSI
100
AcDbLine
 10
-102.1392928549448
 20
-28.06749999970799
 30
0.0
 11
-102.1392928549448
 21
-28.30499999970827
 31
0.0
  0
LINE
  5
2AF
330
70
100
AcDbEntity
  8
W-S-D v1_4_ANYTOOL_CUTTHROUGH_OUTSI
100
AcDbLine
 10
-105.5004548027185
 20
-27.5448685156451
 30
0.0
 11
-105.5142928549268
 21
-27.54255437323334
 31
0.0
  0
LINE
  5
2B0
330
70
100
AcDbEntity
  8
W-S-D v1_4_ANYTOOL_CUTTHROUGH_OUTSI
100
AcDbLine
 10
-104.9586810861102
 20
-26.8484940803518
 30
0.0
 11
-104.9542928549266
 21
-26.87149999969953
 31
0.0
  0
LINE
  5
2B1
330
70
100
AcDbEntity
  8
W-S-D v1_4_ANYTOOL_CUTTHROUGH_OUTSI
100
AcDbLine
 10
-104.9542928549238
 20
-24.92249999970602
 30
0.0
 11
-104.954292854925
 21
-25.70249999970594
 31
0.0
  0
LINE
  5
2B2
330
70
100
AcDbEntity
  8
W-S-D v1_4_ANYTOOL_CUTTHROUGH_OUTSI
100
AcDbLine
 10
-102.771792854945
 20
-22.55999999971765
 30
0.0
 11
-102.8917928549451
 21
-22.55999999971765
 31
0.0
  0
LINE
  5
2B3
330
70
100
AcDbEntity
  8
W-S-D v1_4_ANYTOOL_CUTTHROUGH_OUTSI
100
AcDbLine
 10
-104.9937869355728
 20
-22.9153882308856
 30
0.0
 11
-104.9725986810964
 21
-22.92930582587803
 31
0.0
  0
LINE
  5
2B4
330
70
100
AcDbEntity
  8
W-S-D v1_4_ANYTOOL_CUTTHROUGH_OUTSI
100
AcDbLine
 10
-100.5167928549463
 20
-28.06499999970807
 30
0.0
 11
-100.3967928549463
 21
-28.06499999970836
 31
0.0
  0
LINE
  5
2B5
330
70
100
AcDbEntity
  8
W-S-D v1_4_ANYTOOL_CUTTHROUGH_OUTSI
100
AcDbLine
 10
-99.14429285494689
 20
-28.12499999970108
 30
0.0
 11
-98.63929285494664
 21
-28.12499999970253
 31
0.0
  0
LINE
  5
2B6
330
70
100
AcDbEntity
  8
W-S-D v1_4_ANYTOOL_CUTTHROUGH_OUTSI
100
AcDbLine
 10
-104.9725986810995
 20
-24.87830582588171
 30
0.0
 11
-104.9586810861073
 21
-24.89949408035835
 31
0.0
  0
LINE
  5
2B7
330
70
100
AcDbEntity
  8
W-S-D v1_4_ANYTOOL_CUTTHROUGH_OUTSI
100
AcDbLine
 10
-104.9725986810964
 20
-22.92930582587803
 30
0.0
 11
-104.9586810861042
 21
-22.95049408035467
 31
0.0
  0
LINE
  5
2B8
330
70
100
AcDbEntity
  8
W-S-D v1_4_ANYTOOL_CUTTHROUGH_OUTSI
100
AcDbLine
 10
-104.9586810861073
 20
-24.89949408035835
 30
0.0
 11
-104.9542928549238
 21
-24.92249999970602
 31
0.0
  0
LINE
  5
2B9
330
70
100
AcDbEntity
  8
W-S-D v1_4_ANYTOOL_CUTTHROUGH_OUTSI
100
AcDbLine
 10
-103.8423772284797
 20
-28.30499999970888
 30
0.0
 11
-103.844727168569
 21
-28.29105129770552
 31
0.0
  0
LINE
  5
2BA
330
70
100
AcDbEntity
  8
W-S-D v1_4_ANYTOOL_CUTTHROUGH_OUTSI
100
AcDbLine
 10
-105.5142928549248
 20
-25.59355437324001
 30
0.0
 11
-105.5142928549268
 21
-26.98044562616382
 31
0.0
  0
LINE
  5
2BB
330
70
100
AcDbEntity
  8
W-S-D v1_4_ANYTOOL_CUTTHROUGH_OUTSI
100
AcDbLine
 10
-102.8917928549448
 20
-28.06499999970823
 30
0.0
 11
-102.7717928549447
 21
-28.06499999970823
 31
0.0
  0
LINE
  5
2BC
330
70
100
AcDbEntity
  8
W-S-D v1_4_ANYTOOL_CUTTHROUGH_OUTSI
100
AcDbLine
 10
-104.9542928549266
 20
-26.87149999969953
 30
0.0
 11
-104.954292854928
 21
-27.65149999969926
 31
0.0
  0
LINE
  5
2BD
330
70
100
AcDbEntity
  8
W-S-D v1_4_ANYTOOL_CUTTHROUGH_OUTSI
100
AcDbLine
 10
-104.5167928549203
 20
-22.55999999969823
 30
0.0
 11
-104.6367928549203
 21
-22.5599999996975
 31
0.0
  0
LINE
  5
2BE
330
70
100
AcDbEntity
  8
W-S-D v1_4_ANYTOOL_CUTTHROUGH_OUTSI
100
AcDbLine
 10
-103.2802684814107
 20
-22.31999999971342
 30
0.0
 11
-103.2779185413214
 21
-22.33394870171661
 31
0.0
  0
LINE
  5
2BF
330
70
100
AcDbEntity
  8
W-S-D v1_4_ANYTOOL_CUTTHROUGH_OUTSI
100
AcDbLine
 10
-103.113211086129
 20
-22.84050591906096
 30
0.0
 11
-103.1271286811213
 21
-22.86169417353752
 31
0.0
  0
LINE
  5
2C0
330
70
100
AcDbEntity
  8
W-S-D v1_4_ANYTOOL_CUTTHROUGH_OUTSI
100
AcDbLine
 10
-105.5003441529239
 20
-26.97809568607446
 30
0.0
 11
-105.0167928549266
 21
-26.80899999969905
 31
0.0
  0
ARC
  5
2C1
330
70
100
AcDbEntity
  8
W-S-D v1_4_ANYTOOL_CUTTHROUGH_OUTSI
100
AcDbCircle
 10
102.8917928549453
 20
-22.55749999971792
 30
0.0
 40
0.0024999999997362
210
0.0
220
0.0
230
-1.0
100
AcDbArc
 50
269.9999999951146
 51
0.0000000047224876
  0
ARC
  5
2C2
330
70
100
AcDbEntity
  8
W-S-D v1_4_ANYTOOL_CUTTHROUGH_OUTSI
100
AcDbCircle
 10
-105.45679285492
 20
-22.95845562718624
 30
0.0
 40
0.0575000000002761
100
AcDbArc
 50
109.4712206347655
 51
179.9999999998867
  0
LINE
  5
2C3
330
70
100
AcDbEntity
  8
W-S-D v1_4_ANYTOOL_CUTTHROUGH_OUTSI
100
AcDbLine
 10
-105.5142928549217
 20
-22.49999999969933
 30
0.0
 11
-105.5142928549201
 21
-22.61904437221649
 31
0.0
  0
LINE
  5
2C4
330
70
100
AcDbEntity
  8
W-S-D v1_4_ANYTOOL_CUTTHROUGH_OUTSI
100
AcDbLine
 10
-99.14429285494682
 20
-28.06749999970107
 30
0.0
 11
-99.14429285494689
 21
-28.12499999970108
 31
0.0
  0
ARC
  5
2C5
330
70
100
AcDbEntity
  8
W-S-D v1_4_ANYTOOL_CUTTHROUGH_OUTSI
100
AcDbCircle
 10
103.1712281513162
 20
-27.80727375836492
 30
0.0
 40
0.0622738306669355
210
0.0
220
0.0
230
-1.0
100
AcDbArc
 50
89.91286676464998
 51
180.9680592062757
  0
ARC
  5
2C6
330
70
100
AcDbEntity
  8
W-S-D v1_4_ANYTOOL_CUTTHROUGH_OUTSI
100
AcDbCircle
 10
-105.4567928549258
 20
-27.66654437221438
 30
0.0
 40
0.057499999999142
100
AcDbArc
 50
179.9999999998265
 51
250.5287793659172
  0
LINE
  5
2C7
330
70
100
AcDbEntity
  8
W-S-D v1_4_ANYTOOL_CUTTHROUGH_OUTSI
100
AcDbLine
 10
-103.2779185413214
 20
-22.33394870171661
 30
0.0
 11
-103.1088228549454
 21
-22.81749999971331
 31
0.0
  0
LINE
  5
2C8
330
70
100
AcDbEntity
  8
W-S-D v1_4_ANYTOOL_CUTTHROUGH_OUTSI
100
AcDbLine
 10
-103.1483169355979
 20
-22.87561176852976
 30
0.0
 11
-103.1713228549455
 21
-22.87999999971331
 31
0.0
  0
LINE
  5
2C9
330
70
100
AcDbEntity
  8
W-S-D v1_4_ANYTOOL_CUTTHROUGH_OUTSI
100
AcDbLine
 10
-105.5142928549203
 20
-22.95845562718613
 30
0.0
 11
-105.5142928549205
 21
-23.08244562616678
 31
0.0
  0
LINE
  5
2CA
330
70
100
AcDbEntity
  8
W-S-D v1_4_ANYTOOL_CUTTHROUGH_OUTSI
100
AcDbLine
 10
-103.1713228549455
 20
-22.87999999971331
 30
0.0
 11
-103.9513228549451
 21
-22.87999999971331
 31
0.0
  0
ARC
  5
2CB
330
70
100
AcDbEntity
  8
W-S-D v1_4_ANYTOOL_CUTTHROUGH_OUTSI
100
AcDbCircle
 10
105.0165666135848
 20
-27.65159470332752
 30
0.0
 40
0.0622738306676974
210
0.0
220
0.0
230
-1.0
100
AcDbArc
 50
179.912866765429
 51
270.9680592059401
  0
LINE
  5
2CC
330
70
100
AcDbEntity
  8
W-S-D v1_4_ANYTOOL_CUTTHROUGH_OUTSI
100
AcDbLine
 10
-105.0167928549266
 20
-26.80899999969905
 30
0.0
 11
-104.9937869355789
 21
-26.81338823088278
 31
0.0
  0
ARC
  5
2CD
330
70
100
AcDbEntity
  8
W-S-D v1_4_ANYTOOL_CUTTHROUGH_OUTSI
100
AcDbCircle
 10
104.5167928549205
 20
-22.55749999969785
 30
0.0
 40
0.0025000000003701
210
0.0
220
0.0
230
-1.0
100
AcDbArc
 50
180.0000000116433
 51
269.9999999934862
  0
LINE
  5
2CE
330
70
100
AcDbEntity
  8
W-S-D v1_4_ANYTOOL_CUTTHROUGH_OUTSI
100
AcDbLine
 10
-101.8852687742921
 20
-27.74938823089158
 30
0.0
 11
-101.8622628549444
 21
-27.7449999997083
 31
0.0
  0
LINE
  5
2CF
330
70
100
AcDbEntity
  8
W-S-D v1_4_ANYTOOL_CUTTHROUGH_OUTSI
100
AcDbLine
 10
-102.264292854945
 20
-22.49999999971757
 30
0.0
 11
-102.769292854945
 21
-22.49999999971771
 31
0.0
  0
LINE
  5
2D0
330
70
100
AcDbEntity
  8
W-S-D v1_4_ANYTOOL_CUTTHROUGH_OUTSI
100
AcDbLine
 10
-102.8942928549451
 20
-22.31999999971559
 30
0.0
 11
-103.2802684814107
 21
-22.31999999971342
 31
0.0
  0
LINE
  5
2D1
330
70
100
AcDbEntity
  8
W-S-D v1_4_ANYTOOL_CUTTHROUGH_OUTSI
100
AcDbLine
 10
-105.5142928549268
 20
-26.98044562616382
 30
0.0
 11
-105.5003441529239
 21
-26.97809568607446
 31
0.0
  0
ARC
  5
2D2
330
70
100
AcDbEntity
  8
W-S-D v1_4_ANYTOOL_CUTTHROUGH_OUTSI
100
AcDbCircle
 10
105.51679285492
 20
-22.78874999970109
 30
0.0
 40
0.1225000000000886
210
0.0
220
0.0
230
-1.0
100
AcDbArc
 50
109.4712206343025
 51
250.528779365697
  0
LINE
  5
2D3
330
70
100
AcDbEntity
  8
W-S-D v1_4_ANYTOOL_CUTTHROUGH_OUTSI
100
AcDbLine
 10
-104.993786935576
 20
-24.86438823088932
 30
0.0
 11
-104.9725986810995
 21
-24.87830582588171
 31
0.0
  0
ARC
  5
2D4
330
70
100
AcDbEntity
  8
W-S-D v1_4_ANYTOOL_CUTTHROUGH_OUTSI
100
AcDbCircle
 10
-105.4567928549207
 20
-22.61904437221657
 30
0.0
 40
0.0574999999994432
100
AcDbArc
 50
179.9999999999115
 51
250.5287793656628
  0
LINE
  5
2D5
330
70
100
AcDbEntity
  8
W-S-D v1_4_ANYTOOL_CUTTHROUGH_OUTSI
100
AcDbLine
 10
-104.0136825008362
 20
-22.81667412365153
 30
0.0
 11
-103.844691370892
 21
-22.33383805192259
 31
0.0
  0
ARC
  5
2D6
330
70
100
AcDbEntity
  8
W-S-D v1_4_ANYTOOL_CUTTHROUGH_OUTSI
100
AcDbCircle
 10
104.6367928549202
 20
-22.55749999969745
 30
0.0
 40
0.0025000000000539
210
0.0
220
0.0
230
-1.0
100
AcDbArc
 50
270.0000000003257
 51
0.0000000021983994
  0
LINE
  5
2D7
330
70
100
AcDbEntity
  8
W-S-D v1_4_ANYTOOL_CUTTHROUGH_OUTSI
100
AcDbLine
 10
-104.9725986811024
 20
-26.82730582587514
 30
0.0
 11
-104.9586810861102
 21
-26.8484940803518
 31
0.0
  0
ARC
  5
2D8
330
70
100
AcDbEntity
  8
W-S-D v1_4_ANYTOOL_CUTTHROUGH_OUTSI
100
AcDbCircle
 10
105.5167928549259
 20
-27.83624999969872
 30
0.0
 40
0.1225000000004869
210
0.0
220
0.0
230
-1.0
100
AcDbArc
 50
109.4712206348005
 51
250.5287793652768
  0
ARC
  5
2D9
330
70
100
AcDbEntity
  8
W-S-D v1_4_ANYTOOL_CUTTHROUGH_OUTSI
100
AcDbCircle
 10
99.14679285494674
 20
-28.06749999970104
 30
0.0
 40
0.0024999999999196
210
0.0
220
0.0
230
-1.0
100
AcDbArc
 50
89.99999999837156
 51
180.0000000006513
  0
LINE
  5
2DA
330
70
100
AcDbEntity
  8
W-S-D v1_4_ANYTOOL_CUTTHROUGH_OUTSI
100
AcDbLine
 10
-103.9955170287691
 20
-27.7633058258846
 30
0.0
 11
-103.9743287742925
 21
-27.74938823089243
 31
0.0
  0
LINE
  5
2DB
330
70
100
AcDbEntity
  8
W-S-D v1_4_ANYTOOL_CUTTHROUGH_OUTSI
100
AcDbLine
 10
-104.6392928549288
 20
-28.12499999970142
 30
0.0
 11
-104.6392928549283
 21
-28.06749999969873
 31
0.0
  0
LINE
  5
2DC
330
70
100
AcDbEntity
  8
W-S-D v1_4_ANYTOOL_CUTTHROUGH_OUTSI
100
AcDbLine
 10
-104.5142928549285
 20
-28.30499999969961
 30
0.0
 11
-103.8423772284797
 21
-28.30499999970888
 31
0.0
  0
ARC
  5
2DD
330
70
100
AcDbEntity
  8
W-S-D v1_4_ANYTOOL_CUTTHROUGH_OUTSI
100
AcDbCircle
 10
97.1712281513157
 20
-27.80727375836421
 30
0.0
 40
0.0622738306664958
210
0.0
220
0.0
230
-1.0
100
AcDbArc
 50
89.91286676417866
 51
180.9680592066813
  0
LINE
  5
2DE
330
70
100
AcDbEntity
  8
W-S-D v1_4_ANYTOOL_CUTTHROUGH_OUTSI
100
AcDbLine
 10
-99.76429285494694
 20
-28.30499999969559
 30
0.0
 11
-99.26929285494695
 21
-28.30499999969559
 31
0.0
  0
ARC
  5
2DF
330
70
100
AcDbEntity
  8
W-S-D v1_4_ANYTOOL_CUTTHROUGH_OUTSI
100
AcDbCircle
 10
104.5167928549282
 20
-28.06749999969976
 30
0.0
 40
0.002499999999862
210
0.0
220
0.0
230
-1.0
100
AcDbArc
 50
89.99999999706879
 51
180.0000000061066
  0
LINE
  5
2E0
330
70
100
AcDbEntity
  8
W-S-D v1_4_ANYTOOL_CUTTHROUGH_OUTSI
100
AcDbLine
 10
-105.5142928549268
 20
-27.54255437323334
 30
0.0
 11
-105.514292854925
 21
-27.66654437221421
 31
0.0
  0
ARC
  5
2E1
330
70
100
AcDbEntity
  8
W-S-D v1_4_ANYTOOL_CUTTHROUGH_OUTSI
100
AcDbCircle
 10
99.88679285494715
 20
-28.06749999970108
 30
0.0
 40
0.0024999999999629
210
0.0
220
0.0
230
-1.0
100
AcDbArc
 50
0.0000000003256888
 51
90.00000000130276
  0
LINE
  5
2E2
330
70
100
AcDbEntity
  8
W-S-D v1_4_ANYTOOL_CUTTHROUGH_OUTSI
100
AcDbLine
 10
-93.2667928549468
 20
-28.06499999970074
 30
0.0
 11
-93.14679285494674
 21
-28.06499999970132
 31
0.0
  0
LINE
  5
2E3
330
70
100
AcDbEntity
  8
W-S-D v1_4_ANYTOOL_CUTTHROUGH_OUTSI
100
AcDbLine
 10
-101.1888943389981
 20
-28.29116194749866
 30
0.0
 11
-101.19120848141
 21
-28.30499999970804
 31
0.0
  0
LINE
  5
2E4
330
70
100
AcDbEntity
  8
W-S-D v1_4_ANYTOOL_CUTTHROUGH_OUTSI
100
AcDbLine
 10
-104.013822854945
 20
-27.80749999970881
 30
0.0
 11
-104.0094346237614
 21
-27.78449408036115
 31
0.0
  0
LINE
  5
2E5
330
70
100
AcDbEntity
  8
W-S-D v1_4_ANYTOOL_CUTTHROUGH_OUTSI
100
AcDbLine
 10
-99.88679285494708
 20
-28.06499999970112
 30
0.0
 11
-99.76679285494711
 21
-28.06499999970054
 31
0.0
  0
LINE
  5
2E6
330
70
100
AcDbEntity
  8
W-S-D v1_4_ANYTOOL_CUTTHROUGH_OUTSI
100
AcDbLine
 10
-101.9064570287689
 20
-27.76330582588372
 30
0.0
 11
-101.8852687742921
 21
-27.74938823089158
 31
0.0
  0
LINE
  5
2E7
330
70
100
AcDbEntity
  8
W-S-D v1_4_ANYTOOL_CUTTHROUGH_OUTSI
100
AcDbLine
 10
-101.7533172284792
 20
-28.30499999970813
 30
0.0
 11
-101.7556671685686
 21
-28.29105129770481
 31
0.0
  0
ARC
  5
2E8
330
70
100
AcDbEntity
  8
W-S-D v1_4_ANYTOOL_CUTTHROUGH_OUTSI
100
AcDbCircle
 10
99.26679285494699
 20
-28.06749999970035
 30
0.0
 40
0.002499999999803
210
0.0
220
0.0
230
-1.0
100
AcDbArc
 50
359.9999999966617
 51
90.00000000521101
  0
ARC
  5
2E9
330
70
100
AcDbEntity
  8
W-S-D v1_4_ANYTOOL_CUTTHROUGH_OUTSI
100
AcDbCircle
 10
100.3967928549464
 20
-28.06749999970835
 30
0.0
 40
0.0024999999999881
210
0.0
220
0.0
230
-1.0
100
AcDbArc
 50
90.00000000097704
 51
180.0000000024426
  0
LINE
  5
2EA
330
70
100
AcDbEntity
  8
W-S-D v1_4_ANYTOOL_CUTTHROUGH_OUTSI
100
AcDbLine
 10
-103.1271286811213
 20
-22.86169417353752
 30
0.0
 11
-103.1483169355979
 21
-22.87561176852976
 31
0.0
  0
LINE
  5
2EB
330
70
100
AcDbEntity
  8
W-S-D v1_4_ANYTOOL_CUTTHROUGH_OUTSI
100
AcDbLine
 10
-103.2802684814104
 20
-28.30499999970856
 30
0.0
 11
-102.8942928549449
 21
-28.30499999970827
 31
0.0
  0
ARC
  5
2EC
330
70
100
AcDbEntity
  8
W-S-D v1_4_ANYTOOL_CUTTHROUGH_OUTSI
100
AcDbCircle
 10
102.891792854945
 20
-28.06749999970803
 30
0.0
 40
0.0024999999998073
210
0.0
220
0.0
230
-1.0
100
AcDbArc
 50
0.0000000009770664
 51
90.00000000423396
  0
LINE
  5
2ED
330
70
100
AcDbEntity
  8
W-S-D v1_4_ANYTOOL_CUTTHROUGH_OUTSI
100
AcDbLine
 10
-103.1089632090541
 20
-27.80832587577051
 30
0.0
 11
-103.2779543389871
 21
-28.29116194746094
 31
0.0
  0
ARC
  5
2EE
330
70
100
AcDbEntity
  8
W-S-D v1_4_ANYTOOL_CUTTHROUGH_OUTSI
100
AcDbCircle
 10
93.88679285494701
 20
-28.06749999970151
 30
0.0
 40
0.0025000000000446
210
0.0
220
0.0
230
-1.0
100
AcDbArc
 50
0.0000000066766204
 51
89.99999999934862
  0
LINE
  5
2EF
330
70
100
AcDbEntity
  8
W-S-D v1_4_ANYTOOL_CUTTHROUGH_OUTSI
100
AcDbLine
 10
-102.7692928549448
 20
-28.12499999970824
 30
0.0
 11
-102.2642928549448
 21
-28.12499999970824
 31
0.0
  0
LINE
  5
2F0
330
70
100
AcDbEntity
  8
W-S-D v1_4_ANYTOOL_CUTTHROUGH_OUTSI
100
AcDbLine
 10
-96.89429285494492
 20
-28.30499999970793
 30
0.0
 11
-96.89429285494485
 21
-28.06749999970802
 31
0.0
  0
LINE
  5
2F1
330
70
100
AcDbEntity
  8
W-S-D v1_4_ANYTOOL_CUTTHROUGH_OUTSI
100
AcDbLine
 10
-101.7556671685686
 20
-28.29105129770481
 30
0.0
 11
-101.9247628549446
 21
-27.80749999970803
 31
0.0
  0
LINE
  5
2F2
330
70
100
AcDbEntity
  8
W-S-D v1_4_ANYTOOL_CUTTHROUGH_OUTSI
100
AcDbLine
 10
-99.26929285494695
 20
-28.30499999969559
 30
0.0
 11
-99.26929285494681
 21
-28.06749999970049
 31
0.0
  0
LINE
  5
2F3
330
70
100
AcDbEntity
  8
W-S-D v1_4_ANYTOOL_CUTTHROUGH_OUTSI
100
AcDbLine
 10
-103.9743287742925
 20
-27.74938823089243
 30
0.0
 11
-103.9513228549448
 21
-27.74499999970898
 31
0.0
  0
LINE
  5
2F4
330
70
100
AcDbEntity
  8
W-S-D v1_4_ANYTOOL_CUTTHROUGH_OUTSI
100
AcDbLine
 10
-98.63929285494664
 20
-28.12499999970253
 30
0.0
 11
-98.63929285494634
 21
-28.06749999970817
 31
0.0
  0
ARC
  5
2F5
330
70
100
AcDbEntity
  8
W-S-D v1_4_ANYTOOL_CUTTHROUGH_OUTSI
100
AcDbCircle
 10
99.76679285494691
 20
-28.06749999970035
 30
0.0
 40
0.0024999999998048
210
0.0
220
0.0
230
-1.0
100
AcDbArc
 50
89.99999999576605
 51
180.0000000033383
  0
LINE
  5
2F6
330
70
100
AcDbEntity
  8
W-S-D v1_4_ANYTOOL_CUTTHROUGH_OUTSI
100
AcDbLine
 10
-97.10896320905407
 20
-27.80832587577023
 30
0.0
 11
-97.27795433899856
 21
-28.29116194749906
 31
0.0
  0
LINE
  5
2F7
330
70
100
AcDbEntity
  8
W-S-D v1_4_ANYTOOL_CUTTHROUGH_OUTSI
100
AcDbLine
 10
-93.76429285494708
 20
-28.06749999970064
 30
0.0
 11
-93.76429285494694
 21
-28.30499999969556
 31
0.0
  0
ARC
  5
2F8
330
70
100
AcDbEntity
  8
W-S-D v1_4_ANYTOOL_CUTTHROUGH_OUTSI
100
AcDbCircle
 10
100.5167928549463
 20
-28.06749999970806
 30
0.0
 40
0.0024999999999949
210
0.0
220
0.0
230
-1.0
100
AcDbArc
 50
359.9999999976388
 51
89.99999999967432
  0
LINE
  5
2F9
330
70
100
AcDbEntity
  8
W-S-D v1_4_ANYTOOL_CUTTHROUGH_OUTSI
100
AcDbLine
 10
-100.5192928549463
 20
-28.30499999970776
 30
0.0
 11
-100.5192928549463
 21
-28.06749999970817
 31
0.0
  0
LINE
  5
2FA
330
70
100
AcDbEntity
  8
W-S-D v1_4_ANYTOOL_CUTTHROUGH_OUTSI
100
AcDbLine
 10
-98.00943462376157
 20
-27.7844940803608
 30
0.0
 11
-97.99551702876925
 21
-27.76330582588422
 31
0.0
  0
LINE
  5
2FB
330
70
100
AcDbEntity
  8
W-S-D v1_4_ANYTOOL_CUTTHROUGH_OUTSI
100
AcDbLine
 10
-104.5142928549283
 20
-28.06749999970003
 30
0.0
 11
-104.5142928549285
 21
-28.30499999969961
 31
0.0
  0
ARC
  5
2FC
330
70
100
AcDbEntity
  8
W-S-D v1_4_ANYTOOL_CUTTHROUGH_OUTSI
100
AcDbCircle
 10
101.0821681513153
 20
-27.80727375836372
 30
0.0
 40
0.0622738306664073
210
0.0
220
0.0
230
-1.0
100
AcDbArc
 50
89.91286676419161
 51
180.9680592068068
  0
LINE
  5
2FD
330
70
100
AcDbEntity
  8
W-S-D v1_4_ANYTOOL_CUTTHROUGH_OUTSI
100
AcDbLine
 10
-95.92037462376117
 20
-27.78449408036011
 30
0.0
 11
-95.90645702876885
 21
-27.76330582588353
 31
0.0
  0
LINE
  5
2FE
330
70
100
AcDbEntity
  8
W-S-D v1_4_ANYTOOL_CUTTHROUGH_OUTSI
100
AcDbLine
 10
-94.39429285494666
 20
-28.12499999970277
 30
0.0
 11
-93.88929285494697
 21
-28.12499999970132
 31
0.0
  0
LINE
  5
2FF
330
70
100
AcDbEntity
  8
W-S-D v1_4_ANYTOOL_CUTTHROUGH_OUTSI
100
AcDbLine
 10
-99.26679285494678
 20
-28.06499999970054
 30
0.0
 11
-99.14679285494679
 21
-28.06499999970112
 31
0.0
  0
LINE
  5
300
330
70
100
AcDbEntity
  8
W-S-D v1_4_ANYTOOL_CUTTHROUGH_OUTSI
100
AcDbLine
 10
-101.9247628549446
 20
-27.80749999970803
 30
0.0
 11
-101.9203746237612
 21
-27.78449408036035
 31
0.0
  0
LINE
  5
301
330
70
100
AcDbEntity
  8
W-S-D v1_4_ANYTOOL_CUTTHROUGH_OUTSI
100
AcDbLine
 10
-103.2779543389871
 20
-28.29116194746094
 30
0.0
 11
-103.2802684814104
 21
-28.30499999970856
 31
0.0
  0
LINE
  5
302
330
70
100
AcDbEntity
  8
W-S-D v1_4_ANYTOOL_CUTTHROUGH_OUTSI
100
AcDbLine
 10
-104.0094346237614
 20
-27.78449408036115
 30
0.0
 11
-103.9955170287691
 21
-27.7633058258846
 31
0.0
  0
LINE
  5
303
330
70
100
AcDbEntity
  8
W-S-D v1_4_ANYTOOL_CUTTHROUGH_OUTSI
100
AcDbLine
 10
-97.28026848141041
 20
-28.30499999970808
 30
0.0
 11
-96.89429285494492
 21
-28.30499999970793
 31
0.0
  0
LINE
  5
304
330
70
100
AcDbEntity
  8
W-S-D v1_4_ANYTOOL_CUTTHROUGH_OUTSI
100
AcDbLine
 10
-96.13929285494478
 20
-28.06749999970802
 30
0.0
 11
-96.13929285494485
 21
-28.30499999970793
 31
0.0
  0
LINE
  5
305
330
70
100
AcDbEntity
  8
W-S-D v1_4_ANYTOOL_CUTTHROUGH_OUTSI
100
AcDbLine
 10
-105.5142928549255
 20
-28.00595562718358
 30
0.0
 11
-105.5142928549271
 21
-28.12499999969896
 31
0.0
  0
LINE
  5
306
330
70
100
AcDbEntity
  8
W-S-D v1_4_ANYTOOL_CUTTHROUGH_OUTSI
100
AcDbLine
 10
-93.88679285494704
 20
-28.06499999970146
 30
0.0
 11
-93.76679285494709
 21
-28.06499999970074
 31
0.0
  0
ARC
  5
307
330
70
100
AcDbEntity
  8
W-S-D v1_4_ANYTOOL_CUTTHROUGH_OUTSI
100
AcDbCircle
 10
103.9514175585739
 20
-22.81772624105705
 30
0.0
 40
0.062273830667105
210
0.0
220
0.0
230
-1.0
100
AcDbArc
 50
269.9128667648463
 51
0.9680592062075074
  0
LINE
  5
308
330
70
100
AcDbEntity
  8
W-S-D v1_4_ANYTOOL_CUTTHROUGH_OUTSI
100
AcDbLine
 10
-102.2642928549448
 20
-28.12499999970824
 30
0.0
 11
-102.2642928549448
 21
-28.06749999970799
 31
0.0
  0
ARC
  5
309
330
70
100
AcDbEntity
  8
W-S-D v1_4_ANYTOOL_CUTTHROUGH_OUTSI
100
AcDbCircle
 10
98.51679285494622
 20
-28.06749999970706
 30
0.0
 40
0.0024999999998567
210
0.0
220
0.0
230
-1.0
100
AcDbArc
 50
89.99999999706879
 51
180.0000000054552
  0
LINE
  5
30A
330
70
100
AcDbEntity
  8
W-S-D v1_4_ANYTOOL_CUTTHROUGH_OUTSI
100
AcDbLine
 10
-104.6367928549283
 20
-28.06499999969874
 30
0.0
 11
-104.5167928549283
 21
-28.0649999996999
 31
0.0
  0
LINE
  5
30B
330
70
100
AcDbEntity
  8
W-S-D v1_4_ANYTOOL_CUTTHROUGH_OUTSI
100
AcDbLine
 10
-100.3942928549464
 20
-28.06749999970845
 30
0.0
 11
-100.3942928549466
 21
-28.12499999970253
 31
0.0
  0
ARC
  5
30C
330
70
100
AcDbEntity
  8
W-S-D v1_4_ANYTOOL_CUTTHROUGH_OUTSI
100
AcDbCircle
 10
102.7717928549446
 20
-28.06749999970817
 30
0.0
 40
0.002499999999938
210
0.0
220
0.0
230
-1.0
100
AcDbArc
 50
89.99999999804586
 51
179.9999999960917
  0
ARC
  5
30D
330
70
100
AcDbEntity
  8
W-S-D v1_4_ANYTOOL_CUTTHROUGH_OUTSI
100
AcDbCircle
 10
98.63679285494626
 20
-28.06749999970815
 30
0.0
 40
0.0025000000000851
210
0.0
220
0.0
230
-1.0
100
AcDbArc
 50
359.9999999997558
 51
89.99999999772018
  0
LINE
  5
30E
330
70
100
AcDbEntity
  8
W-S-D v1_4_ANYTOOL_CUTTHROUGH_OUTSI
100
AcDbLine
 10
-93.14429285494666
 20
-28.06749999970121
 30
0.0
 11
-93.1442928549468
 21
-28.12499999970132
 31
0.0
  0
LINE
  5
30F
330
70
100
AcDbEntity
  8
W-S-D v1_4_ANYTOOL_CUTTHROUGH_OUTSI
100
AcDbLine
 10
-92.5142928549463
 20
-28.30499999970728
 30
0.0
 11
-91.84237722847969
 21
-28.30499999970831
 31
0.0
  0
LINE
  5
310
330
70
100
AcDbEntity
  8
W-S-D v1_4_ANYTOOL_CUTTHROUGH_OUTSI
100
AcDbLine
 10
-102.2617928549447
 20
-28.06499999970837
 30
0.0
 11
-102.1417928549448
 21
-28.06499999970823
 31
0.0
  0
LINE
  5
311
330
70
100
AcDbEntity
  8
W-S-D v1_4_ANYTOOL_CUTTHROUGH_OUTSI
100
AcDbLine
 10
-103.9513228549448
 20
-27.74499999970898
 30
0.0
 11
-103.1713228549453
 21
-27.74499999970883
 31
0.0
  0
LINE
  5
312
330
70
100
AcDbEntity
  8
W-S-D v1_4_ANYTOOL_CUTTHROUGH_OUTSI
100
AcDbLine
 10
-93.1442928549468
 20
-28.12499999970132
 30
0.0
 11
-92.63929285494667
 21
-28.12499999970277
 31
0.0
  0
LINE
  5
313
330
70
100
AcDbEntity
  8
W-S-D v1_4_ANYTOOL_CUTTHROUGH_OUTSI
100
AcDbLine
 10
-97.99551702876925
 20
-27.76330582588422
 30
0.0
 11
-97.97432877429258
 21
-27.74938823089206
 31
0.0
  0
ARC
  5
314
330
70
100
AcDbEntity
  8
W-S-D v1_4_ANYTOOL_CUTTHROUGH_OUTSI
100
AcDbCircle
 10
96.89179285494487
 20
-28.06749999970804
 30
0.0
 40
0.0024999999999821
210
0.0
220
0.0
230
-1.0
100
AcDbArc
 50
0.0000000003256888
 51
90.00000000032567
  0
LINE
  5
315
330
70
100
AcDbEntity
  8
W-S-D v1_4_ANYTOOL_CUTTHROUGH_OUTSI
100
AcDbLine
 10
-105.5142928549271
 20
-28.12499999969896
 30
0.0
 11
-104.6392928549288
 21
-28.12499999970142
 31
0.0
  0
ARC
  5
316
330
70
100
AcDbEntity
  8
W-S-D v1_4_ANYTOOL_CUTTHROUGH_OUTSI
100
AcDbCircle
 10
104.6367928549283
 20
-28.06749999969881
 30
0.0
 40
0.0025000000000688
210
0.0
220
0.0
230
-1.0
100
AcDbArc
 50
0.0000000019541328
 51
89.99999999902293
  0
LINE
  5
317
330
70
100
AcDbEntity
  8
W-S-D v1_4_ANYTOOL_CUTTHROUGH_OUTSI
100
AcDbLine
 10
-99.88929285494704
 20
-28.12499999970108
 30
0.0
 11
-99.88929285494711
 21
-28.06749999970107
 31
0.0
  0
ARC
  5
318
330
70
100
AcDbEntity
  8
W-S-D v1_4_ANYTOOL_CUTTHROUGH_OUTSI
100
AcDbCircle
 10
-102.1980079260218
 20
-24.84212790477478
 30
0.0
 40
0.0599999999999767
100
AcDbArc
 50
359.9999999999797
 51
90.00000000031212
  0
LINE
  5
319
330
70
100
AcDbEntity
  8
W-S-D v1_4_ANYTOOL_CUTTHROUGH_OUTSI
100
AcDbLine
 10
-101.0199032090538
 20
-27.80832587576988
 30
0.0
 11
-101.1888943389981
 21
-28.29116194749866
 31
0.0
  0
ARC
  5
31A
330
70
100
AcDbEntity
  8
W-S-D v1_4_ANYTOOL_CUTTHROUGH_OUTSI
100
AcDbCircle
 10
102.926507926022
 20
-25.34212790477476
 30
0.0
 40
0.0600000000000728
210
0.0
220
0.0
230
-1.0
100
AcDbArc
 50
163.3770524843906
 51
196.6229475156061
  0
LINE
  5
31B
330
70
100
AcDbEntity
  8
W-S-D v1_4_ANYTOOL_CUTTHROUGH_OUTSI
100
AcDbLine
 10
-102.4437112815165
 20
-24.5598589722042
 30
0.0
 11
-102.451554231423
 21
-24.55495970886761
 31
0.0
  0
LINE
  5
31C
330
70
100
AcDbEntity
  8
W-S-D v1_4_ANYTOOL_CUTTHROUGH_OUTSI
100
AcDbLine
 10
-102.7692928549447
 20
-28.06749999970799
 30
0.0
 11
-102.7692928549448
 21
-28.12499999970824
 31
0.0
  0
LINE
  5
31D
330
70
100
AcDbEntity
  8
W-S-D v1_4_ANYTOOL_CUTTHROUGH_OUTSI
100
AcDbLine
 10
-102.8334732055993
 20
-25.92813589364731
 30
0.0
 11
-102.832268102558
 21
-25.926446386705
 31
0.0
  0
ARC
  5
31E
330
70
100
AcDbEntity
  8
W-S-D v1_4_ANYTOOL_CUTTHROUGH_OUTSI
100
AcDbCircle
 10
-102.5880079260218
 20
-24.7821279047757
 30
0.0
 40
0.2050000000002161
100
AcDbArc
 50
15.30519438132144
 51
164.6948056186536
  0
LINE
  5
31F
330
70
100
AcDbEntity
  8
W-S-D v1_4_ANYTOOL_CUTTHROUGH_OUTSI
100
AcDbLine
 10
-102.8238808343967
 20
-25.9172727886585
 30
0.0
 11
-102.8223057956741
 21
-25.91592150775851
 31
0.0
  0
LINE
  5
320
330
70
100
AcDbEntity
  8
W-S-D v1_4_ANYTOOL_CUTTHROUGH_OUTSI
100
AcDbLine
 10
-96.2617928549448
 20
-28.06499999970791
 30
0.0
 11
-96.14179285494486
 21
-28.06499999970791
 31
0.0
  0
LINE
  5
321
330
70
100
AcDbEntity
  8
W-S-D v1_4_ANYTOOL_CUTTHROUGH_OUTSI
100
AcDbLine
 10
-102.9780078840505
 20
-25.90212790477481
 30
0.0
 11
-102.8566475363777
 21
-25.90212790482381
 31
0.0
  0
LINE
  5
322
330
70
100
AcDbEntity
  8
W-S-D v1_4_ANYTOOL_CUTTHROUGH_OUTSI
100
AcDbLine
 10
-92.63929285494667
 20
-28.12499999970277
 30
0.0
 11
-92.63929285494636
 21
-28.06749999970801
 31
0.0
  0
ARC
  5
323
330
70
100
AcDbEntity
  8
W-S-D v1_4_ANYTOOL_CUTTHROUGH_OUTSI
100
AcDbCircle
 10
96.77179285494512
 20
-28.06749999970826
 30
0.0
 40
0.0025000000003551
210
0.0
220
0.0
230
-1.0
100
AcDbArc
 50
90.00000000716516
 51
179.9999999944633
  0
LINE
  5
324
330
70
100
AcDbEntity
  8
W-S-D v1_4_ANYTOOL_CUTTHROUGH_OUTSI
100
AcDbLine
 10
-102.6110983130199
 20
-24.51813579499231
 30
0.0
 11
-102.6202950934315
 21
-24.51910216683331
 31
0.0
  0
LINE
  5
325
330
70
100
AcDbEntity
  8
W-S-D v1_4_ANYTOOL_CUTTHROUGH_OUTSI
100
AcDbLine
 10
-93.26929285494696
 20
-28.30499999969556
 30
0.0
 11
-93.26929285494681
 21
-28.06749999970064
 31
0.0
  0
ARC
  5
326
330
70
100
AcDbEntity
  8
W-S-D v1_4_ANYTOOL_CUTTHROUGH_OUTSI
100
AcDbCircle
 10
93.76679285494697
 20
-28.06749999970062
 30
0.0
 40
0.0024999999998791
210
0.0
220
0.0
230
-1.0
100
AcDbArc
 50
89.99999999706879
 51
180.0000000004071
  0
LINE
  5
327
330
70
100
AcDbEntity
  8
W-S-D v1_4_ANYTOOL_CUTTHROUGH_OUTSI
100
AcDbLine
 10
-101.9203746237612
 20
-27.78449408036035
 30
0.0
 11
-101.9064570287689
 21
-27.76330582588372
 31
0.0
  0
LINE
  5
328
330
70
100
AcDbEntity
  8
W-S-D v1_4_ANYTOOL_CUTTHROUGH_OUTSI
100
AcDbLine
 10
-96.13929285494485
 20
-28.30499999970793
 30
0.0
 11
-95.75331722847931
 21
-28.30499999970779
 31
0.0
  0
ARC
  5
329
330
70
100
AcDbEntity
  8
W-S-D v1_4_ANYTOOL_CUTTHROUGH_OUTSI
100
AcDbCircle
 10
95.08216815131522
 20
-27.80727375836341
 30
0.0
 40
0.0622738306662724
210
0.0
220
0.0
230
-1.0
100
AcDbArc
 50
89.91286676411297
 51
180.9680592067534
  0
LINE
  5
32A
330
70
100
AcDbEntity
  8
W-S-D v1_4_ANYTOOL_CUTTHROUGH_OUTSI
100
AcDbLine
 10
-102.1392928549448
 20
-28.30499999970827
 30
0.0
 11
-101.7533172284792
 21
-28.30499999970813
 31
0.0
  0
ARC
  5
32B
330
70
100
AcDbEntity
  8
W-S-D v1_4_ANYTOOL_CUTTHROUGH_OUTSI
100
AcDbCircle
 10
-105.456792854926
 20
-28.00595562718347
 30
0.0
 40
0.0574999999994769
100
AcDbArc
 50
109.4712206339357
 51
180.0000000001026
  0
ARC
  5
32C
330
70
100
AcDbEntity
  8
W-S-D v1_4_ANYTOOL_CUTTHROUGH_OUTSI
100
AcDbCircle
 10
94.39679285494612
 20
-28.06749999970833
 30
0.0
 40
0.0024999999997775
210
0.0
220
0.0
230
-1.0
100
AcDbArc
 50
89.99999999478898
 51
179.9999999995114
  0
LINE
  5
32D
330
70
100
AcDbEntity
  8
W-S-D v1_4_ANYTOOL_CUTTHROUGH_OUTSI
100
AcDbLine
 10
-102.8690154414233
 20
-25.35929223449301
 30
0.0
 11
-103.0380079260218
 21
-25.8421279047745
 31
0.0
  0
LINE
  5
32E
330
70
100
AcDbEntity
  8
W-S-D v1_4_ANYTOOL_CUTTHROUGH_OUTSI
100
AcDbLine
 10
-102.7840308838539
 20
-25.90212790477401
 30
0.0
 11
-102.3919849681758
 21
-25.90212790477401
 31
0.0
  0
LINE
  5
32F
330
70
100
AcDbEntity
  8
W-S-D v1_4_ANYTOOL_CUTTHROUGH_OUTSI
100
AcDbLine
 10
-96.26429285494488
 20
-28.12499999970799
 30
0.0
 11
-96.26429285494479
 21
-28.06749999970802
 31
0.0
  0
LINE
  5
330
330
70
100
AcDbEntity
  8
W-S-D v1_4_ANYTOOL_CUTTHROUGH_OUTSI
100
AcDbLine
 10
-93.88929285494697
 20
-28.12499999970132
 30
0.0
 11
-93.88929285494704
 21
-28.06749999970121
 31
0.0
  0
LINE
  5
331
330
70
100
AcDbEntity
  8
W-S-D v1_4_ANYTOOL_CUTTHROUGH_OUTSI
100
AcDbLine
 10
-96.76929285494475
 20
-28.06749999970802
 30
0.0
 11
-96.76929285494487
 21
-28.12499999970799
 31
0.0
  0
LINE
  5
332
330
70
100
AcDbEntity
  8
W-S-D v1_4_ANYTOOL_CUTTHROUGH_OUTSI
100
AcDbLine
 10
-102.7164525078074
 20
-24.55033707361941
 30
0.0
 11
-102.7244616206069
 21
-24.55495970886761
 31
0.0
  0
LINE
  5
333
330
70
100
AcDbEntity
  8
W-S-D v1_4_ANYTOOL_CUTTHROUGH_OUTSI
100
AcDbLine
 10
-102.4677288670292
 20
-26.13825911399741
 30
0.0
 11
-102.4760408564926
 21
-26.142311949503
 31
0.0
  0
LINE
  5
334
330
70
100
AcDbEntity
  8
W-S-D v1_4_ANYTOOL_CUTTHROUGH_OUTSI
100
AcDbLine
 10
-102.6202950934315
 20
-24.51910216683331
 30
0.0
 11
-102.6294525569953
 21
-24.5203888313403
 31
0.0
  0
LINE
  5
335
330
70
100
AcDbEntity
  8
W-S-D v1_4_ANYTOOL_CUTTHROUGH_OUTSI
100
AcDbLine
 10
-102.3383270620679
 20
-25.9352796438972
 30
0.0
 11
-102.3374306776015
 21
-25.93715132814861
 31
0.0
  0
LINE
  5
336
330
70
100
AcDbEntity
  8
W-S-D v1_4_ANYTOOL_CUTTHROUGH_OUTSI
100
AcDbLine
 10
-102.7323045705132
 20
-24.5598589722042
 30
0.0
 11
-102.7399718069806
 21
-24.56502889768031
 31
0.0
  0
LINE
  5
337
330
70
100
AcDbEntity
  8
W-S-D v1_4_ANYTOOL_CUTTHROUGH_OUTSI
100
AcDbLine
 10
-102.8254082003241
 20
-25.9186777300709
 30
0.0
 11
-102.8238808343967
 21
-25.9172727886585
 31
0.0
  0
LINE
  5
338
330
70
100
AcDbEntity
  8
W-S-D v1_4_ANYTOOL_CUTTHROUGH_OUTSI
100
AcDbLine
 10
-102.7840308838539
 20
-24.78212790477541
 30
0.0
 11
-102.3919849681758
 21
-24.7821279047755
 31
0.0
  0
ARC
  5
339
330
70
100
AcDbEntity
  8
W-S-D v1_4_ANYTOOL_CUTTHROUGH_OUTSI
100
AcDbCircle
 10
96.14179285494493
 20
-28.06749999970806
 30
0.0
 40
0.0025000000001548
210
0.0
220
0.0
230
-1.0
100
AcDbArc
 50
90.00000000195413
 51
179.9999999990229
  0
LINE
  5
33A
330
70
100
AcDbEntity
  8
W-S-D v1_4_ANYTOOL_CUTTHROUGH_OUTSI
100
AcDbLine
 10
-102.5833842195884
 20
-24.51716824494281
 30
0.0
 11
-102.5926316324414
 21
-24.51716824494281
 31
0.0
  0
ARC
  5
33B
330
70
100
AcDbEntity
  8
W-S-D v1_4_ANYTOOL_CUTTHROUGH_OUTSI
100
AcDbCircle
 10
102.2617928549446
 20
-28.06749999970854
 30
0.0
 40
0.0025000000001683
210
0.0
220
0.0
230
-1.0
100
AcDbArc
 50
0.0000000125390188
 51
89.99999999837156
  0
LINE
  5
33C
330
70
100
AcDbEntity
  8
W-S-D v1_4_ANYTOOL_CUTTHROUGH_OUTSI
100
AcDbLine
 10
-103.844727168569
 20
-28.29105129770552
 30
0.0
 11
-104.013822854945
 21
-27.80749999970881
 31
0.0
  0
LINE
  5
33D
330
70
100
AcDbEntity
  8
W-S-D v1_4_ANYTOOL_CUTTHROUGH_OUTSI
100
AcDbLine
 10
-98.5142928549463
 20
-28.30499999970717
 30
0.0
 11
-97.8423772284797
 21
-28.30499999970848
 31
0.0
  0
LINE
  5
33E
330
70
100
AcDbEntity
  8
W-S-D v1_4_ANYTOOL_CUTTHROUGH_OUTSI
100
AcDbLine
 10
-102.3365995568427
 20
-25.9390528920661
 30
0.0
 11
-102.3358346940676
 21
-25.94098206079482
 31
0.0
  0
LINE
  5
33F
330
70
100
AcDbEntity
  8
W-S-D v1_4_ANYTOOL_CUTTHROUGH_OUTSI
100
AcDbLine
 10
-102.3345073221537
 20
-25.9449139509063
 30
0.0
 11
-102.3339464009596
 21
-25.9469119685394
 31
0.0
  0
LINE
  5
340
330
70
100
AcDbEntity
  8
W-S-D v1_4_ANYTOOL_CUTTHROUGH_OUTSI
100
AcDbLine
 10
-102.8433333546846
 20
-25.95300557210169
 30
0.0
 11
-102.8429824095639
 21
-25.95096020060231
 31
0.0
  0
ARC
  5
341
330
70
100
AcDbEntity
  8
W-S-D v1_4_ANYTOOL_CUTTHROUGH_OUTSI
100
AcDbCircle
 10
96.26179285494465
 20
-28.06749999970804
 30
0.0
 40
0.0025000000001326
210
0.0
220
0.0
230
-1.0
100
AcDbArc
 50
0.0000000004885332
 51
89.99999999674312
  0
ARC
  5
342
330
70
100
AcDbEntity
  8
W-S-D v1_4_ANYTOOL_CUTTHROUGH_OUTSI
100
AcDbCircle
 10
-102.9780079260218
 20
-25.84212790477478
 30
0.0
 40
0.0600000000000364
100
AcDbArc
 50
179.9999999997218
 51
270.0000400796164
  0
ARC
  5
343
330
70
100
AcDbEntity
  8
W-S-D v1_4_ANYTOOL_CUTTHROUGH_OUTSI
100
AcDbCircle
 10
93.26679285494682
 20
-28.06749999970073
 30
0.0
 40
0.002499999999986
210
0.0
220
0.0
230
-1.0
100
AcDbArc
 50
0.000000002035555
 51
90.00000000032567
  0
LINE
  5
344
330
70
100
AcDbEntity
  8
W-S-D v1_4_ANYTOOL_CUTTHROUGH_OUTSI
100
AcDbLine
 10
-102.3587020954218
 20
-25.9122054611115
 30
0.0
 11
-102.3569955604866
 21
-25.9133863275575
 31
0.0
  0
LINE
  5
345
330
70
100
AcDbEntity
  8
W-S-D v1_4_ANYTOOL_CUTTHROUGH_OUTSI
100
AcDbLine
 10
-102.3413966916102
 20
-25.92986606548791
 30
0.0
 11
-102.3403112559252
 21
-25.9316348324092
 31
0.0
  0
LINE
  5
346
330
70
100
AcDbEntity
  8
W-S-D v1_4_ANYTOOL_CUTTHROUGH_OUTSI
100
AcDbLine
 10
-102.400662226575
 20
-24.59470701772911
 30
0.0
 11
-102.4073155186973
 21
-24.5882845300173
 31
0.0
  0
LINE
  5
347
330
70
100
AcDbEntity
  8
W-S-D v1_4_ANYTOOL_CUTTHROUGH_OUTSI
100
AcDbLine
 10
-93.76429285494694
 20
-28.30499999969556
 30
0.0
 11
-93.26929285494696
 21
-28.30499999969556
 31
0.0
  0
LINE
  5
348
330
70
100
AcDbEntity
  8
W-S-D v1_4_ANYTOOL_CUTTHROUGH_OUTSI
100
AcDbLine
 10
-101.19120848141
 20
-28.30499999970804
 30
0.0
 11
-100.5192928549463
 21
-28.30499999970776
 31
0.0
  0
ARC
  5
349
330
70
100
AcDbEntity
  8
W-S-D v1_4_ANYTOOL_CUTTHROUGH_OUTSI
100
AcDbCircle
 10
-102.5880079260217
 20
-25.90212790477518
 30
0.0
 40
0.2049999999999
100
AcDbArc
 50
195.3051943809466
 51
344.6948056190736
  0
LINE
  5
34A
330
70
100
AcDbEntity
  8
W-S-D v1_4_ANYTOOL_CUTTHROUGH_OUTSI
100
AcDbLine
 10
-102.8394162951871
 20
-25.9390528920661
 30
0.0
 11
-102.8385851744283
 21
-25.9371513281485
 31
0.0
  0
LINE
  5
34B
330
70
100
AcDbEntity
  8
W-S-D v1_4_ANYTOOL_CUTTHROUGH_OUTSI
100
AcDbLine
 10
-97.8423772284797
 20
-28.30499999970848
 30
0.0
 11
-97.84472716856903
 21
-28.29105129770534
 31
0.0
  0
LINE
  5
34C
330
70
100
AcDbEntity
  8
W-S-D v1_4_ANYTOOL_CUTTHROUGH_OUTSI
100
AcDbLine
 10
-102.5741424371321
 20
-24.5174908925912
 30
0.0
 11
-102.5833842195884
 21
-24.51716824494281
 31
0.0
  0
LINE
  5
34D
330
70
100
AcDbEntity
  8
W-S-D v1_4_ANYTOOL_CUTTHROUGH_OUTSI
100
AcDbLine
 10
-102.1380079260218
 20
-25.84212790477481
 30
0.0
 11
-102.3070004106203
 21
-25.35929223449372
 31
0.0
  0
LINE
  5
34E
330
70
100
AcDbEntity
  8
W-S-D v1_4_ANYTOOL_CUTTHROUGH_OUTSI
100
AcDbLine
 10
-102.3437477494718
 20
-25.926446386705
 30
0.0
 11
-102.3425426464305
 21
-25.92813589364731
 31
0.0
  0
LINE
  5
34F
330
70
100
AcDbEntity
  8
W-S-D v1_4_ANYTOOL_CUTTHROUGH_OUTSI
100
AcDbLine
 10
-102.8296862875424
 20
-25.92319740112911
 30
0.0
 11
-102.8283126642128
 21
-25.9216418092813
 31
0.0
  0
LINE
  5
350
330
70
100
AcDbEntity
  8
W-S-D v1_4_ANYTOOL_CUTTHROUGH_OUTSI
100
AcDbLine
 10
-102.3506076517057
 20
-25.9186777300709
 30
0.0
 11
-102.3491297857729
 21
-25.92013465125381
 31
0.0
  0
LINE
  5
351
330
70
100
AcDbEntity
  8
W-S-D v1_4_ANYTOOL_CUTTHROUGH_OUTSI
100
AcDbLine
 10
-102.3537100563556
 20
-24.76833430179099
 30
0.0
 11
-102.3521350176329
 21
-24.766983020891
 31
0.0
  0
LINE
  5
352
330
70
100
AcDbEntity
  8
W-S-D v1_4_ANYTOOL_CUTTHROUGH_OUTSI
100
AcDbLine
 10
-102.8942928549449
 20
-28.30499999970827
 30
0.0
 11
-102.8942928549448
 21
-28.06749999970799
 31
0.0
  0
LINE
  5
353
330
70
100
AcDbEntity
  8
W-S-D v1_4_ANYTOOL_CUTTHROUGH_OUTSI
100
AcDbLine
 10
-102.3837099716944
 20
-24.78155453544921
 30
0.0
 11
-102.3816597995992
 21
-24.7812328190709
 31
0.0
  0
LINE
  5
354
330
70
100
AcDbEntity
  8
W-S-D v1_4_ANYTOOL_CUTTHROUGH_OUTSI
100
AcDbLine
 10
-95.90645702876885
 20
-27.76330582588353
 30
0.0
 11
-95.88526877429217
 21
-27.74938823089137
 31
0.0
  0
LINE
  5
355
330
70
100
AcDbEntity
  8
W-S-D v1_4_ANYTOOL_CUTTHROUGH_OUTSI
100
AcDbLine
 10
-102.5833842195884
 20
-26.1670875646067
 30
0.0
 11
-102.5926316324414
 21
-26.1670875646067
 31
0.0
  0
LINE
  5
356
330
70
100
AcDbEntity
  8
W-S-D v1_4_ANYTOOL_CUTTHROUGH_OUTSI
100
AcDbLine
 10
-102.8440247722349
 20
-25.96127154215509
 30
0.0
 11
-102.8439592714997
 21
-25.959197315383
 31
0.0
  0
LINE
  5
357
330
70
100
AcDbEntity
  8
W-S-D v1_4_ANYTOOL_CUTTHROUGH_OUTSI
100
AcDbLine
 10
-102.4760408564926
 20
-26.142311949503
 30
0.0
 11
-102.4844891909063
 21
-26.146072307213
 31
0.0
  0
LINE
  5
358
330
70
100
AcDbEntity
  8
W-S-D v1_4_ANYTOOL_CUTTHROUGH_OUTSI
100
AcDbLine
 10
-102.7753536254548
 20
-24.59470701772911
 30
0.0
 11
-102.7817787822852
 21
-24.60135773229071
 31
0.0
  0
LINE
  5
359
330
70
100
AcDbEntity
  8
W-S-D v1_4_ANYTOOL_CUTTHROUGH_OUTSI
100
AcDbLine
 10
-102.3351370042876
 20
-24.74131928309411
 30
0.0
 11
-102.3345073221537
 21
-24.73934185864331
 31
0.0
  0
LINE
  5
35A
330
70
100
AcDbEntity
  8
W-S-D v1_4_ANYTOOL_CUTTHROUGH_OUTSI
100
AcDbLine
 10
-102.6654672203469
 20
-24.5287012729441
 30
0.0
 11
-102.6742622618946
 21
-24.53155817487621
 31
0.0
  0
LINE
  5
35B
330
70
100
AcDbEntity
  8
W-S-D v1_4_ANYTOOL_CUTTHROUGH_OUTSI
100
AcDbLine
 10
-102.3521350176329
 20
-24.766983020891
 30
0.0
 11
-102.3506076517057
 21
-24.76557807947859
 31
0.0
  0
LINE
  5
35C
330
70
100
AcDbEntity
  8
W-S-D v1_4_ANYTOOL_CUTTHROUGH_OUTSI
100
AcDbLine
 10
-102.3622325257709
 20
-25.9100242372357
 30
0.0
 11
-102.3604484469076
 21
-25.91108431726001
 31
0.0
  0
LINE
  5
35D
330
70
100
AcDbEntity
  8
W-S-D v1_4_ANYTOOL_CUTTHROUGH_OUTSI
100
AcDbLine
 10
-102.4677288670292
 20
-24.545996695552
 30
0.0
 11
-102.4760408564926
 21
-24.54194386004641
 31
0.0
  0
LINE
  5
35E
330
70
100
AcDbEntity
  8
W-S-D v1_4_ANYTOOL_CUTTHROUGH_OUTSI
100
AcDbLine
 10
-102.5741424371321
 20
-26.1667649169582
 30
0.0
 11
-102.5833842195884
 21
-26.1670875646067
 31
0.0
  0
LINE
  5
35F
330
70
100
AcDbEntity
  8
W-S-D v1_4_ANYTOOL_CUTTHROUGH_OUTSI
100
AcDbLine
 10
-102.820684968387
 20
-25.91462550391851
 30
0.0
 11
-102.8190202915432
 21
-25.9133863275574
 31
0.0
  0
LINE
  5
360
330
70
100
AcDbEntity
  8
W-S-D v1_4_ANYTOOL_CUTTHROUGH_OUTSI
100
AcDbLine
 10
-102.7082869850006
 20
-24.545996695552
 30
0.0
 11
-102.7164525078074
 21
-24.55033707361941
 31
0.0
  0
LINE
  5
361
330
70
100
AcDbEntity
  8
W-S-D v1_4_ANYTOOL_CUTTHROUGH_OUTSI
100
AcDbLine
 10
-102.400662226575
 20
-26.08954879182031
 30
0.0
 11
-102.4073155186973
 21
-26.0959712795322
 31
0.0
  0
LINE
  5
362
330
70
100
AcDbEntity
  8
W-S-D v1_4_ANYTOOL_CUTTHROUGH_OUTSI
100
AcDbLine
 10
-102.38577004323
 20
-24.7818051593028
 30
0.0
 11
-102.3837099716944
 21
-24.78155453544921
 31
0.0
  0
LINE
  5
363
330
70
100
AcDbEntity
  8
W-S-D v1_4_ANYTOOL_CUTTHROUGH_OUTSI
100
AcDbLine
 10
-102.3463295644873
 20
-25.92319740112911
 30
0.0
 11
-102.3450105590603
 21
-25.92479956583091
 31
0.0
  0
LINE
  5
364
330
70
100
AcDbEntity
  8
W-S-D v1_4_ANYTOOL_CUTTHROUGH_OUTSI
100
AcDbLine
 10
-102.3942370697447
 20
-24.60135773229071
 30
0.0
 11
-102.400662226575
 21
-24.59470701772911
 31
0.0
  0
LINE
  5
365
330
70
100
AcDbEntity
  8
W-S-D v1_4_ANYTOOL_CUTTHROUGH_OUTSI
100
AcDbLine
 10
-102.832268102558
 20
-25.926446386705
 30
0.0
 11
-102.8310052929695
 21
-25.92479956583091
 31
0.0
  0
LINE
  5
366
330
70
100
AcDbEntity
  8
W-S-D v1_4_ANYTOOL_CUTTHROUGH_OUTSI
100
AcDbLine
 10
-102.6999749955372
 20
-24.54194386004641
 30
0.0
 11
-102.7082869850006
 21
-24.545996695552
 31
0.0
  0
LINE
  5
367
330
70
100
AcDbEntity
  8
W-S-D v1_4_ANYTOOL_CUTTHROUGH_OUTSI
100
AcDbLine
 10
-102.4595633442226
 20
-26.13391873593
 30
0.0
 11
-102.4677288670292
 21
-26.13825911399741
 31
0.0
  0
LINE
  5
368
330
70
100
AcDbEntity
  8
W-S-D v1_4_ANYTOOL_CUTTHROUGH_OUTSI
100
AcDbLine
 10
-102.3339464009596
 20
-25.9469119685394
 30
0.0
 11
-102.3334549117396
 21
-25.94892818911141
 31
0.0
  0
LINE
  5
369
330
70
100
AcDbEntity
  8
W-S-D v1_4_ANYTOOL_CUTTHROUGH_OUTSI
100
AcDbLine
 10
-102.4930635825338
 20
-24.5347202014986
 30
0.0
 11
-102.5017535901352
 21
-24.53155817487621
 31
0.0
  0
LINE
  5
36A
330
70
100
AcDbEntity
  8
W-S-D v1_4_ANYTOOL_CUTTHROUGH_OUTSI
100
AcDbLine
 10
-102.3450105590603
 20
-25.92479956583091
 30
0.0
 11
-102.3437477494718
 21
-25.926446386705
 31
0.0
  0
LINE
  5
36B
330
70
100
AcDbEntity
  8
W-S-D v1_4_ANYTOOL_CUTTHROUGH_OUTSI
100
AcDbLine
 10
-102.4360440450492
 20
-26.11922691186909
 30
0.0
 11
-102.4437112815165
 21
-26.1243968373452
 31
0.0
  0
LINE
  5
36C
330
70
100
AcDbEntity
  8
W-S-D v1_4_ANYTOOL_CUTTHROUGH_OUTSI
100
AcDbLine
 10
-102.4595633442226
 20
-24.55033707361941
 30
0.0
 11
-102.4677288670292
 21
-24.545996695552
 31
0.0
  0
LINE
  5
36D
330
70
100
AcDbEntity
  8
W-S-D v1_4_ANYTOOL_CUTTHROUGH_OUTSI
100
AcDbLine
 10
-102.7943560524306
 20
-24.78123281907081
 30
0.0
 11
-102.7923058803354
 21
-24.78155453544921
 31
0.0
  0
LINE
  5
36E
330
70
100
AcDbEntity
  8
W-S-D v1_4_ANYTOOL_CUTTHROUGH_OUTSI
100
AcDbLine
 10
-102.3463295644873
 20
-24.76105840842041
 30
0.0
 11
-102.3450105590603
 21
-24.7594562437187
 31
0.0
  0
LINE
  5
36F
330
70
100
AcDbEntity
  8
W-S-D v1_4_ANYTOOL_CUTTHROUGH_OUTSI
100
AcDbLine
 10
-102.4437112815165
 20
-26.1243968373452
 30
0.0
 11
-102.451554231423
 21
-26.12929610068181
 31
0.0
  0
LINE
  5
370
330
70
100
AcDbEntity
  8
W-S-D v1_4_ANYTOOL_CUTTHROUGH_OUTSI
100
AcDbLine
 10
-102.3569955604866
 20
-25.9133863275575
 30
0.0
 11
-102.3553308836426
 21
-25.91462550391851
 31
0.0
  0
LINE
  5
371
330
70
100
AcDbEntity
  8
W-S-D v1_4_ANYTOOL_CUTTHROUGH_OUTSI
100
AcDbLine
 10
-102.3351370042876
 20
-25.9429365264555
 30
0.0
 11
-102.3345073221537
 21
-25.9449139509063
 31
0.0
  0
LINE
  5
372
330
70
100
AcDbEntity
  8
W-S-D v1_4_ANYTOOL_CUTTHROUGH_OUTSI
100
AcDbLine
 10
-102.3569955604866
 20
-24.77086948199211
 30
0.0
 11
-102.3553308836426
 21
-24.76963030563111
 31
0.0
  0
LINE
  5
373
330
70
100
AcDbEntity
  8
W-S-D v1_4_ANYTOOL_CUTTHROUGH_OUTSI
100
AcDbLine
 10
-102.6294525569953
 20
-24.5203888313403
 30
0.0
 11
-102.6385595524511
 21
-24.52199422171141
 31
0.0
  0
LINE
  5
374
330
70
100
AcDbEntity
  8
W-S-D v1_4_ANYTOOL_CUTTHROUGH_OUTSI
100
AcDbLine
 10
-102.3320565805299
 20
-25.9591973153831
 30
0.0
 11
-102.3319910797949
 21
-25.96127154215509
 31
0.0
  0
LINE
  5
375
330
70
100
AcDbEntity
  8
W-S-D v1_4_ANYTOOL_CUTTHROUGH_OUTSI
100
AcDbLine
 10
-102.5926316324414
 20
-24.51716824494281
 30
0.0
 11
-102.6018734148977
 21
-24.5174908925912
 31
0.0
  0
LINE
  5
376
330
70
100
AcDbEntity
  8
W-S-D v1_4_ANYTOOL_CUTTHROUGH_OUTSI
100
AcDbLine
 10
-102.4141888442404
 20
-26.102157719579
 30
0.0
 11
-102.4212738333929
 21
-26.10810057858632
 31
0.0
  0
LINE
  5
377
330
70
100
AcDbEntity
  8
W-S-D v1_4_ANYTOOL_CUTTHROUGH_OUTSI
100
AcDbLine
 10
-102.7984169025314
 20
-24.78037773281482
 30
0.0
 11
-102.7963938724491
 21
-24.78084039503941
 31
0.0
  0
LINE
  5
378
330
70
100
AcDbEntity
  8
W-S-D v1_4_ANYTOOL_CUTTHROUGH_OUTSI
100
AcDbLine
 10
-102.6829522694961
 20
-24.5347202014986
 30
0.0
 11
-102.6915266611235
 21
-24.53818350233639
 31
0.0
  0
LINE
  5
379
330
70
100
AcDbEntity
  8
W-S-D v1_4_ANYTOOL_CUTTHROUGH_OUTSI
100
AcDbLine
 10
-102.6476049899948
 20
-24.5239163830249
 30
0.0
 11
-102.6565778547834
 21
-24.52615297461931
 31
0.0
  0
LINE
  5
37A
330
70
100
AcDbEntity
  8
W-S-D v1_4_ANYTOOL_CUTTHROUGH_OUTSI
100
AcDbLine
 10
-102.7861058342176
 20
-24.78209201555001
 30
0.0
 11
-102.7840308838539
 21
-24.78212790477541
 31
0.0
  0
LINE
  5
37B
330
70
100
AcDbEntity
  8
W-S-D v1_4_ANYTOOL_CUTTHROUGH_OUTSI
100
AcDbLine
 10
-102.3358346940676
 20
-25.94098206079482
 30
0.0
 11
-102.3351370042876
 21
-25.9429365264555
 31
0.0
  0
LINE
  5
37C
330
70
100
AcDbEntity
  8
W-S-D v1_4_ANYTOOL_CUTTHROUGH_OUTSI
100
AcDbLine
 10
-102.8566475363285
 20
-24.78212790477481
 30
0.0
 11
-102.9780078840505
 21
-24.78212790477481
 31
0.0
  0
LINE
  5
37D
330
70
100
AcDbEntity
  8
W-S-D v1_4_ANYTOOL_CUTTHROUGH_OUTSI
100
AcDbLine
 10
-102.3775989494982
 20
-24.78037773281482
 30
0.0
 11
-102.3755931295181
 21
-24.77984538588331
 31
0.0
  0
LINE
  5
37E
330
70
100
AcDbEntity
  8
W-S-D v1_4_ANYTOOL_CUTTHROUGH_OUTSI
100
AcDbLine
 10
-102.787967979758
 20
-24.60822857496951
 30
0.0
 11
-102.7939136811411
 21
-24.61531117897781
 31
0.0
  0
LINE
  5
37F
330
70
100
AcDbEntity
  8
W-S-D v1_4_ANYTOOL_CUTTHROUGH_OUTSI
100
AcDbLine
 10
-102.3878375497272
 20
-24.7819843908085
 30
0.0
 11
-102.38577004323
 21
-24.7818051593028
 31
0.0
  0
LINE
  5
380
330
70
100
AcDbEntity
  8
W-S-D v1_4_ANYTOOL_CUTTHROUGH_OUTSI
100
AcDbLine
 10
-102.5017535901352
 20
-24.53155817487621
 30
0.0
 11
-102.5105486316829
 21
-24.5287012729441
 31
0.0
  0
LINE
  5
381
330
70
100
AcDbEntity
  8
W-S-D v1_4_ANYTOOL_CUTTHROUGH_OUTSI
100
AcDbLine
 10
-102.3330334424658
 20
-25.95096020060231
 30
0.0
 11
-102.3326824973452
 21
-25.95300557210169
 31
0.0
  0
LINE
  5
382
330
70
100
AcDbEntity
  8
W-S-D v1_4_ANYTOOL_CUTTHROUGH_OUTSI
100
AcDbLine
 10
-102.841508529876
 20
-25.94491395090621
 30
0.0
 11
-102.8408788477422
 21
-25.9429365264555
 31
0.0
  0
LINE
  5
383
330
70
100
AcDbEntity
  8
W-S-D v1_4_ANYTOOL_CUTTHROUGH_OUTSI
100
AcDbLine
 10
-102.4073155186973
 20
-26.0959712795322
 30
0.0
 11
-102.4141888442404
 21
-26.102157719579
 31
0.0
  0
LINE
  5
384
330
70
100
AcDbEntity
  8
W-S-D v1_4_ANYTOOL_CUTTHROUGH_OUTSI
100
AcDbLine
 10
-102.3403112559252
 20
-25.9316348324092
 30
0.0
 11
-102.3392876378905
 21
-25.9334400784221
 31
0.0
  0
LINE
  5
385
330
70
100
AcDbEntity
  8
W-S-D v1_4_ANYTOOL_CUTTHROUGH_OUTSI
100
AcDbLine
 10
-102.3697028058277
 20
-24.77783701750489
 30
0.0
 11
-102.3677895732582
 21
-24.77703312187541
 31
0.0
  0
LINE
  5
386
330
70
100
AcDbEntity
  8
W-S-D v1_4_ANYTOOL_CUTTHROUGH_OUTSI
100
AcDbLine
 10
-102.5465632950345
 20
-26.1638669782091
 30
0.0
 11
-102.5557207585982
 21
-26.16515364271611
 31
0.0
  0
LINE
  5
387
330
70
100
AcDbEntity
  8
W-S-D v1_4_ANYTOOL_CUTTHROUGH_OUTSI
100
AcDbLine
 10
-102.8408788477422
 20
-25.9429365264555
 30
0.0
 11
-102.840181157962
 21
-25.94098206079482
 31
0.0
  0
LINE
  5
388
330
70
100
AcDbEntity
  8
W-S-D v1_4_ANYTOOL_CUTTHROUGH_OUTSI
100
AcDbLine
 10
-102.3942370697447
 20
-26.08289807725871
 30
0.0
 11
-102.400662226575
 21
-26.08954879182031
 31
0.0
  0
LINE
  5
389
330
70
100
AcDbEntity
  8
W-S-D v1_4_ANYTOOL_CUTTHROUGH_OUTSI
100
AcDbLine
 10
-102.4360440450492
 20
-24.56502889768031
 30
0.0
 11
-102.4437112815165
 21
-24.5598589722042
 31
0.0
  0
LINE
  5
38A
330
70
100
AcDbEntity
  8
W-S-D v1_4_ANYTOOL_CUTTHROUGH_OUTSI
100
AcDbLine
 10
-102.3899100178122
 20
-24.7820920155501
 30
0.0
 11
-102.3878375497272
 21
-24.7819843908085
 31
0.0
  0
LINE
  5
38B
330
70
100
AcDbEntity
  8
W-S-D v1_4_ANYTOOL_CUTTHROUGH_OUTSI
100
AcDbLine
 10
-102.528410862035
 20
-24.5239163830249
 30
0.0
 11
-102.5374562995787
 21
-24.52199422171141
 31
0.0
  0
LINE
  5
38C
330
70
100
AcDbEntity
  8
W-S-D v1_4_ANYTOOL_CUTTHROUGH_OUTSI
100
AcDbLine
 10
-102.3677895732582
 20
-24.77703312187541
 30
0.0
 11
-102.3659052858215
 21
-24.7761635427221
 31
0.0
  0
LINE
  5
38D
330
70
100
AcDbEntity
  8
W-S-D v1_4_ANYTOOL_CUTTHROUGH_OUTSI
100
AcDbLine
 10
-102.4930635825338
 20
-26.1495356080508
 30
0.0
 11
-102.5017535901352
 21
-26.1526976346732
 31
0.0
  0
LINE
  5
38E
330
70
100
AcDbEntity
  8
W-S-D v1_4_ANYTOOL_CUTTHROUGH_OUTSI
100
AcDbLine
 10
-102.3358346940676
 20
-24.74327374875471
 30
0.0
 11
-102.3351370042876
 21
-24.74131928309411
 31
0.0
  0
LINE
  5
38F
330
70
100
AcDbEntity
  8
W-S-D v1_4_ANYTOOL_CUTTHROUGH_OUTSI
100
AcDbLine
 10
-102.4073155186973
 20
-24.5882845300173
 30
0.0
 11
-102.4141888442404
 21
-24.58209808997041
 31
0.0
  0
LINE
  5
390
330
70
100
AcDbEntity
  8
W-S-D v1_4_ANYTOOL_CUTTHROUGH_OUTSI
100
AcDbLine
 10
-102.8367282141393
 20
-25.9334400784221
 30
0.0
 11
-102.8357045961046
 21
-25.9316348324092
 31
0.0
  0
LINE
  5
391
330
70
100
AcDbEntity
  8
W-S-D v1_4_ANYTOOL_CUTTHROUGH_OUTSI
100
AcDbLine
 10
-102.7881783023026
 20
-24.7819843908084
 30
0.0
 11
-102.7861058342176
 21
-24.78209201555001
 31
0.0
  0
LINE
  5
392
330
70
100
AcDbEntity
  8
W-S-D v1_4_ANYTOOL_CUTTHROUGH_OUTSI
100
AcDbLine
 10
-102.4141888442404
 20
-24.58209808997041
 30
0.0
 11
-102.4212738333929
 21
-24.57615523096311
 31
0.0
  0
LINE
  5
393
330
70
100
AcDbEntity
  8
W-S-D v1_4_ANYTOOL_CUTTHROUGH_OUTSI
100
AcDbLine
 10
-102.3403112559252
 20
-24.75262097714031
 30
0.0
 11
-102.3392876378905
 21
-24.75081573112742
 31
0.0
  0
LINE
  5
394
330
70
100
AcDbEntity
  8
W-S-D v1_4_ANYTOOL_CUTTHROUGH_OUTSI
100
AcDbLine
 10
-102.3326824973452
 20
-25.95300557210169
 30
0.0
 11
-102.3324024962158
 21
-25.9550618567162
 31
0.0
  0
LINE
  5
395
330
70
100
AcDbEntity
  8
W-S-D v1_4_ANYTOOL_CUTTHROUGH_OUTSI
100
AcDbLine
 10
-102.5105486316829
 20
-26.15555453660531
 30
0.0
 11
-102.5194379972464
 21
-26.15810283493022
 31
0.0
  0
LINE
  5
396
330
70
100
AcDbEntity
  8
W-S-D v1_4_ANYTOOL_CUTTHROUGH_OUTSI
100
AcDbLine
 10
-102.3764072058167
 20
-24.62259691966101
 30
0.0
 11
-102.3821021708889
 21
-24.61531117897781
 31
0.0
  0
LINE
  5
397
330
70
100
AcDbEntity
  8
W-S-D v1_4_ANYTOOL_CUTTHROUGH_OUTSI
100
AcDbLine
 10
-102.3553308836426
 20
-25.91462550391851
 30
0.0
 11
-102.3537100563556
 21
-25.91592150775861
 31
0.0
  0
LINE
  5
398
330
70
100
AcDbEntity
  8
W-S-D v1_4_ANYTOOL_CUTTHROUGH_OUTSI
100
AcDbLine
 10
-102.3764072058167
 20
-26.06165888988841
 30
0.0
 11
-102.3821021708889
 21
-26.06894463057161
 31
0.0
  0
LINE
  5
399
330
70
100
AcDbEntity
  8
W-S-D v1_4_ANYTOOL_CUTTHROUGH_OUTSI
100
AcDbLine
 10
-102.7923058803354
 20
-25.90270127410031
 30
0.0
 11
-102.7902458087996
 21
-25.9024506502467
 31
0.0
  0
LINE
  5
39A
330
70
100
AcDbEntity
  8
W-S-D v1_4_ANYTOOL_CUTTHROUGH_OUTSI
100
AcDbLine
 10
-102.4285618585963
 20
-26.1137926197941
 30
0.0
 11
-102.4360440450492
 21
-26.11922691186909
 31
0.0
  0
LINE
  5
39B
330
70
100
AcDbEntity
  8
W-S-D v1_4_ANYTOOL_CUTTHROUGH_OUTSI
100
AcDbLine
 10
-102.7963938724491
 20
-24.78084039503941
 30
0.0
 11
-102.7943560524306
 21
-24.78123281907081
 31
0.0
  0
ARC
  5
39C
330
70
100
AcDbEntity
  8
W-S-D v1_4_ANYTOOL_CUTTHROUGH_OUTSI
100
AcDbCircle
 10
102.2495079260221
 20
-25.34212790477474
 30
0.0
 40
0.0599999999997671
210
0.0
220
0.0
230
-1.0
100
AcDbArc
 50
343.3770524835904
 51
16.62294751628419
  0
LINE
  5
39D
330
70
100
AcDbEntity
  8
W-S-D v1_4_ANYTOOL_CUTTHROUGH_OUTSI
100
AcDbLine
 10
-102.3537100563556
 20
-25.91592150775861
 30
0.0
 11
-102.3521350176329
 21
-25.9172727886585
 31
0.0
  0
LINE
  5
39E
330
70
100
AcDbEntity
  8
W-S-D v1_4_ANYTOOL_CUTTHROUGH_OUTSI
100
AcDbLine
 10
-102.7547420186369
 20
-24.57615523096311
 30
0.0
 11
-102.7618270077893
 21
-24.58209808997041
 31
0.0
  0
LINE
  5
39F
330
70
100
AcDbEntity
  8
W-S-D v1_4_ANYTOOL_CUTTHROUGH_OUTSI
100
AcDbLine
 10
-102.5649175390099
 20
-26.16612001455711
 30
0.0
 11
-102.5741424371321
 21
-26.1667649169582
 31
0.0
  0
LINE
  5
3A0
330
70
100
AcDbEntity
  8
W-S-D v1_4_ANYTOOL_CUTTHROUGH_OUTSI
100
AcDbLine
 10
-102.8004227225115
 20
-24.7798453858832
 30
0.0
 11
-102.7984169025314
 21
-24.78037773281482
 31
0.0
  0
LINE
  5
3A1
330
70
100
AcDbEntity
  8
W-S-D v1_4_ANYTOOL_CUTTHROUGH_OUTSI
100
AcDbLine
 10
-102.5194379972464
 20
-26.15810283493022
 30
0.0
 11
-102.528410862035
 21
-26.16033942652461
 31
0.0
  0
LINE
  5
3A2
330
70
100
AcDbEntity
  8
W-S-D v1_4_ANYTOOL_CUTTHROUGH_OUTSI
100
AcDbLine
 10
-102.3659052858215
 20
-24.7761635427221
 30
0.0
 11
-102.3640521977045
 21
-24.7752293203292
 31
0.0
  0
LINE
  5
3A3
330
70
100
AcDbEntity
  8
W-S-D v1_4_ANYTOOL_CUTTHROUGH_OUTSI
100
AcDbLine
 10
-102.3334549117396
 20
-25.94892818911141
 30
0.0
 11
-102.3330334424658
 21
-25.95096020060231
 31
0.0
  0
LINE
  5
3A4
330
70
100
AcDbEntity
  8
W-S-D v1_4_ANYTOOL_CUTTHROUGH_OUTSI
100
AcDbLine
 10
-102.6018734148977
 20
-24.5174908925912
 30
0.0
 11
-102.6110983130199
 21
-24.51813579499231
 31
0.0
  0
LINE
  5
3A5
330
70
100
AcDbEntity
  8
W-S-D v1_4_ANYTOOL_CUTTHROUGH_OUTSI
100
AcDbLine
 10
-102.7687003333326
 20
-24.5882845300173
 30
0.0
 11
-102.7753536254548
 21
-24.59470701772911
 31
0.0
  0
LINE
  5
3A6
330
70
100
AcDbEntity
  8
W-S-D v1_4_ANYTOOL_CUTTHROUGH_OUTSI
100
AcDbLine
 10
-102.5649175390099
 20
-24.51813579499231
 30
0.0
 11
-102.5741424371321
 21
-24.5174908925912
 31
0.0
  0
LINE
  5
3A7
330
70
100
AcDbEntity
  8
W-S-D v1_4_ANYTOOL_CUTTHROUGH_OUTSI
100
AcDbLine
 10
-102.5557207585982
 20
-26.16515364271611
 30
0.0
 11
-102.5649175390099
 21
-26.16612001455711
 31
0.0
  0
LINE
  5
3A8
330
70
100
AcDbEntity
  8
W-S-D v1_4_ANYTOOL_CUTTHROUGH_OUTSI
100
AcDbLine
 10
-102.3324024962158
 20
-25.9550618567162
 30
0.0
 11
-102.3321937740455
 21
-25.95712659449711
 31
0.0
  0
LINE
  5
3A9
330
70
100
AcDbEntity
  8
W-S-D v1_4_ANYTOOL_CUTTHROUGH_OUTSI
100
AcDbLine
 10
-102.4212738333929
 20
-26.10810057858632
 30
0.0
 11
-102.4285618585963
 21
-26.1137926197941
 31
0.0
  0
LINE
  5
3AA
330
70
100
AcDbEntity
  8
W-S-D v1_4_ANYTOOL_CUTTHROUGH_OUTSI
100
AcDbLine
 10
-103.0380079260218
 20
-24.84212790477501
 30
0.0
 11
-102.8690154414233
 21
-25.3249635750565
 31
0.0
  0
LINE
  5
3AB
330
70
100
AcDbEntity
  8
W-S-D v1_4_ANYTOOL_CUTTHROUGH_OUTSI
100
AcDbLine
 10
-102.3392876378905
 20
-25.9334400784221
 30
0.0
 11
-102.3383270620679
 21
-25.9352796438972
 31
0.0
  0
LINE
  5
3AC
330
70
100
AcDbEntity
  8
W-S-D v1_4_ANYTOOL_CUTTHROUGH_OUTSI
100
AcDbLine
 10
-102.6915266611235
 20
-24.53818350233639
 30
0.0
 11
-102.6999749955372
 21
-24.54194386004641
 31
0.0
  0
LINE
  5
3AD
330
70
100
AcDbEntity
  8
W-S-D v1_4_ANYTOOL_CUTTHROUGH_OUTSI
100
AcDbLine
 10
-102.5465632950345
 20
-24.5203888313403
 30
0.0
 11
-102.5557207585982
 21
-24.51910216683331
 31
0.0
  0
LINE
  5
3AE
330
70
100
AcDbEntity
  8
W-S-D v1_4_ANYTOOL_CUTTHROUGH_OUTSI
100
AcDbLine
 10
-102.7923058803354
 20
-24.78155453544921
 30
0.0
 11
-102.7902458087996
 21
-24.7818051593028
 31
0.0
  0
LINE
  5
3AF
330
70
100
AcDbEntity
  8
W-S-D v1_4_ANYTOOL_CUTTHROUGH_OUTSI
100
AcDbLine
 10
-102.3365995568427
 20
-24.7452029174834
 30
0.0
 11
-102.3358346940676
 21
-24.74327374875471
 31
0.0
  0
LINE
  5
3B0
330
70
100
AcDbEntity
  8
W-S-D v1_4_ANYTOOL_CUTTHROUGH_OUTSI
100
AcDbLine
 10
-102.3477031878168
 20
-25.9216418092813
 30
0.0
 11
-102.3463295644873
 21
-25.92319740112911
 31
0.0
  0
LINE
  5
3B1
330
70
100
AcDbEntity
  8
W-S-D v1_4_ANYTOOL_CUTTHROUGH_OUTSI
100
AcDbLine
 10
-102.3880478722718
 20
-24.60822857496951
 30
0.0
 11
-102.3942370697447
 21
-24.60135773229071
 31
0.0
  0
LINE
  5
3B2
330
70
100
AcDbEntity
  8
W-S-D v1_4_ANYTOOL_CUTTHROUGH_OUTSI
100
AcDbLine
 10
-102.3477031878168
 20
-24.76261400026821
 30
0.0
 11
-102.3463295644873
 21
-24.76105840842041
 31
0.0
  0
LINE
  5
3B3
330
70
100
AcDbEntity
  8
W-S-D v1_4_ANYTOOL_CUTTHROUGH_OUTSI
100
AcDbLine
 10
-102.5017535901352
 20
-26.1526976346732
 30
0.0
 11
-102.5105486316829
 21
-26.15555453660531
 31
0.0
  0
LINE
  5
3B4
330
70
100
AcDbEntity
  8
W-S-D v1_4_ANYTOOL_CUTTHROUGH_OUTSI
100
AcDbLine
 10
-102.4844891909063
 20
-24.53818350233651
 30
0.0
 11
-102.4930635825338
 21
-24.5347202014986
 31
0.0
  0
LINE
  5
3B5
330
70
100
AcDbEntity
  8
W-S-D v1_4_ANYTOOL_CUTTHROUGH_OUTSI
100
AcDbLine
 10
-102.3413966916102
 20
-24.7543897440617
 30
0.0
 11
-102.3403112559252
 21
-24.75262097714031
 31
0.0
  0
LINE
  5
3B6
330
70
100
AcDbEntity
  8
W-S-D v1_4_ANYTOOL_CUTTHROUGH_OUTSI
100
AcDbLine
 10
-102.7881783023026
 20
-25.902271418741
 30
0.0
 11
-102.7861058342176
 21
-25.90216379399941
 31
0.0
  0
LINE
  5
3B7
330
70
100
AcDbEntity
  8
W-S-D v1_4_ANYTOOL_CUTTHROUGH_OUTSI
100
AcDbLine
 10
-102.3345073221537
 20
-24.73934185864331
 30
0.0
 11
-102.3339464009596
 21
-24.73734384101021
 31
0.0
  0
LINE
  5
3B8
330
70
100
AcDbEntity
  8
W-S-D v1_4_ANYTOOL_CUTTHROUGH_OUTSI
100
AcDbLine
 10
-102.8425609402902
 20
-25.9489281891113
 30
0.0
 11
-102.8420694510702
 21
-25.9469119685394
 31
0.0
  0
LINE
  5
3B9
330
70
100
AcDbEntity
  8
W-S-D v1_4_ANYTOOL_CUTTHROUGH_OUTSI
100
AcDbLine
 10
-102.3821021708889
 20
-24.61531117897781
 30
0.0
 11
-102.3880478722718
 21
-24.60822857496951
 31
0.0
  0
LINE
  5
3BA
330
70
100
AcDbEntity
  8
W-S-D v1_4_ANYTOOL_CUTTHROUGH_OUTSI
100
AcDbLine
 10
-102.3320565805299
 20
-24.7250584941665
 30
0.0
 11
-102.3319910797949
 21
-24.72298426739441
 31
0.0
  0
LINE
  5
3BB
330
70
100
AcDbEntity
  8
W-S-D v1_4_ANYTOOL_CUTTHROUGH_OUTSI
100
AcDbLine
 10
-102.3821021708889
 20
-26.06894463057161
 30
0.0
 11
-102.3880478722718
 21
-26.0760272345799
 31
0.0
  0
LINE
  5
3BC
330
70
100
AcDbEntity
  8
W-S-D v1_4_ANYTOOL_CUTTHROUGH_OUTSI
100
AcDbLine
 10
-102.3070004106203
 20
-25.3249635750559
 30
0.0
 11
-102.1380079260218
 21
-24.84212790477481
 31
0.0
  0
LINE
  5
3BD
330
70
100
AcDbEntity
  8
W-S-D v1_4_ANYTOOL_CUTTHROUGH_OUTSI
100
AcDbLine
 10
-102.8190202915432
 20
-25.9133863275574
 30
0.0
 11
-102.8173137566079
 21
-25.9122054611115
 31
0.0
  0
LINE
  5
3BE
330
70
100
AcDbEntity
  8
W-S-D v1_4_ANYTOOL_CUTTHROUGH_OUTSI
100
AcDbLine
 10
-102.4285618585963
 20
-24.5704631897553
 30
0.0
 11
-102.4360440450492
 21
-24.56502889768031
 31
0.0
  0
LINE
  5
3BF
330
70
100
AcDbEntity
  8
W-S-D v1_4_ANYTOOL_CUTTHROUGH_OUTSI
100
AcDbLine
 10
-102.6385595524511
 20
-24.52199422171141
 30
0.0
 11
-102.6476049899948
 21
-24.5239163830249
 31
0.0
  0
LINE
  5
3C0
330
70
100
AcDbEntity
  8
W-S-D v1_4_ANYTOOL_CUTTHROUGH_OUTSI
100
AcDbLine
 10
-102.3709699119498
 20
-26.054178884549
 30
0.0
 11
-102.3764072058167
 21
-26.06165888988841
 31
0.0
  0
LINE
  5
3C1
330
70
100
AcDbEntity
  8
W-S-D v1_4_ANYTOOL_CUTTHROUGH_OUTSI
100
AcDbLine
 10
-102.3334549117396
 20
-24.7353276204382
 30
0.0
 11
-102.3330334424658
 21
-24.73329560894721
 31
0.0
  0
LINE
  5
3C2
330
70
100
AcDbEntity
  8
W-S-D v1_4_ANYTOOL_CUTTHROUGH_OUTSI
100
AcDbLine
 10
-102.7939136811411
 20
-24.61531117897781
 30
0.0
 11
-102.799608646213
 21
-24.62259691966101
 31
0.0
  0
LINE
  5
3C3
330
70
100
AcDbEntity
  8
W-S-D v1_4_ANYTOOL_CUTTHROUGH_OUTSI
100
AcDbLine
 10
-102.8376887899619
 20
-25.9352796438972
 30
0.0
 11
-102.8367282141393
 21
-25.9334400784221
 31
0.0
  0
LINE
  5
3C4
330
70
100
AcDbEntity
  8
W-S-D v1_4_ANYTOOL_CUTTHROUGH_OUTSI
100
AcDbLine
 10
-102.451554231423
 20
-24.55495970886761
 30
0.0
 11
-102.4595633442226
 21
-24.55033707361941
 31
0.0
  0
LINE
  5
3C5
330
70
100
AcDbEntity
  8
W-S-D v1_4_ANYTOOL_CUTTHROUGH_OUTSI
100
AcDbLine
 10
-102.3521350176329
 20
-25.9172727886585
 30
0.0
 11
-102.3506076517057
 21
-25.9186777300709
 31
0.0
  0
LINE
  5
3C6
330
70
100
AcDbEntity
  8
W-S-D v1_4_ANYTOOL_CUTTHROUGH_OUTSI
100
AcDbLine
 10
-102.3321937740455
 20
-24.72712921505241
 30
0.0
 11
-102.3320565805299
 21
-24.7250584941665
 31
0.0
  0
LINE
  5
3C7
330
70
100
AcDbEntity
  8
W-S-D v1_4_ANYTOOL_CUTTHROUGH_OUTSI
100
AcDbLine
 10
-102.3425426464305
 20
-25.92813589364731
 30
0.0
 11
-102.3413966916102
 21
-25.92986606548791
 31
0.0
  0
LINE
  5
3C8
330
70
100
AcDbEntity
  8
W-S-D v1_4_ANYTOOL_CUTTHROUGH_OUTSI
100
AcDbLine
 10
-102.3321937740455
 20
-25.95712659449711
 30
0.0
 11
-102.3320565805299
 21
-25.9591973153831
 31
0.0
  0
LINE
  5
3C9
330
70
100
AcDbEntity
  8
W-S-D v1_4_ANYTOOL_CUTTHROUGH_OUTSI
100
AcDbLine
 10
-102.5374562995787
 20
-24.52199422171141
 30
0.0
 11
-102.5465632950345
 21
-24.5203888313403
 31
0.0
  0
LINE
  5
3CA
330
70
100
AcDbEntity
  8
W-S-D v1_4_ANYTOOL_CUTTHROUGH_OUTSI
100
AcDbLine
 10
-102.4760408564926
 20
-24.54194386004641
 30
0.0
 11
-102.4844891909063
 21
-24.53818350233651
 31
0.0
  0
LINE
  5
3CB
330
70
100
AcDbEntity
  8
W-S-D v1_4_ANYTOOL_CUTTHROUGH_OUTSI
100
AcDbLine
 10
-102.3330334424658
 20
-24.73329560894721
 30
0.0
 11
-102.3326824973452
 21
-24.7312502374478
 31
0.0
  0
LINE
  5
3CC
330
70
100
AcDbEntity
  8
W-S-D v1_4_ANYTOOL_CUTTHROUGH_OUTSI
100
AcDbLine
 10
-102.3657969104088
 20
-26.0465137231331
 30
0.0
 11
-102.3709699119498
 21
-26.054178884549
 31
0.0
  0
LINE
  5
3CD
330
70
100
AcDbEntity
  8
W-S-D v1_4_ANYTOOL_CUTTHROUGH_OUTSI
100
AcDbLine
 10
-102.8357045961046
 20
-25.9316348324092
 30
0.0
 11
-102.8346191604196
 21
-25.92986606548791
 31
0.0
  0
LINE
  5
3CE
330
70
100
AcDbEntity
  8
W-S-D v1_4_ANYTOOL_CUTTHROUGH_OUTSI
100
AcDbLine
 10
-102.3425426464305
 20
-24.75611991590231
 30
0.0
 11
-102.3413966916102
 21
-24.7543897440617
 31
0.0
  0
LINE
  5
3CF
330
70
100
AcDbEntity
  8
W-S-D v1_4_ANYTOOL_CUTTHROUGH_OUTSI
100
AcDbLine
 10
-102.528410862035
 20
-26.16033942652461
 30
0.0
 11
-102.5374562995787
 21
-26.162261587838
 31
0.0
  0
LINE
  5
3D0
330
70
100
AcDbEntity
  8
W-S-D v1_4_ANYTOOL_CUTTHROUGH_OUTSI
100
AcDbLine
 10
-102.3450105590603
 20
-24.7594562437187
 30
0.0
 11
-102.3437477494718
 21
-24.75780942284451
 31
0.0
  0
LINE
  5
3D1
330
70
100
AcDbEntity
  8
W-S-D v1_4_ANYTOOL_CUTTHROUGH_OUTSI
100
AcDbLine
 10
-102.3374306776015
 20
-25.93715132814861
 30
0.0
 11
-102.3365995568427
 21
-25.9390528920661
 31
0.0
  0
ARC
  5
3D2
330
70
100
AcDbEntity
  8
W-S-D v1_4_ANYTOOL_CUTTHROUGH_OUTSI
100
AcDbCircle
 10
-102.9780079260218
 20
-24.84212790477477
 30
0.0
 40
0.0599999999999786
100
AcDbArc
 50
89.99995992031568
 51
180.0000000002239
  0
LINE
  5
3D3
330
70
100
AcDbEntity
  8
W-S-D v1_4_ANYTOOL_CUTTHROUGH_OUTSI
100
AcDbLine
 10
-102.3491297857729
 20
-25.92013465125381
 30
0.0
 11
-102.3477031878168
 21
-25.9216418092813
 31
0.0
  0
LINE
  5
3D4
330
70
100
AcDbEntity
  8
W-S-D v1_4_ANYTOOL_CUTTHROUGH_OUTSI
100
AcDbLine
 10
-102.8155674051221
 20
-25.9110843172599
 30
0.0
 11
-102.8137833262589
 21
-25.9100242372357
 31
0.0
  0
LINE
  5
3D5
330
70
100
AcDbEntity
  8
W-S-D v1_4_ANYTOOL_CUTTHROUGH_OUTSI
100
AcDbLine
 10
-102.3604484469076
 20
-25.91108431726001
 30
0.0
 11
-102.3587020954218
 21
-25.9122054611115
 31
0.0
  0
LINE
  5
3D6
330
70
100
AcDbEntity
  8
W-S-D v1_4_ANYTOOL_CUTTHROUGH_OUTSI
100
AcDbLine
 10
-102.3324024962158
 20
-24.7291939528333
 30
0.0
 11
-102.3321937740455
 21
-24.72712921505241
 31
0.0
  0
LINE
  5
3D7
330
70
100
AcDbEntity
  8
W-S-D v1_4_ANYTOOL_CUTTHROUGH_OUTSI
100
AcDbLine
 10
-102.3506076517057
 20
-24.76557807947859
 30
0.0
 11
-102.3491297857729
 21
-24.7641211582958
 31
0.0
  0
LINE
  5
3D8
330
70
100
AcDbEntity
  8
W-S-D v1_4_ANYTOOL_CUTTHROUGH_OUTSI
100
AcDbLine
 10
-102.7399718069806
 20
-24.56502889768031
 30
0.0
 11
-102.7474539934336
 21
-24.5704631897553
 31
0.0
  0
LINE
  5
3D9
330
70
100
AcDbEntity
  8
W-S-D v1_4_ANYTOOL_CUTTHROUGH_OUTSI
100
AcDbLine
 10
-102.7244616206069
 20
-24.55495970886761
 30
0.0
 11
-102.7323045705132
 21
-24.5598589722042
 31
0.0
  0
LINE
  5
3DA
330
70
100
AcDbEntity
  8
W-S-D v1_4_ANYTOOL_CUTTHROUGH_OUTSI
100
AcDbLine
 10
-102.4212738333929
 20
-24.57615523096311
 30
0.0
 11
-102.4285618585963
 21
-24.5704631897553
 31
0.0
  0
LINE
  5
3DB
330
70
100
AcDbEntity
  8
W-S-D v1_4_ANYTOOL_CUTTHROUGH_OUTSI
100
AcDbLine
 10
-102.841508529876
 20
-24.7393418586432
 30
0.0
 11
-102.8408788477422
 21
-24.74131928309391
 31
0.0
  0
LINE
  5
3DC
330
70
100
AcDbEntity
  8
W-S-D v1_4_ANYTOOL_CUTTHROUGH_OUTSI
100
AcDbLine
 10
-102.1980079260221
 20
-24.78212790477481
 30
0.0
 11
-102.3193683157148
 21
-24.7821279047747
 31
0.0
  0
LINE
  5
3DD
330
70
100
AcDbEntity
  8
W-S-D v1_4_ANYTOOL_CUTTHROUGH_OUTSI
100
AcDbLine
 10
-102.3816597995992
 20
-24.7812328190709
 30
0.0
 11
-102.3796219795807
 21
-24.78084039503951
 31
0.0
  0
LINE
  5
3DE
330
70
100
AcDbEntity
  8
W-S-D v1_4_ANYTOOL_CUTTHROUGH_OUTSI
100
AcDbLine
 10
-102.7902458087996
 20
-25.9024506502467
 30
0.0
 11
-102.7881783023026
 21
-25.902271418741
 31
0.0
  0
LINE
  5
3DF
330
70
100
AcDbEntity
  8
W-S-D v1_4_ANYTOOL_CUTTHROUGH_OUTSI
100
AcDbLine
 10
-102.4844891909063
 20
-26.146072307213
 30
0.0
 11
-102.4930635825338
 21
-26.1495356080508
 31
0.0
  0
ARC
  5
3E0
330
70
100
AcDbEntity
  8
W-S-D v1_4_ANYTOOL_CUTTHROUGH_OUTSI
100
AcDbCircle
 10
102.8248277311752
 20
-25.93394770992809
 30
0.0
 40
0.0449999999999791
210
0.0
220
0.0
230
-1.0
100
AcDbArc
 50
44.99999991159483
 51
209.6948056188224
  0
LINE
  5
3E1
330
70
100
AcDbEntity
  8
W-S-D v1_4_ANYTOOL_CUTTHROUGH_OUTSI
100
AcDbLine
 10
-102.3319910797949
 20
-24.72298426739441
 30
0.0
 11
-102.3319973501991
 21
-24.7209090161494
 31
0.0
  0
LINE
  5
3E2
330
70
100
AcDbEntity
  8
W-S-D v1_4_ANYTOOL_CUTTHROUGH_OUTSI
100
AcDbLine
 10
-102.3519249978089
 20
-26.02250170179669
 30
0.0
 11
-102.3562686519455
 21
-26.030665482368
 31
0.0
  0
LINE
  5
3E3
330
70
100
AcDbEntity
  8
W-S-D v1_4_ANYTOOL_CUTTHROUGH_OUTSI
100
AcDbLine
 10
-102.3320753842414
 20
-25.9654205864797
 30
0.0
 11
-102.3322250885691
 21
-25.96749044049932
 31
0.0
  0
LINE
  5
3E4
330
70
100
AcDbEntity
  8
W-S-D v1_4_ANYTOOL_CUTTHROUGH_OUTSI
100
AcDbLine
 10
-102.8283126642128
 20
-25.9216418092813
 30
0.0
 11
-102.8268860662569
 21
-25.92013465125369
 31
0.0
  0
LINE
  5
3E5
330
70
100
AcDbEntity
  8
W-S-D v1_4_ANYTOOL_CUTTHROUGH_OUTSI
100
AcDbLine
 10
-102.3919849681758
 20
-24.7821279047755
 30
0.0
 11
-102.3899100178122
 21
-24.7820920155501
 31
0.0
  0
LINE
  5
3E6
330
70
100
AcDbEntity
  8
W-S-D v1_4_ANYTOOL_CUTTHROUGH_OUTSI
100
AcDbLine
 10
-102.7963938724491
 20
-25.90341541451
 30
0.0
 11
-102.7943560524306
 21
-25.90302299047861
 31
0.0
  0
LINE
  5
3E7
330
70
100
AcDbEntity
  8
W-S-D v1_4_ANYTOOL_CUTTHROUGH_OUTSI
100
AcDbLine
 10
-102.6742622618946
 20
-24.53155817487621
 30
0.0
 11
-102.6829522694961
 21
-24.5347202014986
 31
0.0
  0
LINE
  5
3E8
330
70
100
AcDbEntity
  8
W-S-D v1_4_ANYTOOL_CUTTHROUGH_OUTSI
100
AcDbLine
 10
-102.3319910797949
 20
-25.96127154215509
 30
0.0
 11
-102.3319973501991
 21
-25.96334679340019
 31
0.0
  0
LINE
  5
3E9
330
70
100
AcDbEntity
  8
W-S-D v1_4_ANYTOOL_CUTTHROUGH_OUTSI
100
AcDbLine
 10
-102.3324462840899
 20
-25.96955387927709
 30
0.0
 11
-102.3327387061857
 21
-25.97160843430579
 31
0.0
  0
LINE
  5
3EA
330
70
100
AcDbEntity
  8
W-S-D v1_4_ANYTOOL_CUTTHROUGH_OUTSI
100
AcDbLine
 10
-102.5105486316829
 20
-24.5287012729441
 30
0.0
 11
-102.5194379972464
 21
-24.52615297461931
 31
0.0
  0
LINE
  5
3EB
330
70
100
AcDbEntity
  8
W-S-D v1_4_ANYTOOL_CUTTHROUGH_OUTSI
100
AcDbLine
 10
-102.8063130462021
 20
-25.9064187920446
 30
0.0
 11
-102.8043731573143
 21
-25.9056815416452
 31
0.0
  0
LINE
  5
3EC
330
70
100
AcDbEntity
  8
W-S-D v1_4_ANYTOOL_CUTTHROUGH_OUTSI
100
AcDbLine
 10
-102.5374562995787
 20
-26.162261587838
 30
0.0
 11
-102.5465632950345
 21
-26.1638669782091
 31
0.0
  0
LINE
  5
3ED
330
70
100
AcDbEntity
  8
W-S-D v1_4_ANYTOOL_CUTTHROUGH_OUTSI
100
AcDbLine
 10
-102.8137833262589
 20
-25.9100242372357
 30
0.0
 11
-102.8119636543252
 21
-25.90902648922031
 31
0.0
  0
LINE
  5
3EE
330
70
100
AcDbEntity
  8
W-S-D v1_4_ANYTOOL_CUTTHROUGH_OUTSI
100
AcDbLine
 10
-102.3406383391009
 20
-25.9971715130283
 30
0.0
 11
-102.3441050801373
 21
-26.00574451431501
 31
0.0
  0
LINE
  5
3EF
330
70
100
AcDbEntity
  8
W-S-D v1_4_ANYTOOL_CUTTHROUGH_OUTSI
100
AcDbLine
 10
-102.3340394102242
 20
-25.97769428886581
 30
0.0
 11
-102.3346123951496
 21
-25.97968888038379
 31
0.0
  0
LINE
  5
3F0
330
70
100
AcDbEntity
  8
W-S-D v1_4_ANYTOOL_CUTTHROUGH_OUTSI
100
AcDbLine
 10
-102.7943560524306
 20
-25.90302299047861
 30
0.0
 11
-102.7923058803354
 21
-25.90270127410031
 31
0.0
  0
LINE
  5
3F1
330
70
100
AcDbEntity
  8
W-S-D v1_4_ANYTOOL_CUTTHROUGH_OUTSI
100
AcDbLine
 10
-102.802408932812
 20
-25.90501181845411
 30
0.0
 11
-102.8004227225115
 21
-25.90441042366621
 31
0.0
  0
LINE
  5
3F2
330
70
100
AcDbEntity
  8
W-S-D v1_4_ANYTOOL_CUTTHROUGH_OUTSI
100
AcDbLine
 10
-102.3335357460052
 20
-25.9756810751656
 30
0.0
 11
-102.3340394102242
 21
-25.97769428886581
 31
0.0
  0
LINE
  5
3F3
330
70
100
AcDbEntity
  8
W-S-D v1_4_ANYTOOL_CUTTHROUGH_OUTSI
100
AcDbLine
 10
-102.8334732055993
 20
-24.75611991590211
 30
0.0
 11
-102.832268102558
 21
-24.7578094228444
 31
0.0
  0
LINE
  5
3F4
330
70
100
AcDbEntity
  8
W-S-D v1_4_ANYTOOL_CUTTHROUGH_OUTSI
100
AcDbLine
 10
-102.8432771458441
 20
-24.71264737524362
 30
0.0
 11
-102.84356956794
 21
-24.71470193027241
 31
0.0
  0
ARC
  5
3F5
330
70
100
AcDbEntity
  8
W-S-D v1_4_ANYTOOL_CUTTHROUGH_OUTSI
100
AcDbCircle
 10
102.8248277311751
 20
-24.75030809962151
 30
0.0
 40
0.0449999999999899
210
0.0
220
0.0
230
-1.0
100
AcDbArc
 50
150.3051943809195
 51
315.0000000001759
  0
LINE
  5
3F6
330
70
100
AcDbEntity
  8
W-S-D v1_4_ANYTOOL_CUTTHROUGH_OUTSI
100
AcDbLine
 10
-102.8438220779842
 20
-25.95712659449711
 30
0.0
 11
-102.8436133558138
 21
-25.9550618567162
 31
0.0
  0
ARC
  5
3F7
330
70
100
AcDbEntity
  8
W-S-D v1_4_ANYTOOL_CUTTHROUGH_OUTSI
100
AcDbCircle
 10
102.3511881208684
 20
-24.75030809962146
 30
0.0
 40
0.0450000000000173
210
0.0
220
0.0
230
-1.0
100
AcDbArc
 50
224.9999999996961
 51
29.69480561885162
  0
LINE
  5
3F8
330
70
100
AcDbEntity
  8
W-S-D v1_4_ANYTOOL_CUTTHROUGH_OUTSI
100
AcDbLine
 10
-102.451554231423
 20
-26.12929610068181
 30
0.0
 11
-102.4595633442226
 21
-26.13391873593
 31
0.0
  0
LINE
  5
3F9
330
70
100
AcDbEntity
  8
W-S-D v1_4_ANYTOOL_CUTTHROUGH_OUTSI
100
AcDbLine
 10
-102.3374728258649
 20
-25.98848277489051
 30
0.0
 11
-102.3406383391009
 21
-25.9971715130283
 31
0.0
  0
LINE
  5
3FA
330
70
100
AcDbEntity
  8
W-S-D v1_4_ANYTOOL_CUTTHROUGH_OUTSI
100
AcDbLine
 10
-102.3478688274414
 20
-26.014191339204
 30
0.0
 11
-102.3519249978089
 21
-26.02250170179669
 31
0.0
  0
LINE
  5
3FB
330
70
100
AcDbEntity
  8
W-S-D v1_4_ANYTOOL_CUTTHROUGH_OUTSI
100
AcDbLine
 10
-102.3322250885691
 20
-25.96749044049932
 30
0.0
 11
-102.3324462840899
 21
-25.96955387927709
 31
0.0
  0
LINE
  5
3FC
330
70
100
AcDbEntity
  8
W-S-D v1_4_ANYTOOL_CUTTHROUGH_OUTSI
100
AcDbLine
 10
-102.8420694510702
 20
-25.9469119685394
 30
0.0
 11
-102.841508529876
 21
-25.94491395090621
 31
0.0
  0
LINE
  5
3FD
330
70
100
AcDbEntity
  8
W-S-D v1_4_ANYTOOL_CUTTHROUGH_OUTSI
100
AcDbLine
 10
-102.8004227225115
 20
-25.90441042366621
 30
0.0
 11
-102.7984169025314
 21
-25.9038780767347
 31
0.0
  0
LINE
  5
3FE
330
70
100
AcDbEntity
  8
W-S-D v1_4_ANYTOOL_CUTTHROUGH_OUTSI
100
AcDbLine
 10
-102.8353775129289
 20
-24.6870842965211
 30
0.0
 11
-102.8385430261649
 21
-24.69577303465891
 31
0.0
  0
LINE
  5
3FF
330
70
100
AcDbEntity
  8
W-S-D v1_4_ANYTOOL_CUTTHROUGH_OUTSI
100
AcDbLine
 10
-102.3816597995992
 20
-25.9030229904787
 30
0.0
 11
-102.3796219795807
 21
-25.90341541451011
 31
0.0
  0
LINE
  5
400
330
70
100
AcDbEntity
  8
W-S-D v1_4_ANYTOOL_CUTTHROUGH_OUTSI
100
AcDbLine
 10
-102.3608945004805
 20
-26.03867273968909
 30
0.0
 11
-102.3657969104088
 21
-26.0465137231331
 31
0.0
  0
LINE
  5
401
330
70
100
AcDbEntity
  8
W-S-D v1_4_ANYTOOL_CUTTHROUGH_OUTSI
100
AcDbLine
 10
-102.8043731573143
 20
-24.7785742679042
 30
0.0
 11
-102.802408932812
 21
-24.7792439910953
 31
0.0
  0
LINE
  5
402
330
70
100
AcDbEntity
  8
W-S-D v1_4_ANYTOOL_CUTTHROUGH_OUTSI
100
AcDbLine
 10
-102.3346123951496
 20
-25.97968888038379
 30
0.0
 11
-102.3374728258649
 21
-25.98848277489051
 31
0.0
  0
LINE
  5
403
330
70
100
AcDbEntity
  8
W-S-D v1_4_ANYTOOL_CUTTHROUGH_OUTSI
100
AcDbLine
 10
-102.3755931295181
 20
-25.90441042366631
 30
0.0
 11
-102.3736069192177
 21
-25.90501181845421
 31
0.0
  0
LINE
  5
404
330
70
100
AcDbEntity
  8
W-S-D v1_4_ANYTOOL_CUTTHROUGH_OUTSI
100
AcDbLine
 10
-102.3319973501991
 20
-25.96334679340019
 30
0.0
 11
-102.3320753842414
 21
-25.9654205864797
 31
0.0
  0
ARC
  5
405
330
70
100
AcDbEntity
  8
W-S-D v1_4_ANYTOOL_CUTTHROUGH_OUTSI
100
AcDbCircle
 10
102.3511881208682
 20
-25.93394770992818
 30
0.0
 40
0.0449999999999448
210
0.0
220
0.0
230
-1.0
100
AcDbArc
 50
330.3051943813902
 51
135.0000000885683
  0
LINE
  5
406
330
70
100
AcDbEntity
  8
W-S-D v1_4_ANYTOOL_CUTTHROUGH_OUTSI
100
AcDbLine
 10
-102.3622325257709
 20
-24.7742315723139
 30
0.0
 11
-102.3604484469076
 21
-24.7731714922896
 31
0.0
  0
LINE
  5
407
330
70
100
AcDbEntity
  8
W-S-D v1_4_ANYTOOL_CUTTHROUGH_OUTSI
100
AcDbLine
 10
-102.7474539934336
 20
-24.5704631897553
 30
0.0
 11
-102.7547420186369
 21
-24.57615523096311
 31
0.0
  0
LINE
  5
408
330
70
100
AcDbEntity
  8
W-S-D v1_4_ANYTOOL_CUTTHROUGH_OUTSI
100
AcDbLine
 10
-102.8436133558138
 20
-25.9550618567162
 30
0.0
 11
-102.8433333546846
 21
-25.95300557210169
 31
0.0
  0
LINE
  5
409
330
70
100
AcDbEntity
  8
W-S-D v1_4_ANYTOOL_CUTTHROUGH_OUTSI
100
AcDbLine
 10
-102.8439404677884
 20
-24.7188352230698
 30
0.0
 11
-102.8440185018307
 21
-24.72090901614931
 31
0.0
  0
LINE
  5
40A
330
70
100
AcDbEntity
  8
W-S-D v1_4_ANYTOOL_CUTTHROUGH_OUTSI
100
AcDbLine
 10
-102.3339464009596
 20
-24.73734384101021
 30
0.0
 11
-102.3334549117396
 21
-24.7353276204382
 31
0.0
  0
LINE
  5
40B
330
70
100
AcDbEntity
  8
W-S-D v1_4_ANYTOOL_CUTTHROUGH_OUTSI
100
AcDbLine
 10
-102.8240908542209
 20
-24.66175410775271
 30
0.0
 11
-102.8281470245884
 21
-24.6700644703454
 31
0.0
  0
LINE
  5
40C
330
70
100
AcDbEntity
  8
W-S-D v1_4_ANYTOOL_CUTTHROUGH_OUTSI
100
AcDbLine
 10
-102.3562686519455
 20
-26.030665482368
 30
0.0
 11
-102.3608945004805
 21
-26.03867273968909
 31
0.0
  0
LINE
  5
40D
330
70
100
AcDbEntity
  8
W-S-D v1_4_ANYTOOL_CUTTHROUGH_OUTSI
100
AcDbLine
 10
-102.7618270077893
 20
-24.58209808997041
 30
0.0
 11
-102.7687003333326
 21
-24.5882845300173
 31
0.0
  0
LINE
  5
40E
330
70
100
AcDbEntity
  8
W-S-D v1_4_ANYTOOL_CUTTHROUGH_OUTSI
100
AcDbLine
 10
-102.8043731573143
 20
-25.9056815416452
 30
0.0
 11
-102.802408932812
 21
-25.90501181845411
 31
0.0
  0
LINE
  5
40F
330
70
100
AcDbEntity
  8
W-S-D v1_4_ANYTOOL_CUTTHROUGH_OUTSI
100
AcDbLine
 10
-102.3796219795807
 20
-24.78084039503951
 30
0.0
 11
-102.3775989494982
 21
-24.78037773281482
 31
0.0
  0
LINE
  5
410
330
70
100
AcDbEntity
  8
W-S-D v1_4_ANYTOOL_CUTTHROUGH_OUTSI
100
AcDbLine
 10
-102.8385851744283
 20
-25.9371513281485
 30
0.0
 11
-102.8376887899619
 21
-25.9352796438972
 31
0.0
  0
LINE
  5
411
330
70
100
AcDbEntity
  8
W-S-D v1_4_ANYTOOL_CUTTHROUGH_OUTSI
100
AcDbLine
 10
-102.8310052929695
 20
-25.92479956583091
 30
0.0
 11
-102.8296862875424
 21
-25.92319740112911
 31
0.0
  0
LINE
  5
412
330
70
100
AcDbEntity
  8
W-S-D v1_4_ANYTOOL_CUTTHROUGH_OUTSI
100
AcDbLine
 10
-102.6565778547834
 20
-24.52615297461931
 30
0.0
 11
-102.6654672203469
 21
-24.5287012729441
 31
0.0
  0
LINE
  5
413
330
70
100
AcDbEntity
  8
W-S-D v1_4_ANYTOOL_CUTTHROUGH_OUTSI
100
AcDbLine
 10
-102.3331020050298
 20
-25.97365164770589
 30
0.0
 11
-102.3335357460052
 21
-25.9756810751656
 31
0.0
  0
LINE
  5
414
330
70
100
AcDbEntity
  8
W-S-D v1_4_ANYTOOL_CUTTHROUGH_OUTSI
100
AcDbLine
 10
-102.3441050801373
 20
-26.00574451431501
 30
0.0
 11
-102.3478688274414
 21
-26.014191339204
 31
0.0
  0
LINE
  5
415
330
70
100
AcDbEntity
  8
W-S-D v1_4_ANYTOOL_CUTTHROUGH_OUTSI
100
AcDbLine
 10
-102.3327387061857
 20
-25.97160843430579
 30
0.0
 11
-102.3331020050298
 21
-25.97365164770589
 31
0.0
  0
LINE
  5
416
330
70
100
AcDbEntity
  8
W-S-D v1_4_ANYTOOL_CUTTHROUGH_OUTSI
100
AcDbLine
 10
-102.7902458087996
 20
-24.7818051593028
 30
0.0
 11
-102.7881783023026
 21
-24.7819843908084
 31
0.0
  0
LINE
  5
417
330
70
100
AcDbEntity
  8
W-S-D v1_4_ANYTOOL_CUTTHROUGH_OUTSI
100
AcDbLine
 10
-102.7817787822852
 20
-24.60135773229071
 30
0.0
 11
-102.787967979758
 21
-24.60822857496951
 31
0.0
  0
LINE
  5
418
330
70
100
AcDbEntity
  8
W-S-D v1_4_ANYTOOL_CUTTHROUGH_OUTSI
100
AcDbLine
 10
-102.8173137566079
 20
-25.9122054611115
 30
0.0
 11
-102.8155674051221
 21
-25.9110843172599
 31
0.0
  0
LINE
  5
419
330
70
100
AcDbEntity
  8
W-S-D v1_4_ANYTOOL_CUTTHROUGH_OUTSI
100
AcDbLine
 10
-102.8082262787716
 20
-25.9072226876741
 30
0.0
 11
-102.8063130462021
 21
-25.9064187920446
 31
0.0
  0
LINE
  5
41A
330
70
100
AcDbEntity
  8
W-S-D v1_4_ANYTOOL_CUTTHROUGH_OUTSI
100
AcDbLine
 10
-102.799608646213
 20
-26.06165888988841
 30
0.0
 11
-102.8050459400801
 21
-26.054178884549
 31
0.0
  0
LINE
  5
41B
330
70
100
AcDbEntity
  8
W-S-D v1_4_ANYTOOL_CUTTHROUGH_OUTSI
100
AcDbLine
 10
-102.8197472000843
 20
-26.030665482368
 30
0.0
 11
-102.8240908542209
 21
-26.02250170179669
 31
0.0
  0
LINE
  5
41C
330
70
100
AcDbEntity
  8
W-S-D v1_4_ANYTOOL_CUTTHROUGH_OUTSI
100
AcDbLine
 10
-102.84356956794
 20
-25.969553879277
 30
0.0
 11
-102.8437907634605
 21
-25.96749044049921
 31
0.0
  0
LINE
  5
41D
330
70
100
AcDbEntity
  8
W-S-D v1_4_ANYTOOL_CUTTHROUGH_OUTSI
100
AcDbLine
 10
-102.8437907634605
 20
-25.96749044049921
 30
0.0
 11
-102.8439404677884
 21
-25.96542058647962
 31
0.0
  0
LINE
  5
41E
330
70
100
AcDbEntity
  8
W-S-D v1_4_ANYTOOL_CUTTHROUGH_OUTSI
100
AcDbLine
 10
-102.8419764418055
 20
-24.7065615206836
 30
0.0
 11
-102.8424801060246
 21
-24.7085747343838
 31
0.0
  0
LINE
  5
41F
330
70
100
AcDbEntity
  8
W-S-D v1_4_ANYTOOL_CUTTHROUGH_OUTSI
100
AcDbLine
 10
-102.5926316324414
 20
-26.1670875646067
 30
0.0
 11
-102.6018734148977
 21
-26.16676491695831
 31
0.0
  0
LINE
  5
420
330
70
100
AcDbEntity
  8
W-S-D v1_4_ANYTOOL_CUTTHROUGH_OUTSI
100
AcDbLine
 10
-102.7861058342176
 20
-25.90216379399941
 30
0.0
 11
-102.7840308838539
 21
-25.90212790477401
 31
0.0
  0
LINE
  5
421
330
70
100
AcDbEntity
  8
W-S-D v1_4_ANYTOOL_CUTTHROUGH_OUTSI
100
AcDbLine
 10
-102.6294525569953
 20
-26.1638669782091
 30
0.0
 11
-102.6385595524511
 21
-26.162261587838
 31
0.0
  0
LINE
  5
422
330
70
100
AcDbEntity
  8
W-S-D v1_4_ANYTOOL_CUTTHROUGH_OUTSI
100
AcDbLine
 10
-102.8102189416209
 20
-24.63774208641631
 30
0.0
 11
-102.8151213515493
 21
-24.64558306986031
 31
0.0
  0
LINE
  5
423
330
70
100
AcDbEntity
  8
W-S-D v1_4_ANYTOOL_CUTTHROUGH_OUTSI
100
AcDbLine
 10
-102.8429824095639
 20
-25.95096020060231
 30
0.0
 11
-102.8425609402902
 21
-25.9489281891113
 31
0.0
  0
LINE
  5
424
330
70
100
AcDbEntity
  8
W-S-D v1_4_ANYTOOL_CUTTHROUGH_OUTSI
100
AcDbLine
 10
-102.8346191604196
 20
-25.92986606548791
 30
0.0
 11
-102.8334732055993
 21
-25.92813589364731
 31
0.0
  0
LINE
  5
425
330
70
100
AcDbEntity
  8
W-S-D v1_4_ANYTOOL_CUTTHROUGH_OUTSI
100
AcDbLine
 10
-102.7984169025314
 20
-25.9038780767347
 30
0.0
 11
-102.7963938724491
 21
-25.90341541451
 31
0.0
  0
LINE
  5
426
330
70
100
AcDbEntity
  8
W-S-D v1_4_ANYTOOL_CUTTHROUGH_OUTSI
100
AcDbLine
 10
-102.8424801060246
 20
-24.7085747343838
 30
0.0
 11
-102.8429138469998
 21
-24.7106041618436
 31
0.0
  0
LINE
  5
427
330
70
100
AcDbEntity
  8
W-S-D v1_4_ANYTOOL_CUTTHROUGH_OUTSI
100
AcDbLine
 10
-102.7939136811411
 20
-26.06894463057161
 30
0.0
 11
-102.799608646213
 21
-26.06165888988841
 31
0.0
  0
LINE
  5
428
330
70
100
AcDbEntity
  8
W-S-D v1_4_ANYTOOL_CUTTHROUGH_OUTSI
100
AcDbLine
 10
-102.5557207585982
 20
-24.51910216683331
 30
0.0
 11
-102.5649175390099
 21
-24.51813579499231
 31
0.0
  0
LINE
  5
429
330
70
100
AcDbEntity
  8
W-S-D v1_4_ANYTOOL_CUTTHROUGH_OUTSI
100
AcDbLine
 10
-102.38577004323
 20
-25.9024506502467
 30
0.0
 11
-102.3837099716944
 21
-25.90270127410031
 31
0.0
  0
LINE
  5
42A
330
70
100
AcDbEntity
  8
W-S-D v1_4_ANYTOOL_CUTTHROUGH_OUTSI
100
AcDbLine
 10
-102.8119636543252
 20
-25.90902648922031
 30
0.0
 11
-102.8101105662083
 21
-25.9080922668274
 31
0.0
  0
LINE
  5
42B
330
70
100
AcDbEntity
  8
W-S-D v1_4_ANYTOOL_CUTTHROUGH_OUTSI
100
AcDbLine
 10
-102.84140345688
 20
-25.97968888038371
 30
0.0
 11
-102.8419764418055
 21
-25.97769428886581
 31
0.0
  0
LINE
  5
42C
330
70
100
AcDbEntity
  8
W-S-D v1_4_ANYTOOL_CUTTHROUGH_OUTSI
100
AcDbLine
 10
-102.8419764418055
 20
-25.97769428886581
 30
0.0
 11
-102.8424801060246
 21
-25.9756810751656
 31
0.0
  0
LINE
  5
42D
330
70
100
AcDbEntity
  8
W-S-D v1_4_ANYTOOL_CUTTHROUGH_OUTSI
100
AcDbLine
 10
-102.6829522694961
 20
-26.1495356080508
 30
0.0
 11
-102.6915266611235
 21
-26.146072307213
 31
0.0
  0
LINE
  5
42E
330
70
100
AcDbEntity
  8
W-S-D v1_4_ANYTOOL_CUTTHROUGH_OUTSI
100
AcDbLine
 10
-102.3677895732582
 20
-25.9072226876742
 30
0.0
 11
-102.3659052858215
 21
-25.9080922668274
 31
0.0
  0
LINE
  5
42F
330
70
100
AcDbEntity
  8
W-S-D v1_4_ANYTOOL_CUTTHROUGH_OUTSI
100
AcDbLine
 10
-102.8319107718925
 20
-24.67851129523439
 30
0.0
 11
-102.8353775129289
 21
-24.6870842965211
 31
0.0
  0
LINE
  5
430
330
70
100
AcDbEntity
  8
W-S-D v1_4_ANYTOOL_CUTTHROUGH_OUTSI
100
AcDbLine
 10
-102.8101105662083
 20
-25.9080922668274
 30
0.0
 11
-102.8082262787716
 21
-25.9072226876741
 31
0.0
  0
LINE
  5
431
330
70
100
AcDbEntity
  8
W-S-D v1_4_ANYTOOL_CUTTHROUGH_OUTSI
100
AcDbLine
 10
-102.3193683156657
 20
-25.90212790482401
 30
0.0
 11
-102.1980079260221
 21
-25.90212790477481
 31
0.0
  0
LINE
  5
432
330
70
100
AcDbEntity
  8
W-S-D v1_4_ANYTOOL_CUTTHROUGH_OUTSI
100
AcDbLine
 10
-102.7817787822852
 20
-26.08289807725871
 30
0.0
 11
-102.787967979758
 21
-26.0760272345799
 31
0.0
  0
LINE
  5
433
330
70
100
AcDbEntity
  8
W-S-D v1_4_ANYTOOL_CUTTHROUGH_OUTSI
100
AcDbLine
 10
-102.8151213515493
 20
-24.64558306986031
 30
0.0
 11
-102.8197472000843
 21
-24.6535903271814
 31
0.0
  0
LINE
  5
434
330
70
100
AcDbEntity
  8
W-S-D v1_4_ANYTOOL_CUTTHROUGH_OUTSI
100
AcDbLine
 10
-102.8385430261649
 20
-25.98848277489051
 30
0.0
 11
-102.84140345688
 21
-25.97968888038371
 31
0.0
  0
LINE
  5
435
330
70
100
AcDbEntity
  8
W-S-D v1_4_ANYTOOL_CUTTHROUGH_OUTSI
100
AcDbLine
 10
-102.8432771458441
 20
-25.97160843430579
 30
0.0
 11
-102.84356956794
 21
-25.969553879277
 31
0.0
  0
LINE
  5
436
330
70
100
AcDbEntity
  8
W-S-D v1_4_ANYTOOL_CUTTHROUGH_OUTSI
100
AcDbLine
 10
-102.8437907634605
 20
-24.7167653690502
 30
0.0
 11
-102.8439404677884
 21
-24.7188352230698
 31
0.0
  0
LINE
  5
437
330
70
100
AcDbEntity
  8
W-S-D v1_4_ANYTOOL_CUTTHROUGH_OUTSI
100
AcDbLine
 10
-102.8155674051221
 20
-24.77317149228951
 30
0.0
 11
-102.8137833262589
 21
-24.7742315723138
 31
0.0
  0
LINE
  5
438
330
70
100
AcDbEntity
  8
W-S-D v1_4_ANYTOOL_CUTTHROUGH_OUTSI
100
AcDbLine
 10
-102.6742622618946
 20
-26.1526976346732
 30
0.0
 11
-102.6829522694961
 21
-26.1495356080508
 31
0.0
  0
LINE
  5
439
330
70
100
AcDbEntity
  8
W-S-D v1_4_ANYTOOL_CUTTHROUGH_OUTSI
100
AcDbLine
 10
-102.84356956794
 20
-24.71470193027241
 30
0.0
 11
-102.8437907634605
 21
-24.7167653690502
 31
0.0
  0
LINE
  5
43A
330
70
100
AcDbEntity
  8
W-S-D v1_4_ANYTOOL_CUTTHROUGH_OUTSI
100
AcDbLine
 10
-102.8151213515493
 20
-26.03867273968909
 30
0.0
 11
-102.8197472000843
 21
-26.030665482368
 31
0.0
  0
LINE
  5
43B
330
70
100
AcDbEntity
  8
W-S-D v1_4_ANYTOOL_CUTTHROUGH_OUTSI
100
AcDbLine
 10
-102.8281470245884
 20
-24.6700644703454
 30
0.0
 11
-102.8319107718925
 21
-24.67851129523439
 31
0.0
  0
LINE
  5
43C
330
70
100
AcDbEntity
  8
W-S-D v1_4_ANYTOOL_CUTTHROUGH_OUTSI
100
AcDbLine
 10
-102.8439592714997
 20
-25.959197315383
 30
0.0
 11
-102.8438220779842
 21
-25.95712659449711
 31
0.0
  0
LINE
  5
43D
330
70
100
AcDbEntity
  8
W-S-D v1_4_ANYTOOL_CUTTHROUGH_OUTSI
100
AcDbLine
 10
-102.799608646213
 20
-24.62259691966101
 30
0.0
 11
-102.8050459400801
 21
-24.63007692500041
 31
0.0
  0
LINE
  5
43E
330
70
100
AcDbEntity
  8
W-S-D v1_4_ANYTOOL_CUTTHROUGH_OUTSI
100
AcDbLine
 10
-102.8173137566079
 20
-24.772050348438
 30
0.0
 11
-102.8155674051221
 21
-24.77317149228951
 31
0.0
  0
LINE
  5
43F
330
70
100
AcDbEntity
  8
W-S-D v1_4_ANYTOOL_CUTTHROUGH_OUTSI
100
AcDbLine
 10
-102.8310052929695
 20
-24.75945624371862
 30
0.0
 11
-102.8296862875424
 21
-24.76105840842041
 31
0.0
  0
LINE
  5
440
330
70
100
AcDbEntity
  8
W-S-D v1_4_ANYTOOL_CUTTHROUGH_OUTSI
100
AcDbLine
 10
-102.8281470245884
 20
-26.014191339204
 30
0.0
 11
-102.8319107718925
 21
-26.00574451431501
 31
0.0
  0
LINE
  5
441
330
70
100
AcDbEntity
  8
W-S-D v1_4_ANYTOOL_CUTTHROUGH_OUTSI
100
AcDbLine
 10
-102.8268860662569
 20
-25.92013465125369
 30
0.0
 11
-102.8254082003241
 21
-25.9186777300709
 31
0.0
  0
LINE
  5
442
330
70
100
AcDbEntity
  8
W-S-D v1_4_ANYTOOL_CUTTHROUGH_OUTSI
100
AcDbLine
 10
-102.8050459400801
 20
-24.63007692500041
 30
0.0
 11
-102.8102189416209
 21
-24.63774208641631
 31
0.0
  0
LINE
  5
443
330
70
100
AcDbEntity
  8
W-S-D v1_4_ANYTOOL_CUTTHROUGH_OUTSI
100
AcDbLine
 10
-102.840181157962
 20
-25.94098206079482
 30
0.0
 11
-102.8394162951871
 21
-25.9390528920661
 31
0.0
  0
LINE
  5
444
330
70
100
AcDbEntity
  8
W-S-D v1_4_ANYTOOL_CUTTHROUGH_OUTSI
100
AcDbLine
 10
-102.8240908542209
 20
-26.02250170179669
 30
0.0
 11
-102.8281470245884
 21
-26.014191339204
 31
0.0
  0
LINE
  5
445
330
70
100
AcDbEntity
  8
W-S-D v1_4_ANYTOOL_CUTTHROUGH_OUTSI
100
AcDbLine
 10
-102.8353775129289
 20
-25.9971715130283
 30
0.0
 11
-102.8385430261649
 21
-25.98848277489051
 31
0.0
  0
LINE
  5
446
330
70
100
AcDbEntity
  8
W-S-D v1_4_ANYTOOL_CUTTHROUGH_OUTSI
100
AcDbLine
 10
-102.8439404677884
 20
-25.96542058647962
 30
0.0
 11
-102.8440185018307
 21
-25.96334679340019
 31
0.0
  0
ARC
  5
447
330
70
100
AcDbEntity
  8
W-S-D v1_4_ANYTOOL_CUTTHROUGH_OUTSI
100
AcDbCircle
 10
-102.1980079260218
 20
-25.8421279047748
 30
0.0
 40
0.0600000000000094
100
AcDbArc
 50
269.999999999715
 51
359.9999999999933
  0
LINE
  5
448
330
70
100
AcDbEntity
  8
W-S-D v1_4_ANYTOOL_CUTTHROUGH_OUTSI
100
AcDbLine
 10
-102.8197472000843
 20
-24.6535903271814
 30
0.0
 11
-102.8240908542209
 21
-24.66175410775271
 31
0.0
  0
LINE
  5
449
330
70
100
AcDbEntity
  8
W-S-D v1_4_ANYTOOL_CUTTHROUGH_OUTSI
100
AcDbLine
 10
-102.7164525078074
 20
-26.13391873593
 30
0.0
 11
-102.7244616206069
 21
-26.12929610068181
 31
0.0
  0
LINE
  5
44A
330
70
100
AcDbEntity
  8
W-S-D v1_4_ANYTOOL_CUTTHROUGH_OUTSI
100
AcDbLine
 10
-102.6915266611235
 20
-26.146072307213
 30
0.0
 11
-102.6999749955372
 21
-26.142311949503
 31
0.0
  0
LINE
  5
44B
330
70
100
AcDbEntity
  8
W-S-D v1_4_ANYTOOL_CUTTHROUGH_OUTSI
100
AcDbLine
 10
-102.8385430261649
 20
-24.69577303465891
 30
0.0
 11
-102.84140345688
 21
-24.70456692916569
 31
0.0
  0
LINE
  5
44C
330
70
100
AcDbEntity
  8
W-S-D v1_4_ANYTOOL_CUTTHROUGH_OUTSI
100
AcDbLine
 10
-102.7687003333326
 20
-26.0959712795322
 30
0.0
 11
-102.7753536254548
 21
-26.08954879182031
 31
0.0
  0
LINE
  5
44D
330
70
100
AcDbEntity
  8
W-S-D v1_4_ANYTOOL_CUTTHROUGH_OUTSI
100
AcDbLine
 10
-102.7618270077893
 20
-26.102157719579
 30
0.0
 11
-102.7687003333326
 21
-26.0959712795322
 31
0.0
  0
LINE
  5
44E
330
70
100
AcDbEntity
  8
W-S-D v1_4_ANYTOOL_CUTTHROUGH_OUTSI
100
AcDbLine
 10
-102.8429138469998
 20
-25.97365164770581
 30
0.0
 11
-102.8432771458441
 21
-25.97160843430579
 31
0.0
  0
LINE
  5
44F
330
70
100
AcDbEntity
  8
W-S-D v1_4_ANYTOOL_CUTTHROUGH_OUTSI
100
AcDbLine
 10
-102.8429138469998
 20
-24.7106041618436
 30
0.0
 11
-102.8432771458441
 21
-24.71264737524362
 31
0.0
  0
LINE
  5
450
330
70
100
AcDbEntity
  8
W-S-D v1_4_ANYTOOL_CUTTHROUGH_OUTSI
100
AcDbLine
 10
-102.8082262787716
 20
-24.7770331218753
 30
0.0
 11
-102.8063130462021
 21
-24.77783701750481
 31
0.0
  0
LINE
  5
451
330
70
100
AcDbEntity
  8
W-S-D v1_4_ANYTOOL_CUTTHROUGH_OUTSI
100
AcDbLine
 10
-102.8223057956741
 20
-25.91592150775851
 30
0.0
 11
-102.820684968387
 21
-25.91462550391851
 31
0.0
  0
LINE
  5
452
330
70
100
AcDbEntity
  8
W-S-D v1_4_ANYTOOL_CUTTHROUGH_OUTSI
100
AcDbLine
 10
-102.3383270620679
 20
-24.74897616565231
 30
0.0
 11
-102.3374306776015
 21
-24.747104481401
 31
0.0
  0
LINE
  5
453
330
70
100
AcDbEntity
  8
W-S-D v1_4_ANYTOOL_CUTTHROUGH_OUTSI
100
AcDbLine
 10
-102.3374306776015
 20
-24.747104481401
 30
0.0
 11
-102.3365995568427
 21
-24.7452029174834
 31
0.0
  0
LINE
  5
454
330
70
100
AcDbEntity
  8
W-S-D v1_4_ANYTOOL_CUTTHROUGH_OUTSI
100
AcDbLine
 10
-102.84140345688
 20
-24.70456692916569
 30
0.0
 11
-102.8419764418055
 21
-24.7065615206836
 31
0.0
  0
LINE
  5
455
330
70
100
AcDbEntity
  8
W-S-D v1_4_ANYTOOL_CUTTHROUGH_OUTSI
100
AcDbLine
 10
-102.6110983130199
 20
-26.16612001455711
 30
0.0
 11
-102.6202950934315
 21
-26.16515364271611
 31
0.0
  0
LINE
  5
456
330
70
100
AcDbEntity
  8
W-S-D v1_4_ANYTOOL_CUTTHROUGH_OUTSI
100
AcDbLine
 10
-102.8376887899619
 20
-24.7489761656522
 30
0.0
 11
-102.8367282141393
 21
-24.75081573112732
 31
0.0
  0
LINE
  5
457
330
70
100
AcDbEntity
  8
W-S-D v1_4_ANYTOOL_CUTTHROUGH_OUTSI
100
AcDbLine
 10
-102.6202950934315
 20
-26.16515364271611
 30
0.0
 11
-102.6294525569953
 21
-26.1638669782091
 31
0.0
  0
LINE
  5
458
330
70
100
AcDbEntity
  8
W-S-D v1_4_ANYTOOL_CUTTHROUGH_OUTSI
100
AcDbLine
 10
-102.8424801060246
 20
-25.9756810751656
 30
0.0
 11
-102.8429138469998
 21
-25.97365164770581
 31
0.0
  0
LINE
  5
459
330
70
100
AcDbEntity
  8
W-S-D v1_4_ANYTOOL_CUTTHROUGH_OUTSI
100
AcDbLine
 10
-102.832268102558
 20
-24.7578094228444
 30
0.0
 11
-102.8310052929695
 21
-24.75945624371862
 31
0.0
  0
LINE
  5
45A
330
70
100
AcDbEntity
  8
W-S-D v1_4_ANYTOOL_CUTTHROUGH_OUTSI
100
AcDbLine
 10
-102.8223057956741
 20
-24.76833430179091
 30
0.0
 11
-102.820684968387
 21
-24.769630305631
 31
0.0
  0
LINE
  5
45B
330
70
100
AcDbEntity
  8
W-S-D v1_4_ANYTOOL_CUTTHROUGH_OUTSI
100
AcDbLine
 10
-102.3441050801373
 20
-24.67851129523439
 30
0.0
 11
-102.3478688274414
 21
-24.6700644703454
 31
0.0
  0
LINE
  5
45C
330
70
100
AcDbEntity
  8
W-S-D v1_4_ANYTOOL_CUTTHROUGH_OUTSI
100
AcDbLine
 10
-102.3392876378905
 20
-24.75081573112742
 30
0.0
 11
-102.3383270620679
 21
-24.74897616565231
 31
0.0
  0
LINE
  5
45D
330
70
100
AcDbEntity
  8
W-S-D v1_4_ANYTOOL_CUTTHROUGH_OUTSI
100
AcDbLine
 10
-102.8119636543252
 20
-24.7752293203291
 30
0.0
 11
-102.8101105662083
 21
-24.77616354272201
 31
0.0
  0
LINE
  5
45E
330
70
100
AcDbEntity
  8
W-S-D v1_4_ANYTOOL_CUTTHROUGH_OUTSI
100
AcDbLine
 10
-102.8440185018307
 20
-24.72090901614931
 30
0.0
 11
-102.8440247722349
 21
-24.72298426739431
 31
0.0
  0
LINE
  5
45F
330
70
100
AcDbEntity
  8
W-S-D v1_4_ANYTOOL_CUTTHROUGH_OUTSI
100
AcDbLine
 10
-102.3374728258649
 20
-24.69577303465891
 30
0.0
 11
-102.3406383391009
 21
-24.6870842965211
 31
0.0
  0
LINE
  5
460
330
70
100
AcDbEntity
  8
W-S-D v1_4_ANYTOOL_CUTTHROUGH_OUTSI
100
AcDbLine
 10
-102.3640521977045
 20
-24.7752293203292
 30
0.0
 11
-102.3622325257709
 21
-24.7742315723139
 31
0.0
  0
LINE
  5
461
330
70
100
AcDbEntity
  8
W-S-D v1_4_ANYTOOL_CUTTHROUGH_OUTSI
100
AcDbLine
 10
-102.8050459400801
 20
-26.054178884549
 30
0.0
 11
-102.8102189416209
 21
-26.0465137231331
 31
0.0
  0
LINE
  5
462
330
70
100
AcDbEntity
  8
W-S-D v1_4_ANYTOOL_CUTTHROUGH_OUTSI
100
AcDbLine
 10
-102.3437477494718
 20
-24.75780942284451
 30
0.0
 11
-102.3425426464305
 21
-24.75611991590231
 31
0.0
  0
LINE
  5
463
330
70
100
AcDbEntity
  8
W-S-D v1_4_ANYTOOL_CUTTHROUGH_OUTSI
100
AcDbLine
 10
-102.3346123951496
 20
-24.70456692916581
 30
0.0
 11
-102.3374728258649
 21
-24.69577303465891
 31
0.0
  0
LINE
  5
464
330
70
100
AcDbEntity
  8
W-S-D v1_4_ANYTOOL_CUTTHROUGH_OUTSI
100
AcDbLine
 10
-102.3327387061857
 20
-24.71264737524371
 30
0.0
 11
-102.3331020050298
 21
-24.71060416184371
 31
0.0
  0
LINE
  5
465
330
70
100
AcDbEntity
  8
W-S-D v1_4_ANYTOOL_CUTTHROUGH_OUTSI
100
AcDbLine
 10
-102.3709699119498
 20
-24.63007692500041
 30
0.0
 11
-102.3764072058167
 21
-24.62259691966101
 31
0.0
  0
LINE
  5
466
330
70
100
AcDbEntity
  8
W-S-D v1_4_ANYTOOL_CUTTHROUGH_OUTSI
100
AcDbLine
 10
-102.3406383391009
 20
-24.6870842965211
 30
0.0
 11
-102.3441050801373
 21
-24.67851129523439
 31
0.0
  0
LINE
  5
467
330
70
100
AcDbEntity
  8
W-S-D v1_4_ANYTOOL_CUTTHROUGH_OUTSI
100
AcDbLine
 10
-102.8357045961046
 20
-24.75262097714022
 30
0.0
 11
-102.8346191604196
 21
-24.75438974406161
 31
0.0
  0
LINE
  5
468
330
70
100
AcDbEntity
  8
W-S-D v1_4_ANYTOOL_CUTTHROUGH_OUTSI
100
AcDbLine
 10
-102.8440185018307
 20
-25.96334679340019
 30
0.0
 11
-102.8440247722349
 21
-25.96127154215509
 31
0.0
  0
LINE
  5
469
330
70
100
AcDbEntity
  8
W-S-D v1_4_ANYTOOL_CUTTHROUGH_OUTSI
100
AcDbLine
 10
-102.7399718069806
 20
-26.11922691186909
 30
0.0
 11
-102.7474539934336
 21
-26.1137926197941
 31
0.0
  0
LINE
  5
46A
330
70
100
AcDbEntity
  8
W-S-D v1_4_ANYTOOL_CUTTHROUGH_OUTSI
100
AcDbLine
 10
-102.8394162951871
 20
-24.74520291748331
 30
0.0
 11
-102.8385851744283
 21
-24.74710448140091
 31
0.0
  0
LINE
  5
46B
330
70
100
AcDbEntity
  8
W-S-D v1_4_ANYTOOL_CUTTHROUGH_OUTSI
100
AcDbLine
 10
-102.6476049899948
 20
-26.16033942652461
 30
0.0
 11
-102.6565778547834
 21
-26.15810283493022
 31
0.0
  0
LINE
  5
46C
330
70
100
AcDbEntity
  8
W-S-D v1_4_ANYTOOL_CUTTHROUGH_OUTSI
100
AcDbLine
 10
-102.8283126642128
 20
-24.76261400026811
 30
0.0
 11
-102.8268860662569
 21
-24.76412115829571
 31
0.0
  0
LINE
  5
46D
330
70
100
AcDbEntity
  8
W-S-D v1_4_ANYTOOL_CUTTHROUGH_OUTSI
100
AcDbLine
 10
-102.820684968387
 20
-24.769630305631
 30
0.0
 11
-102.8190202915432
 21
-24.77086948199201
 31
0.0
  0
LINE
  5
46E
330
70
100
AcDbEntity
  8
W-S-D v1_4_ANYTOOL_CUTTHROUGH_OUTSI
100
AcDbLine
 10
-102.3755931295181
 20
-24.77984538588331
 30
0.0
 11
-102.3736069192177
 21
-24.77924399109541
 31
0.0
  0
LINE
  5
46F
330
70
100
AcDbEntity
  8
W-S-D v1_4_ANYTOOL_CUTTHROUGH_OUTSI
100
AcDbLine
 10
-102.6018734148977
 20
-26.16676491695831
 30
0.0
 11
-102.6110983130199
 21
-26.16612001455711
 31
0.0
  0
LINE
  5
470
330
70
100
AcDbEntity
  8
W-S-D v1_4_ANYTOOL_CUTTHROUGH_OUTSI
100
AcDbLine
 10
-102.8429824095639
 20
-24.7332956089471
 30
0.0
 11
-102.8425609402902
 21
-24.73532762043811
 31
0.0
  0
LINE
  5
471
330
70
100
AcDbEntity
  8
W-S-D v1_4_ANYTOOL_CUTTHROUGH_OUTSI
100
AcDbLine
 10
-102.8439592714997
 20
-24.72505849416641
 30
0.0
 11
-102.8438220779842
 21
-24.72712921505241
 31
0.0
  0
LINE
  5
472
330
70
100
AcDbEntity
  8
W-S-D v1_4_ANYTOOL_CUTTHROUGH_OUTSI
100
AcDbLine
 10
-102.3587020954218
 20
-24.772050348438
 30
0.0
 11
-102.3569955604866
 21
-24.77086948199211
 31
0.0
  0
LINE
  5
473
330
70
100
AcDbEntity
  8
W-S-D v1_4_ANYTOOL_CUTTHROUGH_OUTSI
100
AcDbLine
 10
-102.3553308836426
 20
-24.76963030563111
 30
0.0
 11
-102.3537100563556
 21
-24.76833430179099
 31
0.0
  0
LINE
  5
474
330
70
100
AcDbEntity
  8
W-S-D v1_4_ANYTOOL_CUTTHROUGH_OUTSI
100
AcDbLine
 10
-102.8438220779842
 20
-24.72712921505241
 30
0.0
 11
-102.8436133558138
 21
-24.72919395283321
 31
0.0
  0
LINE
  5
475
330
70
100
AcDbEntity
  8
W-S-D v1_4_ANYTOOL_CUTTHROUGH_OUTSI
100
AcDbLine
 10
-102.802408932812
 20
-24.7792439910953
 30
0.0
 11
-102.8004227225115
 21
-24.7798453858832
 31
0.0
  0
LINE
  5
476
330
70
100
AcDbEntity
  8
W-S-D v1_4_ANYTOOL_CUTTHROUGH_OUTSI
100
AcDbLine
 10
-102.8137833262589
 20
-24.7742315723138
 30
0.0
 11
-102.8119636543252
 21
-24.7752293203291
 31
0.0
  0
LINE
  5
477
330
70
100
AcDbEntity
  8
W-S-D v1_4_ANYTOOL_CUTTHROUGH_OUTSI
100
AcDbLine
 10
-102.3340394102242
 20
-24.7065615206837
 30
0.0
 11
-102.3346123951496
 21
-24.70456692916581
 31
0.0
  0
LINE
  5
478
330
70
100
AcDbEntity
  8
W-S-D v1_4_ANYTOOL_CUTTHROUGH_OUTSI
100
AcDbLine
 10
-102.3324462840899
 20
-24.71470193027251
 30
0.0
 11
-102.3327387061857
 21
-24.71264737524371
 31
0.0
  0
LINE
  5
479
330
70
100
AcDbEntity
  8
W-S-D v1_4_ANYTOOL_CUTTHROUGH_OUTSI
100
AcDbLine
 10
-102.8436133558138
 20
-24.72919395283321
 30
0.0
 11
-102.8433333546846
 21
-24.73125023744771
 31
0.0
  0
LINE
  5
47A
330
70
100
AcDbEntity
  8
W-S-D v1_4_ANYTOOL_CUTTHROUGH_OUTSI
100
AcDbLine
 10
-102.3519249978089
 20
-24.66175410775271
 30
0.0
 11
-102.3562686519455
 21
-24.6535903271814
 31
0.0
  0
LINE
  5
47B
330
70
100
AcDbEntity
  8
W-S-D v1_4_ANYTOOL_CUTTHROUGH_OUTSI
100
AcDbLine
 10
-102.6565778547834
 20
-26.15810283493022
 30
0.0
 11
-102.6654672203469
 21
-26.15555453660531
 31
0.0
  0
LINE
  5
47C
330
70
100
AcDbEntity
  8
W-S-D v1_4_ANYTOOL_CUTTHROUGH_OUTSI
100
AcDbLine
 10
-102.3478688274414
 20
-24.6700644703454
 30
0.0
 11
-102.3519249978089
 21
-24.66175410775271
 31
0.0
  0
LINE
  5
47D
330
70
100
AcDbEntity
  8
W-S-D v1_4_ANYTOOL_CUTTHROUGH_OUTSI
100
AcDbLine
 10
-102.3562686519455
 20
-24.6535903271814
 30
0.0
 11
-102.3608945004805
 21
-24.64558306986031
 31
0.0
  0
LINE
  5
47E
330
70
100
AcDbEntity
  8
W-S-D v1_4_ANYTOOL_CUTTHROUGH_OUTSI
100
AcDbLine
 10
-102.3608945004805
 20
-24.64558306986031
 30
0.0
 11
-102.3657969104088
 21
-24.63774208641631
 31
0.0
  0
LINE
  5
47F
330
70
100
AcDbEntity
  8
W-S-D v1_4_ANYTOOL_CUTTHROUGH_OUTSI
100
AcDbLine
 10
-102.6999749955372
 20
-26.142311949503
 30
0.0
 11
-102.7082869850006
 21
-26.13825911399741
 31
0.0
  0
LINE
  5
480
330
70
100
AcDbEntity
  8
W-S-D v1_4_ANYTOOL_CUTTHROUGH_OUTSI
100
AcDbLine
 10
-102.7244616206069
 20
-26.12929610068181
 30
0.0
 11
-102.7323045705132
 21
-26.1243968373452
 31
0.0
  0
LINE
  5
481
330
70
100
AcDbEntity
  8
W-S-D v1_4_ANYTOOL_CUTTHROUGH_OUTSI
100
AcDbLine
 10
-102.8385851744283
 20
-24.74710448140091
 30
0.0
 11
-102.8376887899619
 21
-24.7489761656522
 31
0.0
  0
LINE
  5
482
330
70
100
AcDbEntity
  8
W-S-D v1_4_ANYTOOL_CUTTHROUGH_OUTSI
100
AcDbLine
 10
-102.8063130462021
 20
-24.77783701750481
 30
0.0
 11
-102.8043731573143
 21
-24.7785742679042
 31
0.0
  0
LINE
  5
483
330
70
100
AcDbEntity
  8
W-S-D v1_4_ANYTOOL_CUTTHROUGH_OUTSI
100
AcDbLine
 10
-102.3491297857729
 20
-24.7641211582958
 30
0.0
 11
-102.3477031878168
 21
-24.76261400026821
 31
0.0
  0
LINE
  5
484
330
70
100
AcDbEntity
  8
W-S-D v1_4_ANYTOOL_CUTTHROUGH_OUTSI
100
AcDbLine
 10
-102.8346191604196
 20
-24.75438974406161
 30
0.0
 11
-102.8334732055993
 21
-24.75611991590211
 31
0.0
  0
LINE
  5
485
330
70
100
AcDbEntity
  8
W-S-D v1_4_ANYTOOL_CUTTHROUGH_OUTSI
100
AcDbLine
 10
-102.7474539934336
 20
-26.1137926197941
 30
0.0
 11
-102.7547420186369
 21
-26.10810057858632
 31
0.0
  0
LINE
  5
486
330
70
100
AcDbEntity
  8
W-S-D v1_4_ANYTOOL_CUTTHROUGH_OUTSI
100
AcDbLine
 10
-102.8102189416209
 20
-26.0465137231331
 30
0.0
 11
-102.8151213515493
 21
-26.03867273968909
 31
0.0
  0
LINE
  5
487
330
70
100
AcDbEntity
  8
W-S-D v1_4_ANYTOOL_CUTTHROUGH_OUTSI
100
AcDbLine
 10
-102.8420694510702
 20
-24.73734384101009
 30
0.0
 11
-102.841508529876
 21
-24.7393418586432
 31
0.0
  0
LINE
  5
488
330
70
100
AcDbEntity
  8
W-S-D v1_4_ANYTOOL_CUTTHROUGH_OUTSI
100
AcDbLine
 10
-102.6654672203469
 20
-26.15555453660531
 30
0.0
 11
-102.6742622618946
 21
-26.1526976346732
 31
0.0
  0
LINE
  5
489
330
70
100
AcDbEntity
  8
W-S-D v1_4_ANYTOOL_CUTTHROUGH_OUTSI
100
AcDbLine
 10
-102.8319107718925
 20
-26.00574451431501
 30
0.0
 11
-102.8353775129289
 21
-25.9971715130283
 31
0.0
  0
LINE
  5
48A
330
70
100
AcDbEntity
  8
W-S-D v1_4_ANYTOOL_CUTTHROUGH_OUTSI
100
AcDbLine
 10
-102.7082869850006
 20
-26.13825911399741
 30
0.0
 11
-102.7164525078074
 21
-26.13391873593
 31
0.0
  0
LINE
  5
48B
330
70
100
AcDbEntity
  8
W-S-D v1_4_ANYTOOL_CUTTHROUGH_OUTSI
100
AcDbLine
 10
-102.3326824973452
 20
-24.7312502374478
 30
0.0
 11
-102.3324024962158
 21
-24.7291939528333
 31
0.0
  0
LINE
  5
48C
330
70
100
AcDbEntity
  8
W-S-D v1_4_ANYTOOL_CUTTHROUGH_OUTSI
100
AcDbLine
 10
-102.3322250885691
 20
-24.7167653690503
 30
0.0
 11
-102.3324462840899
 21
-24.71470193027251
 31
0.0
  0
LINE
  5
48D
330
70
100
AcDbEntity
  8
W-S-D v1_4_ANYTOOL_CUTTHROUGH_OUTSI
100
AcDbLine
 10
-102.3657969104088
 20
-24.63774208641631
 30
0.0
 11
-102.3709699119498
 21
-24.63007692500041
 31
0.0
  0
LINE
  5
48E
330
70
100
AcDbEntity
  8
W-S-D v1_4_ANYTOOL_CUTTHROUGH_OUTSI
100
AcDbLine
 10
-102.3736069192177
 20
-24.77924399109541
 30
0.0
 11
-102.3716426947154
 21
-24.77857426790432
 31
0.0
  0
LINE
  5
48F
330
70
100
AcDbEntity
  8
W-S-D v1_4_ANYTOOL_CUTTHROUGH_OUTSI
100
AcDbLine
 10
-102.7323045705132
 20
-26.1243968373452
 30
0.0
 11
-102.7399718069806
 21
-26.11922691186909
 31
0.0
  0
LINE
  5
490
330
70
100
AcDbEntity
  8
W-S-D v1_4_ANYTOOL_CUTTHROUGH_OUTSI
100
AcDbLine
 10
-102.7547420186369
 20
-26.10810057858632
 30
0.0
 11
-102.7618270077893
 21
-26.102157719579
 31
0.0
  0
LINE
  5
491
330
70
100
AcDbEntity
  8
W-S-D v1_4_ANYTOOL_CUTTHROUGH_OUTSI
100
AcDbLine
 10
-102.8367282141393
 20
-24.75081573112732
 30
0.0
 11
-102.8357045961046
 21
-24.75262097714022
 31
0.0
  0
LINE
  5
492
330
70
100
AcDbEntity
  8
W-S-D v1_4_ANYTOOL_CUTTHROUGH_OUTSI
100
AcDbLine
 10
-102.8254082003241
 20
-24.7655780794785
 30
0.0
 11
-102.8238808343967
 21
-24.7669830208909
 31
0.0
  0
LINE
  5
493
330
70
100
AcDbEntity
  8
W-S-D v1_4_ANYTOOL_CUTTHROUGH_OUTSI
100
AcDbLine
 10
-102.8190202915432
 20
-24.77086948199201
 30
0.0
 11
-102.8173137566079
 21
-24.772050348438
 31
0.0
  0
LINE
  5
494
330
70
100
AcDbEntity
  8
W-S-D v1_4_ANYTOOL_CUTTHROUGH_OUTSI
100
AcDbLine
 10
-102.8433333546846
 20
-24.73125023744771
 30
0.0
 11
-102.8429824095639
 21
-24.7332956089471
 31
0.0
  0
LINE
  5
495
330
70
100
AcDbEntity
  8
W-S-D v1_4_ANYTOOL_CUTTHROUGH_OUTSI
100
AcDbLine
 10
-102.6385595524511
 20
-26.162261587838
 30
0.0
 11
-102.6476049899948
 21
-26.16033942652461
 31
0.0
  0
LINE
  5
496
330
70
100
AcDbEntity
  8
W-S-D v1_4_ANYTOOL_CUTTHROUGH_OUTSI
100
AcDbLine
 10
-102.7753536254548
 20
-26.08954879182031
 30
0.0
 11
-102.7817787822852
 21
-26.08289807725871
 31
0.0
  0
LINE
  5
497
330
70
100
AcDbEntity
  8
W-S-D v1_4_ANYTOOL_CUTTHROUGH_OUTSI
100
AcDbLine
 10
-102.787967979758
 20
-26.0760272345799
 30
0.0
 11
-102.7939136811411
 21
-26.06894463057161
 31
0.0
  0
LINE
  5
498
330
70
100
AcDbEntity
  8
W-S-D v1_4_ANYTOOL_CUTTHROUGH_OUTSI
100
AcDbLine
 10
-97.65932583264556
 20
-25.8882168865932
 30
0.0
 11
-97.53796548497275
 21
-25.8882168866422
 31
0.0
  0
LINE
  5
499
330
70
100
AcDbEntity
  8
W-S-D v1_4_ANYTOOL_CUTTHROUGH_OUTSI
100
AcDbLine
 10
-97.39777045640245
 20
-24.5364260554378
 30
0.0
 11
-97.40577956920192
 21
-24.541048690686
 31
0.0
  0
LINE
  5
49A
330
70
100
AcDbEntity
  8
W-S-D v1_4_ANYTOOL_CUTTHROUGH_OUTSI
100
AcDbLine
 10
-102.3878375497272
 20
-25.90227141874111
 30
0.0
 11
-102.38577004323
 21
-25.9024506502467
 31
0.0
  0
LINE
  5
49B
330
70
100
AcDbEntity
  8
W-S-D v1_4_ANYTOOL_CUTTHROUGH_OUTSI
100
AcDbLine
 10
-97.06502792028944
 20
-24.7676435172676
 30
0.0
 11
-97.06297774819425
 21
-24.76732180088929
 31
0.0
  0
LINE
  5
49C
330
70
100
AcDbEntity
  8
W-S-D v1_4_ANYTOOL_CUTTHROUGH_OUTSI
100
AcDbLine
 10
-102.3697028058277
 20
-25.90641879204469
 30
0.0
 11
-102.3677895732582
 21
-25.9072226876742
 31
0.0
  0
LINE
  5
49D
330
70
100
AcDbEntity
  8
W-S-D v1_4_ANYTOOL_CUTTHROUGH_OUTSI
100
AcDbLine
 10
-102.3319973501991
 20
-24.7209090161494
 30
0.0
 11
-102.3320753842414
 21
-24.71883522306991
 31
0.0
  0
LINE
  5
49E
330
70
100
AcDbEntity
  8
W-S-D v1_4_ANYTOOL_CUTTHROUGH_OUTSI
100
AcDbLine
 10
-97.52465130327962
 20
-25.93909455392009
 30
0.0
 11
-97.52430035815896
 21
-25.9370491824207
 31
0.0
  0
LINE
  5
49F
330
70
100
AcDbEntity
  8
W-S-D v1_4_ANYTOOL_CUTTHROUGH_OUTSI
100
AcDbLine
 10
-97.03502800495066
 20
-24.75442328360939
 30
0.0
 11
-97.03345296622801
 21
-24.75307200270939
 31
0.0
  0
LINE
  5
4A0
330
70
100
AcDbEntity
  8
W-S-D v1_4_ANYTOOL_CUTTHROUGH_OUTSI
100
AcDbLine
 10
-102.3716426947154
 20
-25.90568154164529
 30
0.0
 11
-102.3697028058277
 21
-25.90641879204469
 31
0.0
  0
LINE
  5
4A1
330
70
100
AcDbEntity
  8
W-S-D v1_4_ANYTOOL_CUTTHROUGH_OUTSI
100
AcDbLine
 10
-97.26470216818343
 20
-26.15317654642508
 30
0.0
 11
-97.27394958103644
 21
-26.15317654642508
 31
0.0
  0
LINE
  5
4A2
330
70
100
AcDbEntity
  8
W-S-D v1_4_ANYTOOL_CUTTHROUGH_OUTSI
100
AcDbLine
 10
-97.41362251910834
 20
-24.54594795402259
 30
0.0
 11
-97.42128975557564
 21
-24.5511178794987
 31
0.0
  0
LINE
  5
4A3
330
70
100
AcDbEntity
  8
W-S-D v1_4_ANYTOOL_CUTTHROUGH_OUTSI
100
AcDbLine
 10
-97.52534272082995
 20
-25.94736052397348
 30
0.0
 11
-97.52527722009482
 21
-25.94528629720139
 31
0.0
  0
LINE
  5
4A4
330
70
100
AcDbEntity
  8
W-S-D v1_4_ANYTOOL_CUTTHROUGH_OUTSI
100
AcDbLine
 10
-97.3016130420266
 20
-24.5051911486517
 30
0.0
 11
-97.31077050559035
 21
-24.50647781315869
 31
0.0
  0
LINE
  5
4A5
330
70
100
AcDbEntity
  8
W-S-D v1_4_ANYTOOL_CUTTHROUGH_OUTSI
100
AcDbLine
 10
-97.03192560030075
 20
-25.90476671188929
 30
0.0
 11
-97.03044773436793
 21
-25.9062236330722
 31
0.0
  0
LINE
  5
4A6
330
70
100
AcDbEntity
  8
W-S-D v1_4_ANYTOOL_CUTTHROUGH_OUTSI
100
AcDbLine
 10
-97.50519878299179
 20
-25.90336177047689
 30
0.0
 11
-97.50362374426922
 21
-25.9020104895769
 31
0.0
  0
LINE
  5
4A7
330
70
100
AcDbEntity
  8
W-S-D v1_4_ANYTOOL_CUTTHROUGH_OUTSI
100
AcDbLine
 10
-97.50672614891913
 20
-25.90476671188929
 30
0.0
 11
-97.50519878299179
 21
-25.90336177047689
 31
0.0
  0
LINE
  5
4A8
330
70
100
AcDbEntity
  8
W-S-D v1_4_ANYTOOL_CUTTHROUGH_OUTSI
100
AcDbLine
 10
-97.15735880508766
 20
-26.12840093132139
 30
0.0
 11
-97.16580713950136
 21
-26.13216128903139
 31
0.0
  0
LINE
  5
4A9
330
70
100
AcDbEntity
  8
W-S-D v1_4_ANYTOOL_CUTTHROUGH_OUTSI
100
AcDbLine
 10
-102.3796219795807
 20
-25.90341541451011
 30
0.0
 11
-102.3775989494982
 21
-25.9038780767347
 31
0.0
  0
ARC
  5
4AA
330
70
100
AcDbEntity
  8
W-S-D v1_4_ANYTOOL_CUTTHROUGH_OUTSI
100
AcDbCircle
 10
-96.87932587461682
 20
-24.82821688659317
 30
0.0
 40
0.0599999999999767
100
AcDbArc
 50
359.9999999999797
 51
90.00000000031212
  0
LINE
  5
4AB
330
70
100
AcDbEntity
  8
W-S-D v1_4_ANYTOOL_CUTTHROUGH_OUTSI
100
AcDbLine
 10
-96.81932587461686
 20
-25.8282168865932
 30
0.0
 11
-96.98831835921536
 21
-25.34538121631211
 31
0.0
  0
LINE
  5
4AC
330
70
100
AcDbEntity
  8
W-S-D v1_4_ANYTOOL_CUTTHROUGH_OUTSI
100
AcDbLine
 10
-102.8425609402902
 20
-24.73532762043811
 30
0.0
 11
-102.8420694510702
 21
-24.73734384101009
 31
0.0
  0
LINE
  5
4AD
330
70
100
AcDbEntity
  8
W-S-D v1_4_ANYTOOL_CUTTHROUGH_OUTSI
100
AcDbLine
 10
-97.46534883244896
 20
-25.8882168865924
 30
0.0
 11
-97.07330291677086
 21
-25.8882168865924
 31
0.0
  0
LINE
  5
4AE
330
70
100
AcDbEntity
  8
W-S-D v1_4_ANYTOOL_CUTTHROUGH_OUTSI
100
AcDbLine
 10
-102.8440247722349
 20
-24.72298426739431
 30
0.0
 11
-102.8439592714997
 21
-24.72505849416641
 31
0.0
  0
LINE
  5
4AF
330
70
100
AcDbEntity
  8
W-S-D v1_4_ANYTOOL_CUTTHROUGH_OUTSI
100
AcDbLine
 10
-97.29241626161501
 20
-24.5042247768107
 30
0.0
 11
-97.3016130420266
 21
-24.5051911486517
 31
0.0
  0
LINE
  5
4B0
330
70
100
AcDbEntity
  8
W-S-D v1_4_ANYTOOL_CUTTHROUGH_OUTSI
100
AcDbLine
 10
-102.8408788477422
 20
-24.74131928309391
 30
0.0
 11
-102.840181157962
 21
-24.74327374875471
 31
0.0
  0
LINE
  5
4B1
330
70
100
AcDbEntity
  8
W-S-D v1_4_ANYTOOL_CUTTHROUGH_OUTSI
100
AcDbLine
 10
-97.26470216818343
 20
-24.5032572267612
 30
0.0
 11
-97.27394958103644
 21
-24.5032572267612
 31
0.0
  0
LINE
  5
4B2
330
70
100
AcDbEntity
  8
W-S-D v1_4_ANYTOOL_CUTTHROUGH_OUTSI
100
AcDbLine
 10
-102.3640521977045
 20
-25.90902648922042
 30
0.0
 11
-102.3622325257709
 21
-25.9100242372357
 31
0.0
  0
LINE
  5
4B3
330
70
100
AcDbEntity
  8
W-S-D v1_4_ANYTOOL_CUTTHROUGH_OUTSI
100
AcDbLine
 10
-102.3736069192177
 20
-25.90501181845421
 30
0.0
 11
-102.3716426947154
 21
-25.90568154164529
 31
0.0
  0
LINE
  5
4B4
330
70
100
AcDbEntity
  8
W-S-D v1_4_ANYTOOL_CUTTHROUGH_OUTSI
100
AcDbLine
 10
-102.8101105662083
 20
-24.77616354272201
 30
0.0
 11
-102.8082262787716
 21
-24.7770331218753
 31
0.0
  0
LINE
  5
4B5
330
70
100
AcDbEntity
  8
W-S-D v1_4_ANYTOOL_CUTTHROUGH_OUTSI
100
AcDbLine
 10
-102.3331020050298
 20
-24.71060416184371
 30
0.0
 11
-102.3335357460052
 21
-24.70857473438391
 31
0.0
  0
LINE
  5
4B6
330
70
100
AcDbEntity
  8
W-S-D v1_4_ANYTOOL_CUTTHROUGH_OUTSI
100
AcDbLine
 10
-102.8268860662569
 20
-24.76412115829571
 30
0.0
 11
-102.8254082003241
 21
-24.7655780794785
 31
0.0
  0
LINE
  5
4B7
330
70
100
AcDbEntity
  8
W-S-D v1_4_ANYTOOL_CUTTHROUGH_OUTSI
100
AcDbLine
 10
-102.5194379972464
 20
-24.52615297461931
 30
0.0
 11
-102.528410862035
 21
-24.5239163830249
 31
0.0
  0
LINE
  5
4B8
330
70
100
AcDbEntity
  8
W-S-D v1_4_ANYTOOL_CUTTHROUGH_OUTSI
100
AcDbLine
 10
-102.3604484469076
 20
-24.7731714922896
 30
0.0
 11
-102.3587020954218
 21
-24.772050348438
 31
0.0
  0
LINE
  5
4B9
330
70
100
AcDbEntity
  8
W-S-D v1_4_ANYTOOL_CUTTHROUGH_OUTSI
100
AcDbLine
 10
-102.3775989494982
 20
-25.9038780767347
 30
0.0
 11
-102.3755931295181
 21
-25.90441042366631
 31
0.0
  0
LINE
  5
4BA
330
70
100
AcDbEntity
  8
W-S-D v1_4_ANYTOOL_CUTTHROUGH_OUTSI
100
AcDbLine
 10
-102.3899100178122
 20
-25.90216379399941
 30
0.0
 11
-102.3878375497272
 21
-25.90227141874111
 31
0.0
  0
LINE
  5
4BB
330
70
100
AcDbEntity
  8
W-S-D v1_4_ANYTOOL_CUTTHROUGH_OUTSI
100
AcDbLine
 10
-97.55033339001835
 20
-25.3453812163114
 30
0.0
 11
-97.71932587461686
 21
-25.82821688659289
 31
0.0
  0
ARC
  5
4BC
330
70
100
AcDbEntity
  8
W-S-D v1_4_ANYTOOL_CUTTHROUGH_OUTSI
100
AcDbCircle
 10
97.60782587461704
 20
-25.32821688659314
 30
0.0
 40
0.0600000000000725
210
0.0
220
0.0
230
-1.0
100
AcDbArc
 50
163.3770524843906
 51
196.6229475156061
  0
LINE
  5
4BD
330
70
100
AcDbEntity
  8
W-S-D v1_4_ANYTOOL_CUTTHROUGH_OUTSI
100
AcDbLine
 10
-97.46534883244896
 20
-24.7682168865938
 30
0.0
 11
-97.07330291677086
 21
-24.76821688659389
 31
0.0
  0
LINE
  5
4BE
330
70
100
AcDbEntity
  8
W-S-D v1_4_ANYTOOL_CUTTHROUGH_OUTSI
100
AcDbLine
 10
-102.8296862875424
 20
-24.76105840842041
 30
0.0
 11
-102.8283126642128
 21
-24.76261400026811
 31
0.0
  0
LINE
  5
4BF
330
70
100
AcDbEntity
  8
W-S-D v1_4_ANYTOOL_CUTTHROUGH_OUTSI
100
AcDbLine
 10
-97.51479115419433
 20
-25.9142248754657
 30
0.0
 11
-97.51358605115306
 21
-25.91253536852339
 31
0.0
  0
LINE
  5
4C0
330
70
100
AcDbEntity
  8
W-S-D v1_4_ANYTOOL_CUTTHROUGH_OUTSI
100
AcDbLine
 10
-97.04002004401687
 20
-25.89829444292989
 30
0.0
 11
-97.03831350908165
 21
-25.89947530937589
 31
0.0
  0
LINE
  5
4C1
330
70
100
AcDbEntity
  8
W-S-D v1_4_ANYTOOL_CUTTHROUGH_OUTSI
100
AcDbLine
 10
-102.8238808343967
 20
-24.7669830208909
 30
0.0
 11
-102.8223057956741
 21
-24.76833430179091
 31
0.0
  0
LINE
  5
4C2
330
70
100
AcDbEntity
  8
W-S-D v1_4_ANYTOOL_CUTTHROUGH_OUTSI
100
AcDbLine
 10
-102.3837099716944
 20
-25.90270127410031
 30
0.0
 11
-102.3816597995992
 21
-25.9030229904787
 31
0.0
  0
LINE
  5
4C3
330
70
100
AcDbEntity
  8
W-S-D v1_4_ANYTOOL_CUTTHROUGH_OUTSI
100
AcDbLine
 10
-102.3716426947154
 20
-24.77857426790432
 30
0.0
 11
-102.3697028058277
 21
-24.77783701750489
 31
0.0
  0
LINE
  5
4C4
330
70
100
AcDbEntity
  8
W-S-D v1_4_ANYTOOL_CUTTHROUGH_OUTSI
100
AcDbLine
 10
-97.02271464020524
 20
-25.9159550473063
 30
0.0
 11
-97.02162920452023
 21
-25.91772381422759
 31
0.0
  0
LINE
  5
4C5
330
70
100
AcDbEntity
  8
W-S-D v1_4_ANYTOOL_CUTTHROUGH_OUTSI
100
AcDbLine
 10
-97.08198017517004
 20
-24.5807959995475
 30
0.0
 11
-97.08863346729232
 21
-24.57437351183569
 31
0.0
  0
LINE
  5
4C6
330
70
100
AcDbEntity
  8
W-S-D v1_4_ANYTOOL_CUTTHROUGH_OUTSI
100
AcDbLine
 10
-97.52073424378215
 20
-25.92514187388449
 30
0.0
 11
-97.51990312302332
 21
-25.92324030996689
 31
0.0
  0
LINE
  5
4C7
330
70
100
AcDbEntity
  8
W-S-D v1_4_ANYTOOL_CUTTHROUGH_OUTSI
100
AcDbLine
 10
-97.14904681562424
 20
-26.12434809581579
 30
0.0
 11
-97.15735880508766
 21
-26.12840093132139
 31
0.0
  0
LINE
  5
4C8
330
70
100
AcDbEntity
  8
W-S-D v1_4_ANYTOOL_CUTTHROUGH_OUTSI
100
AcDbLine
 10
-102.3880478722718
 20
-26.0760272345799
 30
0.0
 11
-102.3942370697447
 21
-26.08289807725871
 31
0.0
  0
ARC
  5
4C9
330
70
100
AcDbEntity
  8
W-S-D v1_4_ANYTOOL_CUTTHROUGH_OUTSI
100
AcDbCircle
 10
-97.26932587461686
 20
-24.76821688659409
 30
0.0
 40
0.2050000000002158
100
AcDbArc
 50
15.30519438132144
 51
164.6948056186536
  0
LINE
  5
4CA
330
70
100
AcDbEntity
  8
W-S-D v1_4_ANYTOOL_CUTTHROUGH_OUTSI
100
AcDbLine
 10
-97.12502923011163
 20
-24.54594795402259
 30
0.0
 11
-97.13287218001802
 21
-24.541048690686
 31
0.0
  0
LINE
  5
4CB
330
70
100
AcDbEntity
  8
W-S-D v1_4_ANYTOOL_CUTTHROUGH_OUTSI
100
AcDbLine
 10
-97.25546038572721
 20
-24.5035798744096
 30
0.0
 11
-97.26470216818343
 21
-24.5032572267612
 31
0.0
  0
LINE
  5
4CC
330
70
100
AcDbEntity
  8
W-S-D v1_4_ANYTOOL_CUTTHROUGH_OUTSI
100
AcDbLine
 10
-97.01964501066294
 20
-25.92136862571559
 30
0.0
 11
-97.01874862619654
 21
-25.923240309967
 31
0.0
  0
LINE
  5
4CD
330
70
100
AcDbEntity
  8
W-S-D v1_4_ANYTOOL_CUTTHROUGH_OUTSI
100
AcDbLine
 10
-97.01582527074876
 20
-25.93100293272469
 30
0.0
 11
-97.01526434955466
 21
-25.93300095035779
 31
0.0
  0
LINE
  5
4CE
330
70
100
AcDbEntity
  8
W-S-D v1_4_ANYTOOL_CUTTHROUGH_OUTSI
100
AcDbLine
 10
-102.3335357460052
 20
-24.70857473438391
 30
0.0
 11
-102.3340394102242
 21
-24.7065615206837
 31
0.0
  0
LINE
  5
4CF
330
70
100
AcDbEntity
  8
W-S-D v1_4_ANYTOOL_CUTTHROUGH_OUTSI
100
AcDbLine
 10
-102.3659052858215
 20
-25.9080922668274
 30
0.0
 11
-102.3640521977045
 21
-25.90902648922042
 31
0.0
  0
ARC
  5
4D0
330
70
100
AcDbEntity
  8
W-S-D v1_4_ANYTOOL_CUTTHROUGH_OUTSI
100
AcDbCircle
 10
-97.65932587461684
 20
-25.82821688659318
 30
0.0
 40
0.0600000000000364
100
AcDbArc
 50
179.9999999997218
 51
270.0000400796164
  0
LINE
  5
4D1
330
70
100
AcDbEntity
  8
W-S-D v1_4_ANYTOOL_CUTTHROUGH_OUTSI
100
AcDbLine
 10
-102.3320753842414
 20
-24.71883522306991
 30
0.0
 11
-102.3322250885691
 21
-24.7167653690503
 31
0.0
  0
LINE
  5
4D2
330
70
100
AcDbEntity
  8
W-S-D v1_4_ANYTOOL_CUTTHROUGH_OUTSI
100
AcDbLine
 10
-97.51100423613745
 20
-25.9092863829475
 30
0.0
 11
-97.5096306128079
 21
-25.90773079109969
 31
0.0
  0
ARC
  5
4D3
330
70
100
AcDbEntity
  8
W-S-D v1_4_ANYTOOL_CUTTHROUGH_OUTSI
100
AcDbCircle
 10
-97.26932587461682
 20
-25.88821688659357
 30
0.0
 40
0.204999999999901
100
AcDbArc
 50
195.3051943809466
 51
344.6948056190736
  0
LINE
  5
4D4
330
70
100
AcDbEntity
  8
W-S-D v1_4_ANYTOOL_CUTTHROUGH_OUTSI
100
AcDbLine
 10
-102.3919849681758
 20
-25.90212790477401
 30
0.0
 11
-102.3899100178122
 21
-25.90216379399941
 31
0.0
  0
LINE
  5
4D5
330
70
100
AcDbEntity
  8
W-S-D v1_4_ANYTOOL_CUTTHROUGH_OUTSI
100
AcDbLine
 10
-97.01791750543774
 20
-25.92514187388449
 30
0.0
 11
-97.01715264266271
 21
-25.92707104261321
 31
0.0
  0
LINE
  5
4D6
330
70
100
AcDbEntity
  8
W-S-D v1_4_ANYTOOL_CUTTHROUGH_OUTSI
100
AcDbLine
 10
-97.02506569806692
 20
-25.91253536852339
 30
0.0
 11
-97.02386059502556
 21
-25.9142248754657
 31
0.0
  0
LINE
  5
4D7
330
70
100
AcDbEntity
  8
W-S-D v1_4_ANYTOOL_CUTTHROUGH_OUTSI
100
AcDbLine
 10
-102.840181157962
 20
-24.74327374875471
 30
0.0
 11
-102.8394162951871
 21
-24.74520291748331
 31
0.0
  0
LINE
  5
4D8
330
70
100
AcDbEntity
  8
W-S-D v1_4_ANYTOOL_CUTTHROUGH_OUTSI
100
AcDbLine
 10
-97.51804616273432
 20
-25.91952906024049
 30
0.0
 11
-97.51702254469966
 21
-25.91772381422759
 31
0.0
  0
LINE
  5
4D9
330
70
100
AcDbEntity
  8
W-S-D v1_4_ANYTOOL_CUTTHROUGH_OUTSI
100
AcDbLine
 10
-97.4797348511265
 20
-24.76646671463321
 30
0.0
 11
-97.47771182104415
 21
-24.7669293768578
 31
0.0
  0
LINE
  5
4DA
330
70
100
AcDbEntity
  8
W-S-D v1_4_ANYTOOL_CUTTHROUGH_OUTSI
100
AcDbLine
 10
-97.05891689809332
 20
-24.76646671463321
 30
0.0
 11
-97.0569110781132
 21
-24.7659343677017
 31
0.0
  0
LINE
  5
4DB
330
70
100
AcDbEntity
  8
W-S-D v1_4_ANYTOOL_CUTTHROUGH_OUTSI
100
AcDbLine
 10
-97.01645495288264
 20
-25.92902550827389
 30
0.0
 11
-97.01582527074876
 21
-25.93100293272469
 31
0.0
  0
LINE
  5
4DC
330
70
100
AcDbEntity
  8
W-S-D v1_4_ANYTOOL_CUTTHROUGH_OUTSI
100
AcDbLine
 10
-97.31077050559035
 20
-24.50647781315869
 30
0.0
 11
-97.31987750104615
 21
-24.5080832035298
 31
0.0
  0
LINE
  5
4DD
330
70
100
AcDbEntity
  8
W-S-D v1_4_ANYTOOL_CUTTHROUGH_OUTSI
100
AcDbLine
 10
-97.02162920452023
 20
-25.91772381422759
 30
0.0
 11
-97.02060558648556
 21
-25.91952906024049
 31
0.0
  0
LINE
  5
4DE
330
70
100
AcDbEntity
  8
W-S-D v1_4_ANYTOOL_CUTTHROUGH_OUTSI
100
AcDbLine
 10
-97.09550679283545
 20
-24.5681870717888
 30
0.0
 11
-97.10259178198803
 21
-24.5622442127815
 31
0.0
  0
LINE
  5
4DF
330
70
100
AcDbEntity
  8
W-S-D v1_4_ANYTOOL_CUTTHROUGH_OUTSI
100
AcDbLine
 10
-97.34678516894202
 20
-24.51479025476249
 30
0.0
 11
-97.35558021048966
 21
-24.5176471566946
 31
0.0
  0
LINE
  5
4E0
330
70
100
AcDbEntity
  8
W-S-D v1_4_ANYTOOL_CUTTHROUGH_OUTSI
100
AcDbLine
 10
-97.25546038572721
 20
-26.15285389877659
 30
0.0
 11
-97.26470216818343
 21
-26.15317654642508
 31
0.0
  0
LINE
  5
4E1
330
70
100
AcDbEntity
  8
W-S-D v1_4_ANYTOOL_CUTTHROUGH_OUTSI
100
AcDbLine
 10
-97.14904681562424
 20
-24.53208567737039
 30
0.0
 11
-97.15735880508766
 21
-24.5280328418648
 31
0.0
  0
LINE
  5
4E2
330
70
100
AcDbEntity
  8
W-S-D v1_4_ANYTOOL_CUTTHROUGH_OUTSI
100
AcDbLine
 10
-97.5020029169821
 20
-25.9007144857369
 30
0.0
 11
-97.50033824013824
 21
-25.89947530937579
 31
0.0
  0
LINE
  5
4E3
330
70
100
AcDbEntity
  8
W-S-D v1_4_ANYTOOL_CUTTHROUGH_OUTSI
100
AcDbLine
 10
-97.1173619936443
 20
-24.5511178794987
 30
0.0
 11
-97.12502923011163
 21
-24.54594795402259
 31
0.0
  0
LINE
  5
4E4
330
70
100
AcDbEntity
  8
W-S-D v1_4_ANYTOOL_CUTTHROUGH_OUTSI
100
AcDbLine
 10
-97.46949625089767
 20
-24.76807337262679
 30
0.0
 11
-97.46742378281263
 21
-24.7681809973684
 31
0.0
  0
LINE
  5
4E5
330
70
100
AcDbEntity
  8
W-S-D v1_4_ANYTOOL_CUTTHROUGH_OUTSI
100
AcDbLine
 10
-97.08198017517004
 20
-26.0756377736387
 30
0.0
 11
-97.08863346729232
 21
-26.08206026135059
 31
0.0
  0
LINE
  5
4E6
330
70
100
AcDbEntity
  8
W-S-D v1_4_ANYTOOL_CUTTHROUGH_OUTSI
100
AcDbLine
 10
-97.06708799182511
 20
-24.76789414112119
 30
0.0
 11
-97.06502792028944
 21
-24.7676435172676
 31
0.0
  0
LINE
  5
4E7
330
70
100
AcDbEntity
  8
W-S-D v1_4_ANYTOOL_CUTTHROUGH_OUTSI
100
AcDbLine
 10
-97.38960493359563
 20
-24.53208567737039
 30
0.0
 11
-97.39777045640245
 21
-24.5364260554378
 31
0.0
  0
LINE
  5
4E8
330
70
100
AcDbEntity
  8
W-S-D v1_4_ANYTOOL_CUTTHROUGH_OUTSI
100
AcDbLine
 10
-97.3812929441323
 20
-24.5280328418648
 30
0.0
 11
-97.38960493359563
 21
-24.53208567737039
 31
0.0
  0
LINE
  5
4E9
330
70
100
AcDbEntity
  8
W-S-D v1_4_ANYTOOL_CUTTHROUGH_OUTSI
100
AcDbLine
 10
-97.01400044594027
 20
-25.93909455392009
 30
0.0
 11
-97.01372044481091
 21
-25.94115083853459
 31
0.0
  0
LINE
  5
4EA
330
70
100
AcDbEntity
  8
W-S-D v1_4_ANYTOOL_CUTTHROUGH_OUTSI
100
AcDbLine
 10
-97.52219679633725
 20
-25.92902550827389
 30
0.0
 11
-97.52149910655703
 21
-25.92707104261321
 31
0.0
  0
LINE
  5
4EB
330
70
100
AcDbEntity
  8
W-S-D v1_4_ANYTOOL_CUTTHROUGH_OUTSI
100
AcDbLine
 10
-97.02764751308242
 20
-24.7471473902388
 30
0.0
 11
-97.02632850765537
 21
-24.7455452255371
 31
0.0
  0
LINE
  5
4EC
330
70
100
AcDbEntity
  8
W-S-D v1_4_ANYTOOL_CUTTHROUGH_OUTSI
100
AcDbLine
 10
-97.14088129281767
 20
-24.5364260554378
 30
0.0
 11
-97.14904681562424
 21
-24.53208567737039
 31
0.0
  0
LINE
  5
4ED
330
70
100
AcDbEntity
  8
W-S-D v1_4_ANYTOOL_CUTTHROUGH_OUTSI
100
AcDbLine
 10
-97.03345296622801
 20
-24.75307200270939
 30
0.0
 11
-97.03192560030075
 21
-24.75166706129698
 31
0.0
  0
LINE
  5
4EE
330
70
100
AcDbEntity
  8
W-S-D v1_4_ANYTOOL_CUTTHROUGH_OUTSI
100
AcDbLine
 10
-97.05102075442272
 20
-24.76392599932328
 30
0.0
 11
-97.04910752185323
 21
-24.7631221036938
 31
0.0
  0
LINE
  5
4EF
330
70
100
AcDbEntity
  8
W-S-D v1_4_ANYTOOL_CUTTHROUGH_OUTSI
100
AcDbLine
 10
-97.08863346729232
 20
-26.08206026135059
 30
0.0
 11
-97.09550679283545
 21
-26.08824670139739
 31
0.0
  0
LINE
  5
4F0
330
70
100
AcDbEntity
  8
W-S-D v1_4_ANYTOOL_CUTTHROUGH_OUTSI
100
AcDbLine
 10
-97.22788124362955
 20
-26.14995596002748
 30
0.0
 11
-97.23703870719322
 21
-26.15124262453449
 31
0.0
  0
LINE
  5
4F1
330
70
100
AcDbEntity
  8
W-S-D v1_4_ANYTOOL_CUTTHROUGH_OUTSI
100
AcDbLine
 10
-97.52282647847112
 20
-25.9310029327246
 30
0.0
 11
-97.52219679633725
 21
-25.92902550827389
 31
0.0
  0
LINE
  5
4F2
330
70
100
AcDbEntity
  8
W-S-D v1_4_ANYTOOL_CUTTHROUGH_OUTSI
100
AcDbLine
 10
-97.01715264266271
 20
-25.92707104261321
 30
0.0
 11
-97.01645495288264
 21
-25.92902550827389
 31
0.0
  0
LINE
  5
4F3
330
70
100
AcDbEntity
  8
W-S-D v1_4_ANYTOOL_CUTTHROUGH_OUTSI
100
AcDbLine
 10
-97.17438153112883
 20
-24.52080918331699
 30
0.0
 11
-97.18307153873023
 21
-24.5176471566946
 31
0.0
  0
LINE
  5
4F4
330
70
100
AcDbEntity
  8
W-S-D v1_4_ANYTOOL_CUTTHROUGH_OUTSI
100
AcDbLine
 10
-97.36427021809113
 20
-24.52080918331699
 30
0.0
 11
-97.37284460971853
 21
-24.52427248415478
 31
0.0
  0
LINE
  5
4F5
330
70
100
AcDbEntity
  8
W-S-D v1_4_ANYTOOL_CUTTHROUGH_OUTSI
100
AcDbLine
 10
-97.07122796640724
 20
-24.76818099736849
 30
0.0
 11
-97.06915549832224
 21
-24.76807337262689
 31
0.0
  0
LINE
  5
4F6
330
70
100
AcDbEntity
  8
W-S-D v1_4_ANYTOOL_CUTTHROUGH_OUTSI
100
AcDbLine
 10
-97.32892293858991
 20
-24.51000536484329
 30
0.0
 11
-97.3378958033785
 21
-24.5122419564377
 31
0.0
  0
LINE
  5
4F7
330
70
100
AcDbEntity
  8
W-S-D v1_4_ANYTOOL_CUTTHROUGH_OUTSI
100
AcDbLine
 10
-97.02764751308242
 20
-25.9092863829475
 30
0.0
 11
-97.02632850765537
 21
-25.9108885476493
 31
0.0
  0
LINE
  5
4F8
330
70
100
AcDbEntity
  8
W-S-D v1_4_ANYTOOL_CUTTHROUGH_OUTSI
100
AcDbLine
 10
-97.46742378281263
 20
-24.7681809973684
 30
0.0
 11
-97.46534883244896
 21
-24.7682168865938
 31
0.0
  0
LINE
  5
4F9
330
70
100
AcDbEntity
  8
W-S-D v1_4_ANYTOOL_CUTTHROUGH_OUTSI
100
AcDbLine
 10
-97.27394958103644
 20
-24.5032572267612
 30
0.0
 11
-97.28319136349274
 21
-24.5035798744096
 31
0.0
  0
LINE
  5
4FA
330
70
100
AcDbEntity
  8
W-S-D v1_4_ANYTOOL_CUTTHROUGH_OUTSI
100
AcDbLine
 10
-97.04355047436592
 20
-25.89611321905409
 30
0.0
 11
-97.04176639550272
 21
-25.8971732990784
 31
0.0
  0
LINE
  5
4FB
330
70
100
AcDbEntity
  8
W-S-D v1_4_ANYTOOL_CUTTHROUGH_OUTSI
100
AcDbLine
 10
-97.18307153873023
 20
-24.5176471566946
 30
0.0
 11
-97.19186658027794
 21
-24.51479025476249
 31
0.0
  0
LINE
  5
4FC
330
70
100
AcDbEntity
  8
W-S-D v1_4_ANYTOOL_CUTTHROUGH_OUTSI
100
AcDbLine
 10
-97.47567400102562
 20
-24.7673218008892
 30
0.0
 11
-97.47362382893044
 21
-24.7676435172676
 31
0.0
  0
LINE
  5
4FD
330
70
100
AcDbEntity
  8
W-S-D v1_4_ANYTOOL_CUTTHROUGH_OUTSI
100
AcDbLine
 10
-97.06915549832224
 20
-24.76807337262689
 30
0.0
 11
-97.06708799182511
 21
-24.76789414112119
 31
0.0
  0
LINE
  5
4FE
330
70
100
AcDbEntity
  8
W-S-D v1_4_ANYTOOL_CUTTHROUGH_OUTSI
100
AcDbLine
 10
-97.03831350908165
 20
-24.7569584638105
 30
0.0
 11
-97.03664883223773
 21
-24.7557192874495
 31
0.0
  0
LINE
  5
4FF
330
70
100
AcDbEntity
  8
W-S-D v1_4_ANYTOOL_CUTTHROUGH_OUTSI
100
AcDbLine
 10
-97.12502923011163
 20
-26.11048581916359
 30
0.0
 11
-97.13287218001802
 21
-26.1153850825002
 31
0.0
  0
LINE
  5
500
330
70
100
AcDbEntity
  8
W-S-D v1_4_ANYTOOL_CUTTHROUGH_OUTSI
100
AcDbLine
 10
-97.07555501833974
 20
-26.0689870590771
 30
0.0
 11
-97.08198017517004
 21
-26.0756377736387
 31
0.0
  0
LINE
  5
501
330
70
100
AcDbEntity
  8
W-S-D v1_4_ANYTOOL_CUTTHROUGH_OUTSI
100
AcDbLine
 10
-97.04910752185323
 20
-24.7631221036938
 30
0.0
 11
-97.04722323441654
 21
-24.76225252454049
 31
0.0
  0
LINE
  5
502
330
70
100
AcDbEntity
  8
W-S-D v1_4_ANYTOOL_CUTTHROUGH_OUTSI
100
AcDbLine
 10
-97.53796548492362
 20
-24.7682168865932
 30
0.0
 11
-97.65932583264557
 21
-24.7682168865932
 31
0.0
  0
LINE
  5
503
330
70
100
AcDbEntity
  8
W-S-D v1_4_ANYTOOL_CUTTHROUGH_OUTSI
100
AcDbLine
 10
-97.1173619936443
 20
-26.10531589368748
 30
0.0
 11
-97.12502923011163
 21
-26.11048581916359
 31
0.0
  0
LINE
  5
504
330
70
100
AcDbEntity
  8
W-S-D v1_4_ANYTOOL_CUTTHROUGH_OUTSI
100
AcDbLine
 10
-97.20972881063005
 20
-24.51000536484329
 30
0.0
 11
-97.2187742481738
 21
-24.5080832035298
 31
0.0
  0
LINE
  5
505
330
70
100
AcDbEntity
  8
W-S-D v1_4_ANYTOOL_CUTTHROUGH_OUTSI
100
AcDbLine
 10
-97.14088129281767
 20
-26.12000771774838
 30
0.0
 11
-97.14904681562424
 21
-26.12434809581579
 31
0.0
  0
LINE
  5
506
330
70
100
AcDbEntity
  8
W-S-D v1_4_ANYTOOL_CUTTHROUGH_OUTSI
100
AcDbLine
 10
-97.19186658027794
 20
-26.1416435184237
 30
0.0
 11
-97.20075594584146
 21
-26.1441918167486
 31
0.0
  0
LINE
  5
507
330
70
100
AcDbEntity
  8
W-S-D v1_4_ANYTOOL_CUTTHROUGH_OUTSI
100
AcDbLine
 10
-97.01435139106086
 20
-25.9370491824207
 30
0.0
 11
-97.01400044594027
 21
-25.93909455392009
 31
0.0
  0
LINE
  5
508
330
70
100
AcDbEntity
  8
W-S-D v1_4_ANYTOOL_CUTTHROUGH_OUTSI
100
AcDbLine
 10
-97.03831350908165
 20
-25.89947530937589
 30
0.0
 11
-97.03664883223773
 21
-25.9007144857369
 31
0.0
  0
LINE
  5
509
330
70
100
AcDbEntity
  8
W-S-D v1_4_ANYTOOL_CUTTHROUGH_OUTSI
100
AcDbLine
 10
-97.013374529125
 20
-25.94528629720149
 30
0.0
 11
-97.01330902838993
 21
-25.94736052397348
 31
0.0
  0
LINE
  5
50A
330
70
100
AcDbEntity
  8
W-S-D v1_4_ANYTOOL_CUTTHROUGH_OUTSI
100
AcDbLine
 10
-97.09550679283545
 20
-26.08824670139739
 30
0.0
 11
-97.10259178198803
 21
-26.09418956040471
 31
0.0
  0
LINE
  5
50B
330
70
100
AcDbEntity
  8
W-S-D v1_4_ANYTOOL_CUTTHROUGH_OUTSI
100
AcDbLine
 10
-97.01526434955466
 20
-25.93300095035779
 30
0.0
 11
-97.01477286033465
 21
-25.9350171709298
 31
0.0
  0
LINE
  5
50C
330
70
100
AcDbEntity
  8
W-S-D v1_4_ANYTOOL_CUTTHROUGH_OUTSI
100
AcDbLine
 10
-97.05772515441182
 20
-24.6086859014794
 30
0.0
 11
-97.06342011948393
 21
-24.6014001607962
 31
0.0
  0
LINE
  5
50D
330
70
100
AcDbEntity
  8
W-S-D v1_4_ANYTOOL_CUTTHROUGH_OUTSI
100
AcDbLine
 10
-97.46928592835308
 20
-24.5943175567879
 30
0.0
 11
-97.47523162973617
 21
-24.6014001607962
 31
0.0
  0
LINE
  5
50E
330
70
100
AcDbEntity
  8
W-S-D v1_4_ANYTOOL_CUTTHROUGH_OUTSI
100
AcDbLine
 10
-97.45667157404993
 20
-24.5807959995475
 30
0.0
 11
-97.46309673088022
 21
-24.5874467141091
 31
0.0
  0
LINE
  5
50F
330
70
100
AcDbEntity
  8
W-S-D v1_4_ANYTOOL_CUTTHROUGH_OUTSI
100
AcDbLine
 10
-97.07555501833974
 20
-24.5874467141091
 30
0.0
 11
-97.08198017517004
 21
-24.5807959995475
 31
0.0
  0
LINE
  5
510
330
70
100
AcDbEntity
  8
W-S-D v1_4_ANYTOOL_CUTTHROUGH_OUTSI
100
AcDbLine
 10
-97.01715264266271
 20
-24.7293627305731
 30
0.0
 11
-97.01645495288264
 21
-24.7274082649125
 31
0.0
  0
LINE
  5
511
330
70
100
AcDbEntity
  8
W-S-D v1_4_ANYTOOL_CUTTHROUGH_OUTSI
100
AcDbLine
 10
-97.02162920452023
 20
-24.7387099589587
 30
0.0
 11
-97.02060558648556
 21
-24.73690471294581
 31
0.0
  0
LINE
  5
512
330
70
100
AcDbEntity
  8
W-S-D v1_4_ANYTOOL_CUTTHROUGH_OUTSI
100
AcDbLine
 10
-97.51358605115306
 20
-25.91253536852339
 30
0.0
 11
-97.51232324156454
 21
-25.9108885476493
 31
0.0
  0
LINE
  5
513
330
70
100
AcDbEntity
  8
W-S-D v1_4_ANYTOOL_CUTTHROUGH_OUTSI
100
AcDbLine
 10
-97.08863346729232
 20
-24.57437351183569
 30
0.0
 11
-97.09550679283545
 21
-24.5681870717888
 31
0.0
  0
LINE
  5
514
330
70
100
AcDbEntity
  8
W-S-D v1_4_ANYTOOL_CUTTHROUGH_OUTSI
100
AcDbLine
 10
-97.17438153112883
 20
-26.13562458986919
 30
0.0
 11
-97.18307153873023
 21
-26.1387866164916
 31
0.0
  0
LINE
  5
515
330
70
100
AcDbEntity
  8
W-S-D v1_4_ANYTOOL_CUTTHROUGH_OUTSI
100
AcDbLine
 10
-97.03664883223773
 20
-25.9007144857369
 30
0.0
 11
-97.03502800495066
 21
-25.902010489577
 31
0.0
  0
LINE
  5
516
330
70
100
AcDbEntity
  8
W-S-D v1_4_ANYTOOL_CUTTHROUGH_OUTSI
100
AcDbLine
 10
-97.01645495288264
 20
-24.7274082649125
 30
0.0
 11
-97.01582527074876
 21
-24.7254308404617
 31
0.0
  0
LINE
  5
517
330
70
100
AcDbEntity
  8
W-S-D v1_4_ANYTOOL_CUTTHROUGH_OUTSI
100
AcDbLine
 10
-97.02632850765537
 20
-25.9108885476493
 30
0.0
 11
-97.02506569806692
 21
-25.91253536852339
 31
0.0
  0
LINE
  5
518
330
70
100
AcDbEntity
  8
W-S-D v1_4_ANYTOOL_CUTTHROUGH_OUTSI
100
AcDbLine
 10
-97.47771182104415
 20
-24.7669293768578
 30
0.0
 11
-97.47567400102562
 21
-24.7673218008892
 31
0.0
  0
LINE
  5
519
330
70
100
AcDbEntity
  8
W-S-D v1_4_ANYTOOL_CUTTHROUGH_OUTSI
100
AcDbLine
 10
-97.31987750104615
 20
-24.5080832035298
 30
0.0
 11
-97.32892293858991
 21
-24.51000536484329
 31
0.0
  0
LINE
  5
51A
330
70
100
AcDbEntity
  8
W-S-D v1_4_ANYTOOL_CUTTHROUGH_OUTSI
100
AcDbLine
 10
-97.37284460971853
 20
-24.52427248415478
 30
0.0
 11
-97.3812929441323
 21
-24.5280328418648
 31
0.0
  0
LINE
  5
51B
330
70
100
AcDbEntity
  8
W-S-D v1_4_ANYTOOL_CUTTHROUGH_OUTSI
100
AcDbLine
 10
-97.01372044481091
 20
-24.71528293465169
 30
0.0
 11
-97.01351172264054
 21
-24.7132181968708
 31
0.0
  0
LINE
  5
51C
330
70
100
AcDbEntity
  8
W-S-D v1_4_ANYTOOL_CUTTHROUGH_OUTSI
100
AcDbLine
 10
-97.20972881063005
 20
-26.14642840834299
 30
0.0
 11
-97.2187742481738
 21
-26.14835056965639
 31
0.0
  0
LINE
  5
51D
330
70
100
AcDbEntity
  8
W-S-D v1_4_ANYTOOL_CUTTHROUGH_OUTSI
100
AcDbLine
 10
-97.50033824013824
 20
-25.89947530937579
 30
0.0
 11
-97.49863170520303
 21
-25.89829444292989
 31
0.0
  0
LINE
  5
51E
330
70
100
AcDbEntity
  8
W-S-D v1_4_ANYTOOL_CUTTHROUGH_OUTSI
100
AcDbLine
 10
-97.01435139106086
 20
-24.7193845907656
 30
0.0
 11
-97.01400044594027
 21
-24.71733921926619
 31
0.0
  0
LINE
  5
51F
330
70
100
AcDbEntity
  8
W-S-D v1_4_ANYTOOL_CUTTHROUGH_OUTSI
100
AcDbLine
 10
-97.18307153873023
 20
-26.1387866164916
 30
0.0
 11
-97.19186658027794
 21
-26.1416435184237
 31
0.0
  0
LINE
  5
520
330
70
100
AcDbEntity
  8
W-S-D v1_4_ANYTOOL_CUTTHROUGH_OUTSI
100
AcDbLine
 10
-97.47523162973617
 20
-24.6014001607962
 30
0.0
 11
-97.48092659480805
 21
-24.6086859014794
 31
0.0
  0
LINE
  5
521
330
70
100
AcDbEntity
  8
W-S-D v1_4_ANYTOOL_CUTTHROUGH_OUTSI
100
AcDbLine
 10
-97.45001828192762
 20
-24.57437351183569
 30
0.0
 11
-97.45667157404993
 21
-24.5807959995475
 31
0.0
  0
LINE
  5
522
330
70
100
AcDbEntity
  8
W-S-D v1_4_ANYTOOL_CUTTHROUGH_OUTSI
100
AcDbLine
 10
-97.24623548760495
 20
-24.5042247768107
 30
0.0
 11
-97.25546038572721
 21
-24.5035798744096
 31
0.0
  0
LINE
  5
523
330
70
100
AcDbEntity
  8
W-S-D v1_4_ANYTOOL_CUTTHROUGH_OUTSI
100
AcDbLine
 10
-97.10987980719133
 20
-26.0998816016125
 30
0.0
 11
-97.1173619936443
 21
-26.10531589368748
 31
0.0
  0
LINE
  5
524
330
70
100
AcDbEntity
  8
W-S-D v1_4_ANYTOOL_CUTTHROUGH_OUTSI
100
AcDbLine
 10
-97.16580713950136
 20
-24.5242724841549
 30
0.0
 11
-97.17438153112883
 21
-24.52080918331699
 31
0.0
  0
LINE
  5
525
330
70
100
AcDbEntity
  8
W-S-D v1_4_ANYTOOL_CUTTHROUGH_OUTSI
100
AcDbLine
 10
-97.02271464020524
 20
-24.74047872588009
 30
0.0
 11
-97.02162920452023
 21
-24.7387099589587
 31
0.0
  0
LINE
  5
526
330
70
100
AcDbEntity
  8
W-S-D v1_4_ANYTOOL_CUTTHROUGH_OUTSI
100
AcDbLine
 10
-97.46949625089767
 20
-25.88836040055939
 30
0.0
 11
-97.46742378281263
 21
-25.8882527758178
 31
0.0
  0
LINE
  5
527
330
70
100
AcDbEntity
  8
W-S-D v1_4_ANYTOOL_CUTTHROUGH_OUTSI
100
AcDbLine
 10
-97.47362382893044
 20
-24.7676435172676
 30
0.0
 11
-97.47156375739471
 21
-24.76789414112119
 31
0.0
  0
LINE
  5
528
330
70
100
AcDbEntity
  8
W-S-D v1_4_ANYTOOL_CUTTHROUGH_OUTSI
100
AcDbLine
 10
-97.51702254469966
 20
-25.91772381422759
 30
0.0
 11
-97.51593710901465
 21
-25.9159550473063
 31
0.0
  0
LINE
  5
529
330
70
100
AcDbEntity
  8
W-S-D v1_4_ANYTOOL_CUTTHROUGH_OUTSI
100
AcDbLine
 10
-97.02386059502556
 20
-25.9142248754657
 30
0.0
 11
-97.02271464020524
 21
-25.9159550473063
 31
0.0
  0
LINE
  5
52A
330
70
100
AcDbEntity
  8
W-S-D v1_4_ANYTOOL_CUTTHROUGH_OUTSI
100
AcDbLine
 10
-97.05772515441182
 20
-26.0477478717068
 30
0.0
 11
-97.06342011948393
 21
-26.05503361239
 31
0.0
  0
LINE
  5
52B
330
70
100
AcDbEntity
  8
W-S-D v1_4_ANYTOOL_CUTTHROUGH_OUTSI
100
AcDbLine
 10
-97.71932587461689
 20
-24.8282168865934
 30
0.0
 11
-97.55033339001835
 21
-25.31105255687489
 31
0.0
  0
LINE
  5
52C
330
70
100
AcDbEntity
  8
W-S-D v1_4_ANYTOOL_CUTTHROUGH_OUTSI
100
AcDbLine
 10
-97.03502800495066
 20
-25.902010489577
 30
0.0
 11
-97.03345296622801
 21
-25.90336177047689
 31
0.0
  0
LINE
  5
52D
330
70
100
AcDbEntity
  8
W-S-D v1_4_ANYTOOL_CUTTHROUGH_OUTSI
100
AcDbLine
 10
-97.23703870719322
 20
-26.15124262453449
 30
0.0
 11
-97.24623548760495
 21
-26.15220899637549
 31
0.0
  0
LINE
  5
52E
330
70
100
AcDbEntity
  8
W-S-D v1_4_ANYTOOL_CUTTHROUGH_OUTSI
100
AcDbLine
 10
-97.51900673855693
 20
-25.92136862571559
 30
0.0
 11
-97.51804616273432
 21
-25.91952906024049
 31
0.0
  0
LINE
  5
52F
330
70
100
AcDbEntity
  8
W-S-D v1_4_ANYTOOL_CUTTHROUGH_OUTSI
100
AcDbLine
 10
-97.01582527074876
 20
-24.7254308404617
 30
0.0
 11
-97.01526434955466
 21
-24.7234328228286
 31
0.0
  0
LINE
  5
530
330
70
100
AcDbEntity
  8
W-S-D v1_4_ANYTOOL_CUTTHROUGH_OUTSI
100
AcDbLine
 10
-97.47362382893044
 20
-25.8887902559187
 30
0.0
 11
-97.47156375739471
 21
-25.88853963206509
 31
0.0
  0
LINE
  5
531
330
70
100
AcDbEntity
  8
W-S-D v1_4_ANYTOOL_CUTTHROUGH_OUTSI
100
AcDbLine
 10
-97.06342011948393
 20
-24.6014001607962
 30
0.0
 11
-97.06936582086683
 21
-24.5943175567879
 31
0.0
  0
LINE
  5
532
330
70
100
AcDbEntity
  8
W-S-D v1_4_ANYTOOL_CUTTHROUGH_OUTSI
100
AcDbLine
 10
-97.01477286033465
 20
-25.9350171709298
 30
0.0
 11
-97.01435139106086
 21
-25.9370491824207
 31
0.0
  0
LINE
  5
533
330
70
100
AcDbEntity
  8
W-S-D v1_4_ANYTOOL_CUTTHROUGH_OUTSI
100
AcDbLine
 10
-97.01372044481091
 20
-25.94115083853459
 30
0.0
 11
-97.01351172264054
 21
-25.9432155763155
 31
0.0
  0
LINE
  5
534
330
70
100
AcDbEntity
  8
W-S-D v1_4_ANYTOOL_CUTTHROUGH_OUTSI
100
AcDbLine
 10
-97.04711485900386
 20
-26.03260270495149
 30
0.0
 11
-97.05228786054483
 21
-26.04026786636739
 31
0.0
  0
LINE
  5
535
330
70
100
AcDbEntity
  8
W-S-D v1_4_ANYTOOL_CUTTHROUGH_OUTSI
100
AcDbLine
 10
-97.06936582086683
 20
-24.5943175567879
 30
0.0
 11
-97.07555501833974
 21
-24.5874467141091
 31
0.0
  0
LINE
  5
536
330
70
100
AcDbEntity
  8
W-S-D v1_4_ANYTOOL_CUTTHROUGH_OUTSI
100
AcDbLine
 10
-97.10259178198803
 20
-26.09418956040471
 30
0.0
 11
-97.10987980719133
 21
-26.0998816016125
 31
0.0
  0
ARC
  5
537
330
70
100
AcDbEntity
  8
W-S-D v1_4_ANYTOOL_CUTTHROUGH_OUTSI
100
AcDbCircle
 10
96.93082587461718
 20
-25.32821688659313
 30
0.0
 40
0.0599999999997664
210
0.0
220
0.0
230
-1.0
100
AcDbArc
 50
343.3770524835904
 51
16.62294751628419
  0
ARC
  5
538
330
70
100
AcDbEntity
  8
W-S-D v1_4_ANYTOOL_CUTTHROUGH_OUTSI
100
AcDbCircle
 10
-97.65932587461691
 20
-24.82821688659316
 30
0.0
 40
0.0599999999999786
100
AcDbArc
 50
89.99995992031568
 51
180.0000000002239
  0
LINE
  5
539
330
70
100
AcDbEntity
  8
W-S-D v1_4_ANYTOOL_CUTTHROUGH_OUTSI
100
AcDbLine
 10
-97.13287218001802
 20
-24.541048690686
 30
0.0
 11
-97.14088129281767
 21
-24.5364260554378
 31
0.0
  0
LINE
  5
53A
330
70
100
AcDbEntity
  8
W-S-D v1_4_ANYTOOL_CUTTHROUGH_OUTSI
100
AcDbLine
 10
-97.02902113641192
 20
-24.7487029820866
 30
0.0
 11
-97.02764751308242
 21
-24.7471473902388
 31
0.0
  0
LINE
  5
53B
330
70
100
AcDbEntity
  8
W-S-D v1_4_ANYTOOL_CUTTHROUGH_OUTSI
100
AcDbLine
 10
-97.02060558648556
 20
-25.91952906024049
 30
0.0
 11
-97.01964501066294
 21
-25.92136862571559
 31
0.0
  0
LINE
  5
53C
330
70
100
AcDbEntity
  8
W-S-D v1_4_ANYTOOL_CUTTHROUGH_OUTSI
100
AcDbLine
 10
-97.01351172264054
 20
-25.9432155763155
 30
0.0
 11
-97.013374529125
 21
-25.94528629720149
 31
0.0
  0
LINE
  5
53D
330
70
100
AcDbEntity
  8
W-S-D v1_4_ANYTOOL_CUTTHROUGH_OUTSI
100
AcDbLine
 10
-97.06342011948393
 20
-26.05503361239
 30
0.0
 11
-97.06936582086683
 21
-26.06211621639829
 31
0.0
  0
LINE
  5
53E
330
70
100
AcDbEntity
  8
W-S-D v1_4_ANYTOOL_CUTTHROUGH_OUTSI
100
AcDbLine
 10
-97.01874862619654
 20
-25.923240309967
 30
0.0
 11
-97.01791750543774
 21
-25.92514187388449
 31
0.0
  0
LINE
  5
53F
330
70
100
AcDbEntity
  8
W-S-D v1_4_ANYTOOL_CUTTHROUGH_OUTSI
100
AcDbLine
 10
-97.52387888888524
 20
-25.93501717092969
 30
0.0
 11
-97.52338739966525
 21
-25.93300095035779
 31
0.0
  0
LINE
  5
540
330
70
100
AcDbEntity
  8
W-S-D v1_4_ANYTOOL_CUTTHROUGH_OUTSI
100
AcDbLine
 10
-97.013374529125
 20
-24.71114747598489
 30
0.0
 11
-97.01330902838993
 21
-24.7090732492128
 31
0.0
  0
LINE
  5
541
330
70
100
AcDbEntity
  8
W-S-D v1_4_ANYTOOL_CUTTHROUGH_OUTSI
100
AcDbLine
 10
-97.24623548760495
 20
-26.15220899637549
 30
0.0
 11
-97.25546038572721
 21
-26.15285389877659
 31
0.0
  0
LINE
  5
542
330
70
100
AcDbEntity
  8
W-S-D v1_4_ANYTOOL_CUTTHROUGH_OUTSI
100
AcDbLine
 10
-97.03345296622801
 20
-25.90336177047689
 30
0.0
 11
-97.03192560030075
 21
-25.90476671188929
 31
0.0
  0
LINE
  5
543
330
70
100
AcDbEntity
  8
W-S-D v1_4_ANYTOOL_CUTTHROUGH_OUTSI
100
AcDbLine
 10
-97.05228786054483
 20
-26.04026786636739
 30
0.0
 11
-97.05772515441182
 21
-26.0477478717068
 31
0.0
  0
LINE
  5
544
330
70
100
AcDbEntity
  8
W-S-D v1_4_ANYTOOL_CUTTHROUGH_OUTSI
100
AcDbLine
 10
-97.04722323441654
 20
-24.76225252454049
 30
0.0
 11
-97.04537014629963
 21
-24.76131830214759
 31
0.0
  0
LINE
  5
545
330
70
100
AcDbEntity
  8
W-S-D v1_4_ANYTOOL_CUTTHROUGH_OUTSI
100
AcDbLine
 10
-97.49688535371717
 20
-25.89717329907829
 30
0.0
 11
-97.49510127485395
 21
-25.89611321905409
 31
0.0
  0
LINE
  5
546
330
70
100
AcDbEntity
  8
W-S-D v1_4_ANYTOOL_CUTTHROUGH_OUTSI
100
AcDbLine
 10
-97.22788124362955
 20
-24.50647781315869
 30
0.0
 11
-97.23703870719322
 21
-24.5051911486517
 31
0.0
  0
LINE
  5
547
330
70
100
AcDbEntity
  8
W-S-D v1_4_ANYTOOL_CUTTHROUGH_OUTSI
100
AcDbLine
 10
-97.04176639550272
 20
-25.8971732990784
 30
0.0
 11
-97.04002004401687
 21
-25.89829444292989
 31
0.0
  0
LINE
  5
548
330
70
100
AcDbEntity
  8
W-S-D v1_4_ANYTOOL_CUTTHROUGH_OUTSI
100
AcDbLine
 10
-97.43605996723193
 20
-24.5622442127815
 30
0.0
 11
-97.44314495638443
 21
-24.5681870717888
 31
0.0
  0
LINE
  5
549
330
70
100
AcDbEntity
  8
W-S-D v1_4_ANYTOOL_CUTTHROUGH_OUTSI
100
AcDbLine
 10
-97.4817406711066
 20
-24.76593436770159
 30
0.0
 11
-97.4797348511265
 21
-24.76646671463321
 31
0.0
  0
LINE
  5
54A
330
70
100
AcDbEntity
  8
W-S-D v1_4_ANYTOOL_CUTTHROUGH_OUTSI
100
AcDbLine
 10
-97.01477286033465
 20
-24.72141660225659
 30
0.0
 11
-97.01435139106086
 21
-24.7193845907656
 31
0.0
  0
LINE
  5
54B
330
70
100
AcDbEntity
  8
W-S-D v1_4_ANYTOOL_CUTTHROUGH_OUTSI
100
AcDbLine
 10
-97.02902113641192
 20
-25.90773079109969
 30
0.0
 11
-97.02764751308242
 21
-25.9092863829475
 31
0.0
  0
LINE
  5
54C
330
70
100
AcDbEntity
  8
W-S-D v1_4_ANYTOOL_CUTTHROUGH_OUTSI
100
AcDbLine
 10
-97.01791750543774
 20
-24.73129189930179
 30
0.0
 11
-97.01715264266271
 21
-24.7293627305731
 31
0.0
  0
LINE
  5
54D
330
70
100
AcDbEntity
  8
W-S-D v1_4_ANYTOOL_CUTTHROUGH_OUTSI
100
AcDbLine
 10
-97.2187742481738
 20
-24.5080832035298
 30
0.0
 11
-97.22788124362955
 21
-24.50647781315869
 31
0.0
  0
LINE
  5
54E
330
70
100
AcDbEntity
  8
W-S-D v1_4_ANYTOOL_CUTTHROUGH_OUTSI
100
AcDbLine
 10
-97.10987980719133
 20
-24.55655217157369
 30
0.0
 11
-97.1173619936443
 21
-24.5511178794987
 31
0.0
  0
LINE
  5
54F
330
70
100
AcDbEntity
  8
W-S-D v1_4_ANYTOOL_CUTTHROUGH_OUTSI
100
AcDbLine
 10
-97.03192560030075
 20
-24.75166706129698
 30
0.0
 11
-97.03044773436793
 21
-24.75021014011419
 31
0.0
  0
LINE
  5
550
330
70
100
AcDbEntity
  8
W-S-D v1_4_ANYTOOL_CUTTHROUGH_OUTSI
100
AcDbLine
 10
-97.02632850765537
 20
-24.7455452255371
 30
0.0
 11
-97.02506569806692
 21
-24.7438984046629
 31
0.0
  0
LINE
  5
551
330
70
100
AcDbEntity
  8
W-S-D v1_4_ANYTOOL_CUTTHROUGH_OUTSI
100
AcDbLine
 10
-97.28319136349274
 20
-24.5035798744096
 30
0.0
 11
-97.29241626161501
 21
-24.5042247768107
 31
0.0
  0
LINE
  5
552
330
70
100
AcDbEntity
  8
W-S-D v1_4_ANYTOOL_CUTTHROUGH_OUTSI
100
AcDbLine
 10
-97.02386059502556
 20
-24.7422088977207
 30
0.0
 11
-97.02271464020524
 21
-24.74047872588009
 31
0.0
  0
LINE
  5
553
330
70
100
AcDbEntity
  8
W-S-D v1_4_ANYTOOL_CUTTHROUGH_OUTSI
100
AcDbLine
 10
-97.20075594584146
 20
-26.1441918167486
 30
0.0
 11
-97.20972881063005
 21
-26.14642840834299
 31
0.0
  0
LINE
  5
554
330
70
100
AcDbEntity
  8
W-S-D v1_4_ANYTOOL_CUTTHROUGH_OUTSI
100
AcDbLine
 10
-96.98831835921538
 20
-25.31105255687429
 30
0.0
 11
-96.81932587461686
 21
-24.8282168865932
 31
0.0
  0
LINE
  5
555
330
70
100
AcDbEntity
  8
W-S-D v1_4_ANYTOOL_CUTTHROUGH_OUTSI
100
AcDbLine
 10
-97.01351172264054
 20
-24.7132181968708
 30
0.0
 11
-97.013374529125
 21
-24.71114747598489
 31
0.0
  0
LINE
  5
556
330
70
100
AcDbEntity
  8
W-S-D v1_4_ANYTOOL_CUTTHROUGH_OUTSI
100
AcDbLine
 10
-97.15735880508766
 20
-24.5280328418648
 30
0.0
 11
-97.16580713950136
 21
-24.5242724841549
 31
0.0
  0
LINE
  5
557
330
70
100
AcDbEntity
  8
W-S-D v1_4_ANYTOOL_CUTTHROUGH_OUTSI
100
AcDbLine
 10
-97.03044773436793
 20
-25.9062236330722
 30
0.0
 11
-97.02902113641192
 21
-25.90773079109969
 31
0.0
  0
LINE
  5
558
330
70
100
AcDbEntity
  8
W-S-D v1_4_ANYTOOL_CUTTHROUGH_OUTSI
100
AcDbLine
 10
-97.04221244907554
 20
-26.02476172150749
 30
0.0
 11
-97.04711485900386
 21
-26.03260270495149
 31
0.0
  0
LINE
  5
559
330
70
100
AcDbEntity
  8
W-S-D v1_4_ANYTOOL_CUTTHROUGH_OUTSI
100
AcDbLine
 10
-97.03324294640401
 20
-26.00859068361508
 30
0.0
 11
-97.03758660054054
 21
-26.01675446418639
 31
0.0
  0
LINE
  5
55A
330
70
100
AcDbEntity
  8
W-S-D v1_4_ANYTOOL_CUTTHROUGH_OUTSI
100
AcDbLine
 10
-97.01330902838993
 20
-25.94736052397348
 30
0.0
 11
-97.01331529879412
 21
-25.94943577521859
 31
0.0
  0
ARC
  5
55B
330
70
100
AcDbEntity
  8
W-S-D v1_4_ANYTOOL_CUTTHROUGH_OUTSI
100
AcDbCircle
 10
97.03250606946328
 20
-25.92003669174657
 30
0.0
 40
0.0449999999999448
210
0.0
220
0.0
230
-1.0
100
AcDbArc
 50
330.3051943813902
 51
135.0000000885683
  0
LINE
  5
55C
330
70
100
AcDbEntity
  8
W-S-D v1_4_ANYTOOL_CUTTHROUGH_OUTSI
100
AcDbLine
 10
-97.52493130440882
 20
-25.94115083853459
 30
0.0
 11
-97.52465130327962
 21
-25.93909455392009
 31
0.0
  0
LINE
  5
55D
330
70
100
AcDbEntity
  8
W-S-D v1_4_ANYTOOL_CUTTHROUGH_OUTSI
100
AcDbLine
 10
-97.02195628769594
 20
-25.98326049484669
 30
0.0
 11
-97.02542302873233
 21
-25.9918334961334
 31
0.0
  0
LINE
  5
55E
330
70
100
AcDbEntity
  8
W-S-D v1_4_ANYTOOL_CUTTHROUGH_OUTSI
100
AcDbLine
 10
-97.47567400102562
 20
-25.889111972297
 30
0.0
 11
-97.47362382893044
 21
-25.8887902559187
 31
0.0
  0
LINE
  5
55F
330
70
100
AcDbEntity
  8
W-S-D v1_4_ANYTOOL_CUTTHROUGH_OUTSI
100
AcDbLine
 10
-97.52525841638345
 20
-24.70492420488819
 30
0.0
 11
-97.52533645042575
 21
-24.7069979979677
 31
0.0
  0
LINE
  5
560
330
70
100
AcDbEntity
  8
W-S-D v1_4_ANYTOOL_CUTTHROUGH_OUTSI
100
AcDbLine
 10
-97.47156375739471
 20
-25.88853963206509
 30
0.0
 11
-97.46949625089767
 21
-25.88836040055939
 31
0.0
  0
LINE
  5
561
330
70
100
AcDbEntity
  8
W-S-D v1_4_ANYTOOL_CUTTHROUGH_OUTSI
100
AcDbLine
 10
-97.01485369460034
 20
-25.96177005698399
 30
0.0
 11
-97.01535735881932
 21
-25.9637832706842
 31
0.0
  0
LINE
  5
562
330
70
100
AcDbEntity
  8
W-S-D v1_4_ANYTOOL_CUTTHROUGH_OUTSI
100
AcDbLine
 10
-97.51479115419433
 20
-24.7422088977205
 30
0.0
 11
-97.51358605115306
 21
-24.74389840466279
 31
0.0
  0
LINE
  5
563
330
70
100
AcDbEntity
  8
W-S-D v1_4_ANYTOOL_CUTTHROUGH_OUTSI
100
AcDbLine
 10
-97.01354303716421
 20
-25.95357942231771
 30
0.0
 11
-97.01376423268493
 21
-25.95564286109548
 31
0.0
  0
LINE
  5
564
330
70
100
AcDbEntity
  8
W-S-D v1_4_ANYTOOL_CUTTHROUGH_OUTSI
100
AcDbLine
 10
-97.01879077446001
 20
-25.9745717567089
 30
0.0
 11
-97.02195628769594
 21
-25.98326049484669
 31
0.0
  0
LINE
  5
565
330
70
100
AcDbEntity
  8
W-S-D v1_4_ANYTOOL_CUTTHROUGH_OUTSI
100
AcDbLine
 10
-97.4817406711066
 20
-25.89049940548461
 30
0.0
 11
-97.4797348511265
 21
-25.8899670585531
 31
0.0
  0
LINE
  5
566
330
70
100
AcDbEntity
  8
W-S-D v1_4_ANYTOOL_CUTTHROUGH_OUTSI
100
AcDbLine
 10
-97.50540880281597
 20
-24.6478430895711
 30
0.0
 11
-97.50946497318352
 21
-24.6561534521638
 31
0.0
  0
LINE
  5
567
330
70
100
AcDbEntity
  8
W-S-D v1_4_ANYTOOL_CUTTHROUGH_OUTSI
100
AcDbLine
 10
-97.42877194202863
 20
-24.55655217157369
 30
0.0
 11
-97.43605996723193
 21
-24.5622442127815
 31
0.0
  0
LINE
  5
568
330
70
100
AcDbEntity
  8
W-S-D v1_4_ANYTOOL_CUTTHROUGH_OUTSI
100
AcDbLine
 10
-97.07330291677086
 20
-24.76821688659389
 30
0.0
 11
-97.07122796640724
 21
-24.76818099736849
 31
0.0
  0
LINE
  5
569
330
70
100
AcDbEntity
  8
W-S-D v1_4_ANYTOOL_CUTTHROUGH_OUTSI
100
AcDbLine
 10
-97.01331529879412
 20
-25.94943577521859
 30
0.0
 11
-97.01339333283643
 21
-25.95150956829809
 31
0.0
  0
LINE
  5
56A
330
70
100
AcDbEntity
  8
W-S-D v1_4_ANYTOOL_CUTTHROUGH_OUTSI
100
AcDbLine
 10
-97.44314495638443
 20
-24.5681870717888
 30
0.0
 11
-97.45001828192762
 21
-24.57437351183569
 31
0.0
  0
LINE
  5
56B
330
70
100
AcDbEntity
  8
W-S-D v1_4_ANYTOOL_CUTTHROUGH_OUTSI
100
AcDbLine
 10
-97.46309673088022
 20
-24.5874467141091
 30
0.0
 11
-97.46928592835308
 21
-24.5943175567879
 31
0.0
  0
LINE
  5
56C
330
70
100
AcDbEntity
  8
W-S-D v1_4_ANYTOOL_CUTTHROUGH_OUTSI
100
AcDbLine
 10
-97.40577956920192
 20
-24.541048690686
 30
0.0
 11
-97.41362251910834
 21
-24.54594795402259
 31
0.0
  0
LINE
  5
56D
330
70
100
AcDbEntity
  8
W-S-D v1_4_ANYTOOL_CUTTHROUGH_OUTSI
100
AcDbLine
 10
-97.13287218001802
 20
-26.1153850825002
 30
0.0
 11
-97.14088129281767
 21
-26.12000771774838
 31
0.0
  0
LINE
  5
56E
330
70
100
AcDbEntity
  8
W-S-D v1_4_ANYTOOL_CUTTHROUGH_OUTSI
100
AcDbLine
 10
-97.3378958033785
 20
-24.5122419564377
 30
0.0
 11
-97.34678516894202
 21
-24.51479025476249
 31
0.0
  0
LINE
  5
56F
330
70
100
AcDbEntity
  8
W-S-D v1_4_ANYTOOL_CUTTHROUGH_OUTSI
100
AcDbLine
 10
-97.48569110590937
 20
-25.89177052346359
 30
0.0
 11
-97.48372688140706
 21
-25.8911008002725
 31
0.0
  0
LINE
  5
570
330
70
100
AcDbEntity
  8
W-S-D v1_4_ANYTOOL_CUTTHROUGH_OUTSI
100
AcDbLine
 10
-97.02918677603646
 20
-26.00028032102239
 30
0.0
 11
-97.03324294640401
 21
-26.00859068361508
 31
0.0
  0
LINE
  5
571
330
70
100
AcDbEntity
  8
W-S-D v1_4_ANYTOOL_CUTTHROUGH_OUTSI
100
AcDbLine
 10
-97.2187742481738
 20
-26.14835056965639
 30
0.0
 11
-97.22788124362955
 21
-26.14995596002748
 31
0.0
  0
ARC
  5
572
330
70
100
AcDbEntity
  8
W-S-D v1_4_ANYTOOL_CUTTHROUGH_OUTSI
100
AcDbCircle
 10
97.50614567977015
 20
-24.7363970814399
 30
0.0
 40
0.0449999999999899
210
0.0
220
0.0
230
-1.0
100
AcDbArc
 50
150.3051943809195
 51
315.0000000001759
  0
LINE
  5
573
330
70
100
AcDbEntity
  8
W-S-D v1_4_ANYTOOL_CUTTHROUGH_OUTSI
100
AcDbLine
 10
-97.47771182104415
 20
-25.88950439632839
 30
0.0
 11
-97.47567400102562
 21
-25.889111972297
 31
0.0
  0
LINE
  5
574
330
70
100
AcDbEntity
  8
W-S-D v1_4_ANYTOOL_CUTTHROUGH_OUTSI
100
AcDbLine
 10
-96.87932587461716
 20
-24.7682168865932
 30
0.0
 11
-97.00068626430985
 21
-24.76821688659309
 31
0.0
  0
LINE
  5
575
330
70
100
AcDbEntity
  8
W-S-D v1_4_ANYTOOL_CUTTHROUGH_OUTSI
100
AcDbLine
 10
-97.42128975557564
 20
-24.5511178794987
 30
0.0
 11
-97.42877194202863
 21
-24.55655217157369
 31
0.0
  0
LINE
  5
576
330
70
100
AcDbEntity
  8
W-S-D v1_4_ANYTOOL_CUTTHROUGH_OUTSI
100
AcDbLine
 10
-97.06297774819425
 20
-24.76732180088929
 30
0.0
 11
-97.06093992817573
 21
-24.7669293768579
 31
0.0
  0
LINE
  5
577
330
70
100
AcDbEntity
  8
W-S-D v1_4_ANYTOOL_CUTTHROUGH_OUTSI
100
AcDbLine
 10
-97.51232324156454
 20
-25.9108885476493
 30
0.0
 11
-97.51100423613745
 21
-25.9092863829475
 31
0.0
  0
LINE
  5
578
330
70
100
AcDbEntity
  8
W-S-D v1_4_ANYTOOL_CUTTHROUGH_OUTSI
100
AcDbLine
 10
-97.0144199536249
 20
-25.95974062952429
 30
0.0
 11
-97.01485369460034
 21
-25.96177005698399
 31
0.0
  0
LINE
  5
579
330
70
100
AcDbEntity
  8
W-S-D v1_4_ANYTOOL_CUTTHROUGH_OUTSI
100
AcDbLine
 10
-97.0569110781132
 20
-25.8904994054847
 30
0.0
 11
-97.05492486781281
 21
-25.8911008002726
 31
0.0
  0
LINE
  5
57A
330
70
100
AcDbEntity
  8
W-S-D v1_4_ANYTOOL_CUTTHROUGH_OUTSI
100
AcDbLine
 10
-97.01405665478073
 20
-25.95769741612418
 30
0.0
 11
-97.0144199536249
 21
-25.95974062952429
 31
0.0
  0
LINE
  5
57B
330
70
100
AcDbEntity
  8
W-S-D v1_4_ANYTOOL_CUTTHROUGH_OUTSI
100
AcDbLine
 10
-97.48569110590937
 20
-24.7646632497226
 30
0.0
 11
-97.48372688140706
 21
-24.76533297291369
 31
0.0
  0
LINE
  5
57C
330
70
100
AcDbEntity
  8
W-S-D v1_4_ANYTOOL_CUTTHROUGH_OUTSI
100
AcDbLine
 10
-97.01376423268493
 20
-25.95564286109548
 30
0.0
 11
-97.01405665478073
 21
-25.95769741612418
 31
0.0
  0
LINE
  5
57D
330
70
100
AcDbEntity
  8
W-S-D v1_4_ANYTOOL_CUTTHROUGH_OUTSI
100
AcDbLine
 10
-97.06297774819425
 20
-25.88911197229709
 30
0.0
 11
-97.06093992817573
 21
-25.8895043963285
 31
0.0
  0
LINE
  5
57E
330
70
100
AcDbEntity
  8
W-S-D v1_4_ANYTOOL_CUTTHROUGH_OUTSI
100
AcDbLine
 10
-97.48372688140706
 20
-25.8911008002725
 30
0.0
 11
-97.4817406711066
 21
-25.89049940548461
 31
0.0
  0
LINE
  5
57F
330
70
100
AcDbEntity
  8
W-S-D v1_4_ANYTOOL_CUTTHROUGH_OUTSI
100
AcDbLine
 10
-97.19186658027794
 20
-24.51479025476249
 30
0.0
 11
-97.20075594584146
 21
-24.5122419564377
 31
0.0
  0
LINE
  5
580
330
70
100
AcDbEntity
  8
W-S-D v1_4_ANYTOOL_CUTTHROUGH_OUTSI
100
AcDbLine
 10
-97.35558021048966
 20
-24.5176471566946
 30
0.0
 11
-97.36427021809113
 21
-24.52080918331699
 31
0.0
  0
LINE
  5
581
330
70
100
AcDbEntity
  8
W-S-D v1_4_ANYTOOL_CUTTHROUGH_OUTSI
100
AcDbLine
 10
-97.52282647847112
 20
-24.72543084046159
 30
0.0
 11
-97.52219679633725
 21
-24.7274082649123
 31
0.0
  0
LINE
  5
582
330
70
100
AcDbEntity
  8
W-S-D v1_4_ANYTOOL_CUTTHROUGH_OUTSI
100
AcDbLine
 10
-97.49510127485395
 20
-25.89611321905409
 30
0.0
 11
-97.49328160292026
 21
-25.8951154710387
 31
0.0
  0
LINE
  5
583
330
70
100
AcDbEntity
  8
W-S-D v1_4_ANYTOOL_CUTTHROUGH_OUTSI
100
AcDbLine
 10
-97.51990312302332
 20
-25.92324030996689
 30
0.0
 11
-97.51900673855693
 21
-25.92136862571559
 31
0.0
  0
LINE
  5
584
330
70
100
AcDbEntity
  8
W-S-D v1_4_ANYTOOL_CUTTHROUGH_OUTSI
100
AcDbLine
 10
-97.03758660054054
 20
-26.01675446418639
 30
0.0
 11
-97.04221244907554
 21
-26.02476172150749
 31
0.0
  0
LINE
  5
585
330
70
100
AcDbEntity
  8
W-S-D v1_4_ANYTOOL_CUTTHROUGH_OUTSI
100
AcDbLine
 10
-97.01526434955466
 20
-24.7234328228286
 30
0.0
 11
-97.01477286033465
 21
-24.72141660225659
 31
0.0
  0
LINE
  5
586
330
70
100
AcDbEntity
  8
W-S-D v1_4_ANYTOOL_CUTTHROUGH_OUTSI
100
AcDbLine
 10
-97.02542302873233
 20
-25.9918334961334
 30
0.0
 11
-97.02918677603646
 21
-26.00028032102239
 31
0.0
  0
LINE
  5
587
330
70
100
AcDbEntity
  8
W-S-D v1_4_ANYTOOL_CUTTHROUGH_OUTSI
100
AcDbLine
 10
-97.47156375739471
 20
-24.76789414112119
 30
0.0
 11
-97.46949625089767
 21
-24.76807337262679
 31
0.0
  0
LINE
  5
588
330
70
100
AcDbEntity
  8
W-S-D v1_4_ANYTOOL_CUTTHROUGH_OUTSI
100
AcDbLine
 10
-97.52514002657926
 20
-25.9432155763155
 30
0.0
 11
-97.52493130440882
 21
-25.94115083853459
 31
0.0
  0
LINE
  5
589
330
70
100
AcDbEntity
  8
W-S-D v1_4_ANYTOOL_CUTTHROUGH_OUTSI
100
AcDbLine
 10
-97.10259178198803
 20
-24.5622442127815
 30
0.0
 11
-97.10987980719133
 21
-24.55655217157369
 31
0.0
  0
LINE
  5
58A
330
70
100
AcDbEntity
  8
W-S-D v1_4_ANYTOOL_CUTTHROUGH_OUTSI
100
AcDbLine
 10
-97.5096306128079
 20
-25.90773079109969
 30
0.0
 11
-97.50820401485196
 21
-25.90622363307208
 31
0.0
  0
LINE
  5
58B
330
70
100
AcDbEntity
  8
W-S-D v1_4_ANYTOOL_CUTTHROUGH_OUTSI
100
AcDbLine
 10
-97.16580713950136
 20
-26.13216128903139
 30
0.0
 11
-97.17438153112883
 21
-26.13562458986919
 31
0.0
  0
LINE
  5
58C
330
70
100
AcDbEntity
  8
W-S-D v1_4_ANYTOOL_CUTTHROUGH_OUTSI
100
AcDbLine
 10
-97.52459509443916
 20
-24.69873635706201
 30
0.0
 11
-97.52488751653503
 21
-24.7007909120908
 31
0.0
  0
LINE
  5
58D
330
70
100
AcDbEntity
  8
W-S-D v1_4_ANYTOOL_CUTTHROUGH_OUTSI
100
AcDbLine
 10
-97.48763099479717
 20
-25.892507773863
 30
0.0
 11
-97.48569110590937
 21
-25.89177052346359
 31
0.0
  0
LINE
  5
58E
330
70
100
AcDbEntity
  8
W-S-D v1_4_ANYTOOL_CUTTHROUGH_OUTSI
100
AcDbLine
 10
-97.01593034374472
 20
-25.96577786220219
 30
0.0
 11
-97.01879077446001
 21
-25.9745717567089
 31
0.0
  0
ARC
  5
58F
330
70
100
AcDbEntity
  8
W-S-D v1_4_ANYTOOL_CUTTHROUGH_OUTSI
100
AcDbCircle
 10
97.50614567977025
 20
-25.92003669174648
 30
0.0
 40
0.0449999999999791
210
0.0
220
0.0
230
-1.0
100
AcDbArc
 50
44.99999991159483
 51
209.6948056188224
  0
ARC
  5
590
330
70
100
AcDbEntity
  8
W-S-D v1_4_ANYTOOL_CUTTHROUGH_OUTSI
100
AcDbCircle
 10
97.03250606946342
 20
-24.73639708143985
 30
0.0
 40
0.0450000000000173
210
0.0
220
0.0
230
-1.0
100
AcDbArc
 50
224.9999999996961
 51
29.69480561885162
  0
LINE
  5
591
330
70
100
AcDbEntity
  8
W-S-D v1_4_ANYTOOL_CUTTHROUGH_OUTSI
100
AcDbLine
 10
-97.06093992817573
 20
-24.7669293768579
 30
0.0
 11
-97.05891689809332
 21
-24.76646671463321
 31
0.0
  0
LINE
  5
592
330
70
100
AcDbEntity
  8
W-S-D v1_4_ANYTOOL_CUTTHROUGH_OUTSI
100
AcDbLine
 10
-97.01339333283643
 20
-25.95150956829809
 30
0.0
 11
-97.01354303716421
 21
-25.95357942231771
 31
0.0
  0
LINE
  5
593
330
70
100
AcDbEntity
  8
W-S-D v1_4_ANYTOOL_CUTTHROUGH_OUTSI
100
AcDbLine
 10
-97.51669546152392
 20
-24.67317327833949
 30
0.0
 11
-97.51986097475995
 21
-24.6818620164773
 31
0.0
  0
LINE
  5
594
330
70
100
AcDbEntity
  8
W-S-D v1_4_ANYTOOL_CUTTHROUGH_OUTSI
100
AcDbLine
 10
-97.04355047436592
 20
-24.7603205541323
 30
0.0
 11
-97.04176639550272
 21
-24.75926047410799
 31
0.0
  0
LINE
  5
595
330
70
100
AcDbEntity
  8
W-S-D v1_4_ANYTOOL_CUTTHROUGH_OUTSI
100
AcDbLine
 10
-97.01535735881932
 20
-25.9637832706842
 30
0.0
 11
-97.01593034374472
 21
-25.96577786220219
 31
0.0
  0
LINE
  5
596
330
70
100
AcDbEntity
  8
W-S-D v1_4_ANYTOOL_CUTTHROUGH_OUTSI
100
AcDbLine
 10
-97.01330902838993
 20
-24.7090732492128
 30
0.0
 11
-97.01331529879412
 21
-24.70699799796779
 31
0.0
  0
LINE
  5
597
330
70
100
AcDbEntity
  8
W-S-D v1_4_ANYTOOL_CUTTHROUGH_OUTSI
100
AcDbLine
 10
-97.52338739966525
 20
-25.93300095035779
 30
0.0
 11
-97.52282647847112
 21
-25.9310029327246
 31
0.0
  0
LINE
  5
598
330
70
100
AcDbEntity
  8
W-S-D v1_4_ANYTOOL_CUTTHROUGH_OUTSI
100
AcDbLine
 10
-97.51593710901465
 20
-25.9159550473063
 30
0.0
 11
-97.51479115419433
 21
-25.9142248754657
 31
0.0
  0
LINE
  5
599
330
70
100
AcDbEntity
  8
W-S-D v1_4_ANYTOOL_CUTTHROUGH_OUTSI
100
AcDbLine
 10
-97.50540880281597
 20
-26.00859068361508
 30
0.0
 11
-97.50946497318352
 21
-26.00028032102239
 31
0.0
  0
LINE
  5
59A
330
70
100
AcDbEntity
  8
W-S-D v1_4_ANYTOOL_CUTTHROUGH_OUTSI
100
AcDbLine
 10
-97.48092659480805
 20
-26.0477478717068
 30
0.0
 11
-97.4863638886752
 21
-26.04026786636739
 31
0.0
  0
LINE
  5
59B
330
70
100
AcDbEntity
  8
W-S-D v1_4_ANYTOOL_CUTTHROUGH_OUTSI
100
AcDbLine
 10
-97.52272140547511
 20
-24.69065591098408
 30
0.0
 11
-97.52329439040057
 21
-24.692650502502
 31
0.0
  0
LINE
  5
59C
330
70
100
AcDbEntity
  8
W-S-D v1_4_ANYTOOL_CUTTHROUGH_OUTSI
100
AcDbLine
 10
-97.4863638886752
 20
-24.6161659068188
 30
0.0
 11
-97.49153689021603
 21
-24.6238310682347
 31
0.0
  0
LINE
  5
59D
330
70
100
AcDbEntity
  8
W-S-D v1_4_ANYTOOL_CUTTHROUGH_OUTSI
100
AcDbLine
 10
-97.44314495638443
 20
-26.08824670139739
 30
0.0
 11
-97.45001828192762
 21
-26.08206026135059
 31
0.0
  0
LINE
  5
59E
330
70
100
AcDbEntity
  8
W-S-D v1_4_ANYTOOL_CUTTHROUGH_OUTSI
100
AcDbLine
 10
-97.23703870719322
 20
-24.5051911486517
 30
0.0
 11
-97.24623548760495
 21
-24.5042247768107
 31
0.0
  0
LINE
  5
59F
330
70
100
AcDbEntity
  8
W-S-D v1_4_ANYTOOL_CUTTHROUGH_OUTSI
100
AcDbLine
 10
-97.36427021809113
 20
-26.13562458986919
 30
0.0
 11
-97.37284460971853
 21
-26.13216128903139
 31
0.0
  0
LINE
  5
5A0
330
70
100
AcDbEntity
  8
W-S-D v1_4_ANYTOOL_CUTTHROUGH_OUTSI
100
AcDbLine
 10
-97.52459509443916
 20
-25.95769741612418
 30
0.0
 11
-97.52488751653503
 21
-25.9556428610954
 31
0.0
  0
LINE
  5
5A1
330
70
100
AcDbEntity
  8
W-S-D v1_4_ANYTOOL_CUTTHROUGH_OUTSI
100
AcDbLine
 10
-97.52488751653503
 20
-25.9556428610954
 30
0.0
 11
-97.5251087120556
 21
-25.9535794223176
 31
0.0
  0
LINE
  5
5A2
330
70
100
AcDbEntity
  8
W-S-D v1_4_ANYTOOL_CUTTHROUGH_OUTSI
100
AcDbLine
 10
-97.01874862619654
 20
-24.73319346321939
 30
0.0
 11
-97.01791750543774
 21
-24.73129189930179
 31
0.0
  0
LINE
  5
5A3
330
70
100
AcDbEntity
  8
W-S-D v1_4_ANYTOOL_CUTTHROUGH_OUTSI
100
AcDbLine
 10
-97.51322872048753
 20
-24.66460027705279
 30
0.0
 11
-97.51669546152392
 21
-24.67317327833949
 31
0.0
  0
LINE
  5
5A4
330
70
100
AcDbEntity
  8
W-S-D v1_4_ANYTOOL_CUTTHROUGH_OUTSI
100
AcDbLine
 10
-97.52149910655703
 20
-25.92707104261321
 30
0.0
 11
-97.52073424378215
 21
-25.92514187388449
 31
0.0
  0
LINE
  5
5A5
330
70
100
AcDbEntity
  8
W-S-D v1_4_ANYTOOL_CUTTHROUGH_OUTSI
100
AcDbLine
 10
-97.46309673088022
 20
-26.0689870590771
 30
0.0
 11
-97.46928592835308
 21
-26.06211621639829
 31
0.0
  0
LINE
  5
5A6
330
70
100
AcDbEntity
  8
W-S-D v1_4_ANYTOOL_CUTTHROUGH_OUTSI
100
AcDbLine
 10
-97.49643930014435
 20
-24.6316720516787
 30
0.0
 11
-97.50106514867935
 21
-24.6396793089998
 31
0.0
  0
LINE
  5
5A7
330
70
100
AcDbEntity
  8
W-S-D v1_4_ANYTOOL_CUTTHROUGH_OUTSI
100
AcDbLine
 10
-97.5251087120556
 20
-25.9535794223176
 30
0.0
 11
-97.52525841638345
 21
-25.95150956829801
 31
0.0
  0
LINE
  5
5A8
330
70
100
AcDbEntity
  8
W-S-D v1_4_ANYTOOL_CUTTHROUGH_OUTSI
100
AcDbLine
 10
-97.51986097475995
 20
-24.6818620164773
 30
0.0
 11
-97.52272140547511
 21
-24.69065591098408
 31
0.0
  0
LINE
  5
5A9
330
70
100
AcDbEntity
  8
W-S-D v1_4_ANYTOOL_CUTTHROUGH_OUTSI
100
AcDbLine
 10
-97.49328160292026
 20
-25.8951154710387
 30
0.0
 11
-97.49142851480335
 21
-25.89418124864579
 31
0.0
  0
LINE
  5
5AA
330
70
100
AcDbEntity
  8
W-S-D v1_4_ANYTOOL_CUTTHROUGH_OUTSI
100
AcDbLine
 10
-97.50106514867935
 20
-24.6396793089998
 30
0.0
 11
-97.50540880281597
 21
-24.6478430895711
 31
0.0
  0
LINE
  5
5AB
330
70
100
AcDbEntity
  8
W-S-D v1_4_ANYTOOL_CUTTHROUGH_OUTSI
100
AcDbLine
 10
-97.52423179559492
 20
-24.69669314366199
 30
0.0
 11
-97.52459509443916
 21
-24.69873635706201
 31
0.0
  0
LINE
  5
5AC
330
70
100
AcDbEntity
  8
W-S-D v1_4_ANYTOOL_CUTTHROUGH_OUTSI
100
AcDbLine
 10
-97.52430035815896
 20
-25.9370491824207
 30
0.0
 11
-97.52387888888524
 21
-25.93501717092969
 31
0.0
  0
LINE
  5
5AD
330
70
100
AcDbEntity
  8
W-S-D v1_4_ANYTOOL_CUTTHROUGH_OUTSI
100
AcDbLine
 10
-97.49142851480335
 20
-25.89418124864579
 30
0.0
 11
-97.48954422736666
 21
-25.8933116694925
 31
0.0
  0
LINE
  5
5AE
330
70
100
AcDbEntity
  8
W-S-D v1_4_ANYTOOL_CUTTHROUGH_OUTSI
100
AcDbLine
 10
-97.52329439040057
 20
-25.9637832706842
 30
0.0
 11
-97.52379805461963
 21
-25.96177005698399
 31
0.0
  0
LINE
  5
5AF
330
70
100
AcDbEntity
  8
W-S-D v1_4_ANYTOOL_CUTTHROUGH_OUTSI
100
AcDbLine
 10
-97.51669546152392
 20
-25.98326049484669
 30
0.0
 11
-97.51986097475995
 21
-25.9745717567089
 31
0.0
  0
LINE
  5
5B0
330
70
100
AcDbEntity
  8
W-S-D v1_4_ANYTOOL_CUTTHROUGH_OUTSI
100
AcDbLine
 10
-97.50106514867935
 20
-26.01675446418639
 30
0.0
 11
-97.50540880281597
 21
-26.00859068361508
 31
0.0
  0
LINE
  5
5B1
330
70
100
AcDbEntity
  8
W-S-D v1_4_ANYTOOL_CUTTHROUGH_OUTSI
100
AcDbLine
 10
-97.48954422736666
 20
-24.76312210369369
 30
0.0
 11
-97.48763099479717
 21
-24.7639259993232
 31
0.0
  0
LINE
  5
5B2
330
70
100
AcDbEntity
  8
W-S-D v1_4_ANYTOOL_CUTTHROUGH_OUTSI
100
AcDbLine
 10
-97.31077050559035
 20
-26.14995596002748
 30
0.0
 11
-97.31987750104615
 21
-26.14835056965639
 31
0.0
  0
LINE
  5
5B3
330
70
100
AcDbEntity
  8
W-S-D v1_4_ANYTOOL_CUTTHROUGH_OUTSI
100
AcDbLine
 10
-97.50362374426922
 20
-25.9020104895769
 30
0.0
 11
-97.5020029169821
 21
-25.9007144857369
 31
0.0
  0
LINE
  5
5B4
330
70
100
AcDbEntity
  8
W-S-D v1_4_ANYTOOL_CUTTHROUGH_OUTSI
100
AcDbLine
 10
-97.5251087120556
 20
-24.70285435086859
 30
0.0
 11
-97.52525841638345
 21
-24.70492420488819
 31
0.0
  0
LINE
  5
5B5
330
70
100
AcDbEntity
  8
W-S-D v1_4_ANYTOOL_CUTTHROUGH_OUTSI
100
AcDbLine
 10
-97.49643930014435
 20
-26.02476172150749
 30
0.0
 11
-97.50106514867935
 21
-26.01675446418639
 31
0.0
  0
LINE
  5
5B6
330
70
100
AcDbEntity
  8
W-S-D v1_4_ANYTOOL_CUTTHROUGH_OUTSI
100
AcDbLine
 10
-97.47523162973617
 20
-26.05503361239
 30
0.0
 11
-97.48092659480805
 21
-26.0477478717068
 31
0.0
  0
LINE
  5
5B7
330
70
100
AcDbEntity
  8
W-S-D v1_4_ANYTOOL_CUTTHROUGH_OUTSI
100
AcDbLine
 10
-97.52329439040057
 20
-24.692650502502
 30
0.0
 11
-97.52379805461963
 21
-24.69466371620219
 31
0.0
  0
LINE
  5
5B8
330
70
100
AcDbEntity
  8
W-S-D v1_4_ANYTOOL_CUTTHROUGH_OUTSI
100
AcDbLine
 10
-97.52423179559492
 20
-25.9597406295242
 30
0.0
 11
-97.52459509443916
 21
-25.95769741612418
 31
0.0
  0
LINE
  5
5B9
330
70
100
AcDbEntity
  8
W-S-D v1_4_ANYTOOL_CUTTHROUGH_OUTSI
100
AcDbLine
 10
-97.48092659480805
 20
-24.6086859014794
 30
0.0
 11
-97.4863638886752
 21
-24.6161659068188
 31
0.0
  0
LINE
  5
5BA
330
70
100
AcDbEntity
  8
W-S-D v1_4_ANYTOOL_CUTTHROUGH_OUTSI
100
AcDbLine
 10
-97.27394958103644
 20
-26.15317654642508
 30
0.0
 11
-97.28319136349274
 21
-26.1528538987767
 31
0.0
  0
LINE
  5
5BB
330
70
100
AcDbEntity
  8
W-S-D v1_4_ANYTOOL_CUTTHROUGH_OUTSI
100
AcDbLine
 10
-97.49863170520303
 20
-24.75813933025639
 30
0.0
 11
-97.49688535371717
 21
-24.7592604741079
 31
0.0
  0
LINE
  5
5BC
330
70
100
AcDbEntity
  8
W-S-D v1_4_ANYTOOL_CUTTHROUGH_OUTSI
100
AcDbLine
 10
-97.35558021048966
 20
-26.1387866164916
 30
0.0
 11
-97.36427021809113
 21
-26.13562458986919
 31
0.0
  0
LINE
  5
5BD
330
70
100
AcDbEntity
  8
W-S-D v1_4_ANYTOOL_CUTTHROUGH_OUTSI
100
AcDbLine
 10
-97.29241626161501
 20
-26.15220899637549
 30
0.0
 11
-97.3016130420266
 21
-26.15124262453449
 31
0.0
  0
LINE
  5
5BE
330
70
100
AcDbEntity
  8
W-S-D v1_4_ANYTOOL_CUTTHROUGH_OUTSI
100
AcDbLine
 10
-97.51232324156454
 20
-24.74554522553701
 30
0.0
 11
-97.51100423613745
 21
-24.7471473902388
 31
0.0
  0
LINE
  5
5BF
330
70
100
AcDbEntity
  8
W-S-D v1_4_ANYTOOL_CUTTHROUGH_OUTSI
100
AcDbLine
 10
-97.50946497318352
 20
-26.00028032102239
 30
0.0
 11
-97.51322872048753
 21
-25.9918334961334
 31
0.0
  0
LINE
  5
5C0
330
70
100
AcDbEntity
  8
W-S-D v1_4_ANYTOOL_CUTTHROUGH_OUTSI
100
AcDbLine
 10
-97.49863170520303
 20
-25.89829444292989
 30
0.0
 11
-97.49688535371717
 21
-25.89717329907829
 31
0.0
  0
LINE
  5
5C1
330
70
100
AcDbEntity
  8
W-S-D v1_4_ANYTOOL_CUTTHROUGH_OUTSI
100
AcDbLine
 10
-97.3016130420266
 20
-26.15124262453449
 30
0.0
 11
-97.31077050559035
 21
-26.14995596002748
 31
0.0
  0
LINE
  5
5C2
330
70
100
AcDbEntity
  8
W-S-D v1_4_ANYTOOL_CUTTHROUGH_OUTSI
100
AcDbLine
 10
-97.51900673855693
 20
-24.73506514747059
 30
0.0
 11
-97.51804616273432
 21
-24.73690471294571
 31
0.0
  0
LINE
  5
5C3
330
70
100
AcDbEntity
  8
W-S-D v1_4_ANYTOOL_CUTTHROUGH_OUTSI
100
AcDbLine
 10
-97.49153689021603
 20
-24.6238310682347
 30
0.0
 11
-97.49643930014435
 21
-24.6316720516787
 31
0.0
  0
LINE
  5
5C4
330
70
100
AcDbEntity
  8
W-S-D v1_4_ANYTOOL_CUTTHROUGH_OUTSI
100
AcDbLine
 10
-97.52379805461963
 20
-24.69466371620219
 30
0.0
 11
-97.52423179559492
 21
-24.69669314366199
 31
0.0
  0
ARC
  5
5C5
330
70
100
AcDbEntity
  8
W-S-D v1_4_ANYTOOL_CUTTHROUGH_OUTSI
100
AcDbCircle
 10
-96.87932587461686
 20
-25.82821688659319
 30
0.0
 40
0.0600000000000094
100
AcDbArc
 50
269.9999999997286
 51
359.9999999999898
  0
LINE
  5
5C6
330
70
100
AcDbEntity
  8
W-S-D v1_4_ANYTOOL_CUTTHROUGH_OUTSI
100
AcDbLine
 10
-97.37284460971853
 20
-26.13216128903139
 30
0.0
 11
-97.3812929441323
 21
-26.12840093132139
 31
0.0
  0
LINE
  5
5C7
330
70
100
AcDbEntity
  8
W-S-D v1_4_ANYTOOL_CUTTHROUGH_OUTSI
100
AcDbLine
 10
-97.50820401485196
 20
-25.90622363307208
 30
0.0
 11
-97.50672614891913
 21
-25.90476671188929
 31
0.0
  0
LINE
  5
5C8
330
70
100
AcDbEntity
  8
W-S-D v1_4_ANYTOOL_CUTTHROUGH_OUTSI
100
AcDbLine
 10
-97.49688535371717
 20
-24.7592604741079
 30
0.0
 11
-97.49510127485395
 21
-24.76032055413219
 31
0.0
  0
LINE
  5
5C9
330
70
100
AcDbEntity
  8
W-S-D v1_4_ANYTOOL_CUTTHROUGH_OUTSI
100
AcDbLine
 10
-97.46742378281263
 20
-25.8882527758178
 30
0.0
 11
-97.46534883244896
 21
-25.8882168865924
 31
0.0
  0
LINE
  5
5CA
330
70
100
AcDbEntity
  8
W-S-D v1_4_ANYTOOL_CUTTHROUGH_OUTSI
100
AcDbLine
 10
-97.04910752185323
 20
-25.89331166949259
 30
0.0
 11
-97.04722323441654
 21
-25.89418124864579
 31
0.0
  0
LINE
  5
5CB
330
70
100
AcDbEntity
  8
W-S-D v1_4_ANYTOOL_CUTTHROUGH_OUTSI
100
AcDbLine
 10
-97.52488751653503
 20
-24.7007909120908
 30
0.0
 11
-97.5251087120556
 21
-24.70285435086859
 31
0.0
  0
LINE
  5
5CC
330
70
100
AcDbEntity
  8
W-S-D v1_4_ANYTOOL_CUTTHROUGH_OUTSI
100
AcDbLine
 10
-97.48954422736666
 20
-25.8933116694925
 30
0.0
 11
-97.48763099479717
 21
-25.892507773863
 31
0.0
  0
LINE
  5
5CD
330
70
100
AcDbEntity
  8
W-S-D v1_4_ANYTOOL_CUTTHROUGH_OUTSI
100
AcDbLine
 10
-97.45001828192762
 20
-26.08206026135059
 30
0.0
 11
-97.45667157404993
 21
-26.0756377736387
 31
0.0
  0
LINE
  5
5CE
330
70
100
AcDbEntity
  8
W-S-D v1_4_ANYTOOL_CUTTHROUGH_OUTSI
100
AcDbLine
 10
-97.39777045640245
 20
-26.12000771774838
 30
0.0
 11
-97.40577956920192
 21
-26.1153850825002
 31
0.0
  0
LINE
  5
5CF
330
70
100
AcDbEntity
  8
W-S-D v1_4_ANYTOOL_CUTTHROUGH_OUTSI
100
AcDbLine
 10
-97.00068626426073
 20
-25.8882168866424
 30
0.0
 11
-96.87932587461716
 21
-25.8882168865932
 31
0.0
  0
LINE
  5
5D0
330
70
100
AcDbEntity
  8
W-S-D v1_4_ANYTOOL_CUTTHROUGH_OUTSI
100
AcDbLine
 10
-97.51986097475995
 20
-25.9745717567089
 30
0.0
 11
-97.52272140547511
 21
-25.9657778622021
 31
0.0
  0
LINE
  5
5D1
330
70
100
AcDbEntity
  8
W-S-D v1_4_ANYTOOL_CUTTHROUGH_OUTSI
100
AcDbLine
 10
-97.52525841638345
 20
-25.95150956829801
 30
0.0
 11
-97.52533645042575
 21
-25.94943577521859
 31
0.0
  0
LINE
  5
5D2
330
70
100
AcDbEntity
  8
W-S-D v1_4_ANYTOOL_CUTTHROUGH_OUTSI
100
AcDbLine
 10
-97.52272140547511
 20
-25.9657778622021
 30
0.0
 11
-97.52329439040057
 21
-25.9637832706842
 31
0.0
  0
LINE
  5
5D3
330
70
100
AcDbEntity
  8
W-S-D v1_4_ANYTOOL_CUTTHROUGH_OUTSI
100
AcDbLine
 10
-97.50946497318352
 20
-24.6561534521638
 30
0.0
 11
-97.51322872048753
 21
-24.66460027705279
 31
0.0
  0
LINE
  5
5D4
330
70
100
AcDbEntity
  8
W-S-D v1_4_ANYTOOL_CUTTHROUGH_OUTSI
100
AcDbLine
 10
-97.52527722009482
 20
-25.94528629720139
 30
0.0
 11
-97.52514002657926
 21
-25.9432155763155
 31
0.0
  0
LINE
  5
5D5
330
70
100
AcDbEntity
  8
W-S-D v1_4_ANYTOOL_CUTTHROUGH_OUTSI
100
AcDbLine
 10
-97.01964501066294
 20
-24.7350651474707
 30
0.0
 11
-97.01874862619654
 21
-24.73319346321939
 31
0.0
  0
LINE
  5
5D6
330
70
100
AcDbEntity
  8
W-S-D v1_4_ANYTOOL_CUTTHROUGH_OUTSI
100
AcDbLine
 10
-97.06708799182511
 20
-25.88853963206509
 30
0.0
 11
-97.06502792028944
 21
-25.8887902559187
 31
0.0
  0
LINE
  5
5D7
330
70
100
AcDbEntity
  8
W-S-D v1_4_ANYTOOL_CUTTHROUGH_OUTSI
100
AcDbLine
 10
-97.4797348511265
 20
-25.8899670585531
 30
0.0
 11
-97.47771182104415
 21
-25.88950439632839
 31
0.0
  0
LINE
  5
5D8
330
70
100
AcDbEntity
  8
W-S-D v1_4_ANYTOOL_CUTTHROUGH_OUTSI
100
AcDbLine
 10
-97.5096306128079
 20
-24.7487029820865
 30
0.0
 11
-97.50820401485196
 21
-24.7502101401141
 31
0.0
  0
LINE
  5
5D9
330
70
100
AcDbEntity
  8
W-S-D v1_4_ANYTOOL_CUTTHROUGH_OUTSI
100
AcDbLine
 10
-97.51593710901465
 20
-24.74047872588
 30
0.0
 11
-97.51479115419433
 21
-24.7422088977205
 31
0.0
  0
LINE
  5
5DA
330
70
100
AcDbEntity
  8
W-S-D v1_4_ANYTOOL_CUTTHROUGH_OUTSI
100
AcDbLine
 10
-97.50672614891913
 20
-24.7516670612969
 30
0.0
 11
-97.50519878299179
 21
-24.75307200270929
 31
0.0
  0
LINE
  5
5DB
330
70
100
AcDbEntity
  8
W-S-D v1_4_ANYTOOL_CUTTHROUGH_OUTSI
100
AcDbLine
 10
-97.52493130440882
 20
-24.7152829346516
 30
0.0
 11
-97.52465130327962
 21
-24.7173392192661
 31
0.0
  0
LINE
  5
5DC
330
70
100
AcDbEntity
  8
W-S-D v1_4_ANYTOOL_CUTTHROUGH_OUTSI
100
AcDbLine
 10
-97.52527722009482
 20
-24.7111474759848
 30
0.0
 11
-97.52514002657926
 21
-24.7132181968708
 31
0.0
  0
LINE
  5
5DD
330
70
100
AcDbEntity
  8
W-S-D v1_4_ANYTOOL_CUTTHROUGH_OUTSI
100
AcDbLine
 10
-97.02542302873233
 20
-24.66460027705279
 30
0.0
 11
-97.02918677603646
 21
-24.6561534521638
 31
0.0
  0
LINE
  5
5DE
330
70
100
AcDbEntity
  8
W-S-D v1_4_ANYTOOL_CUTTHROUGH_OUTSI
100
AcDbLine
 10
-97.52465130327962
 20
-24.7173392192661
 30
0.0
 11
-97.52430035815896
 21
-24.71938459076549
 31
0.0
  0
LINE
  5
5DF
330
70
100
AcDbEntity
  8
W-S-D v1_4_ANYTOOL_CUTTHROUGH_OUTSI
100
AcDbLine
 10
-97.48372688140706
 20
-24.76533297291369
 30
0.0
 11
-97.4817406711066
 21
-24.76593436770159
 31
0.0
  0
LINE
  5
5E0
330
70
100
AcDbEntity
  8
W-S-D v1_4_ANYTOOL_CUTTHROUGH_OUTSI
100
AcDbLine
 10
-97.01879077446001
 20
-24.6818620164773
 30
0.0
 11
-97.02195628769594
 21
-24.67317327833949
 31
0.0
  0
LINE
  5
5E1
330
70
100
AcDbEntity
  8
W-S-D v1_4_ANYTOOL_CUTTHROUGH_OUTSI
100
AcDbLine
 10
-97.49153689021603
 20
-26.03260270495149
 30
0.0
 11
-97.49643930014435
 21
-26.02476172150749
 31
0.0
  0
LINE
  5
5E2
330
70
100
AcDbEntity
  8
W-S-D v1_4_ANYTOOL_CUTTHROUGH_OUTSI
100
AcDbLine
 10
-97.42877194202863
 20
-26.0998816016125
 30
0.0
 11
-97.43605996723193
 21
-26.09418956040471
 31
0.0
  0
LINE
  5
5E3
330
70
100
AcDbEntity
  8
W-S-D v1_4_ANYTOOL_CUTTHROUGH_OUTSI
100
AcDbLine
 10
-97.49328160292026
 20
-24.76131830214749
 30
0.0
 11
-97.49142851480335
 21
-24.7622525245404
 31
0.0
  0
LINE
  5
5E4
330
70
100
AcDbEntity
  8
W-S-D v1_4_ANYTOOL_CUTTHROUGH_OUTSI
100
AcDbLine
 10
-97.02060558648556
 20
-24.73690471294581
 30
0.0
 11
-97.01964501066294
 21
-24.7350651474707
 31
0.0
  0
LINE
  5
5E5
330
70
100
AcDbEntity
  8
W-S-D v1_4_ANYTOOL_CUTTHROUGH_OUTSI
100
AcDbLine
 10
-97.03664883223773
 20
-24.7557192874495
 30
0.0
 11
-97.03502800495066
 21
-24.75442328360939
 31
0.0
  0
LINE
  5
5E6
330
70
100
AcDbEntity
  8
W-S-D v1_4_ANYTOOL_CUTTHROUGH_OUTSI
100
AcDbLine
 10
-97.28319136349274
 20
-26.1528538987767
 30
0.0
 11
-97.29241626161501
 21
-26.15220899637549
 31
0.0
  0
LINE
  5
5E7
330
70
100
AcDbEntity
  8
W-S-D v1_4_ANYTOOL_CUTTHROUGH_OUTSI
100
AcDbLine
 10
-97.52533645042575
 20
-25.94943577521859
 30
0.0
 11
-97.52534272082995
 21
-25.94736052397348
 31
0.0
  0
LINE
  5
5E8
330
70
100
AcDbEntity
  8
W-S-D v1_4_ANYTOOL_CUTTHROUGH_OUTSI
100
AcDbLine
 10
-97.51990312302332
 20
-24.7331934632193
 30
0.0
 11
-97.51900673855693
 21
-24.73506514747059
 31
0.0
  0
LINE
  5
5E9
330
70
100
AcDbEntity
  8
W-S-D v1_4_ANYTOOL_CUTTHROUGH_OUTSI
100
AcDbLine
 10
-97.52338739966525
 20
-24.72343282282849
 30
0.0
 11
-97.52282647847112
 21
-24.72543084046159
 31
0.0
  0
LINE
  5
5EA
330
70
100
AcDbEntity
  8
W-S-D v1_4_ANYTOOL_CUTTHROUGH_OUTSI
100
AcDbLine
 10
-97.52379805461963
 20
-25.96177005698399
 30
0.0
 11
-97.52423179559492
 21
-25.9597406295242
 31
0.0
  0
LINE
  5
5EB
330
70
100
AcDbEntity
  8
W-S-D v1_4_ANYTOOL_CUTTHROUGH_OUTSI
100
AcDbLine
 10
-97.43605996723193
 20
-26.09418956040471
 30
0.0
 11
-97.44314495638443
 21
-26.08824670139739
 31
0.0
  0
LINE
  5
5EC
330
70
100
AcDbEntity
  8
W-S-D v1_4_ANYTOOL_CUTTHROUGH_OUTSI
100
AcDbLine
 10
-97.05492486781281
 20
-24.7653329729138
 30
0.0
 11
-97.05296064331044
 21
-24.76466324972271
 31
0.0
  0
LINE
  5
5ED
330
70
100
AcDbEntity
  8
W-S-D v1_4_ANYTOOL_CUTTHROUGH_OUTSI
100
AcDbLine
 10
-97.50362374426922
 20
-24.7544232836093
 30
0.0
 11
-97.5020029169821
 21
-24.75571928744939
 31
0.0
  0
LINE
  5
5EE
330
70
100
AcDbEntity
  8
W-S-D v1_4_ANYTOOL_CUTTHROUGH_OUTSI
100
AcDbLine
 10
-97.42128975557564
 20
-26.10531589368748
 30
0.0
 11
-97.42877194202863
 21
-26.0998816016125
 31
0.0
  0
LINE
  5
5EF
330
70
100
AcDbEntity
  8
W-S-D v1_4_ANYTOOL_CUTTHROUGH_OUTSI
100
AcDbLine
 10
-97.04002004401687
 20
-24.75813933025639
 30
0.0
 11
-97.03831350908165
 21
-24.7569584638105
 31
0.0
  0
LINE
  5
5F0
330
70
100
AcDbEntity
  8
W-S-D v1_4_ANYTOOL_CUTTHROUGH_OUTSI
100
AcDbLine
 10
-97.04711485900386
 20
-24.6238310682347
 30
0.0
 11
-97.05228786054483
 21
-24.6161659068188
 31
0.0
  0
LINE
  5
5F1
330
70
100
AcDbEntity
  8
W-S-D v1_4_ANYTOOL_CUTTHROUGH_OUTSI
100
AcDbLine
 10
-97.51804616273432
 20
-24.73690471294571
 30
0.0
 11
-97.51702254469966
 21
-24.73870995895861
 31
0.0
  0
LINE
  5
5F2
330
70
100
AcDbEntity
  8
W-S-D v1_4_ANYTOOL_CUTTHROUGH_OUTSI
100
AcDbLine
 10
-97.5020029169821
 20
-24.75571928744939
 30
0.0
 11
-97.50033824013824
 21
-24.7569584638104
 31
0.0
  0
LINE
  5
5F3
330
70
100
AcDbEntity
  8
W-S-D v1_4_ANYTOOL_CUTTHROUGH_OUTSI
100
AcDbLine
 10
-97.52073424378215
 20
-24.7312918993017
 30
0.0
 11
-97.51990312302332
 21
-24.7331934632193
 31
0.0
  0
LINE
  5
5F4
330
70
100
AcDbEntity
  8
W-S-D v1_4_ANYTOOL_CUTTHROUGH_OUTSI
100
AcDbLine
 10
-97.03758660054054
 20
-24.6396793089998
 30
0.0
 11
-97.04221244907554
 21
-24.6316720516787
 31
0.0
  0
LINE
  5
5F5
330
70
100
AcDbEntity
  8
W-S-D v1_4_ANYTOOL_CUTTHROUGH_OUTSI
100
AcDbLine
 10
-97.02195628769594
 20
-24.67317327833949
 30
0.0
 11
-97.02542302873233
 21
-24.66460027705279
 31
0.0
  0
LINE
  5
5F6
330
70
100
AcDbEntity
  8
W-S-D v1_4_ANYTOOL_CUTTHROUGH_OUTSI
100
AcDbLine
 10
-97.01405665478073
 20
-24.6987363570621
 30
0.0
 11
-97.0144199536249
 21
-24.6966931436621
 31
0.0
  0
LINE
  5
5F7
330
70
100
AcDbEntity
  8
W-S-D v1_4_ANYTOOL_CUTTHROUGH_OUTSI
100
AcDbLine
 10
-97.45667157404993
 20
-26.0756377736387
 30
0.0
 11
-97.46309673088022
 21
-26.0689870590771
 31
0.0
  0
LINE
  5
5F8
330
70
100
AcDbEntity
  8
W-S-D v1_4_ANYTOOL_CUTTHROUGH_OUTSI
100
AcDbLine
 10
-97.03044773436793
 20
-24.75021014011419
 30
0.0
 11
-97.02902113641192
 21
-24.7487029820866
 31
0.0
  0
LINE
  5
5F9
330
70
100
AcDbEntity
  8
W-S-D v1_4_ANYTOOL_CUTTHROUGH_OUTSI
100
AcDbLine
 10
-97.52533645042575
 20
-24.7069979979677
 30
0.0
 11
-97.52534272082995
 21
-24.7090732492127
 31
0.0
  0
LINE
  5
5FA
330
70
100
AcDbEntity
  8
W-S-D v1_4_ANYTOOL_CUTTHROUGH_OUTSI
100
AcDbLine
 10
-97.3378958033785
 20
-26.1441918167486
 30
0.0
 11
-97.34678516894202
 21
-26.1416435184237
 31
0.0
  0
LINE
  5
5FB
330
70
100
AcDbEntity
  8
W-S-D v1_4_ANYTOOL_CUTTHROUGH_OUTSI
100
AcDbLine
 10
-97.40577956920192
 20
-26.1153850825002
 30
0.0
 11
-97.41362251910834
 21
-26.11048581916359
 31
0.0
  0
LINE
  5
5FC
330
70
100
AcDbEntity
  8
W-S-D v1_4_ANYTOOL_CUTTHROUGH_OUTSI
100
AcDbLine
 10
-97.51702254469966
 20
-24.73870995895861
 30
0.0
 11
-97.51593710901465
 21
-24.74047872588
 31
0.0
  0
LINE
  5
5FD
330
70
100
AcDbEntity
  8
W-S-D v1_4_ANYTOOL_CUTTHROUGH_OUTSI
100
AcDbLine
 10
-97.01354303716421
 20
-24.70285435086869
 30
0.0
 11
-97.01376423268493
 21
-24.7007909120909
 31
0.0
  0
LINE
  5
5FE
330
70
100
AcDbEntity
  8
W-S-D v1_4_ANYTOOL_CUTTHROUGH_OUTSI
100
AcDbLine
 10
-97.49510127485395
 20
-24.76032055413219
 30
0.0
 11
-97.49328160292026
 21
-24.76131830214749
 31
0.0
  0
LINE
  5
5FF
330
70
100
AcDbEntity
  8
W-S-D v1_4_ANYTOOL_CUTTHROUGH_OUTSI
100
AcDbLine
 10
-97.0569110781132
 20
-24.7659343677017
 30
0.0
 11
-97.05492486781281
 21
-24.7653329729138
 31
0.0
  0
LINE
  5
600
330
70
100
AcDbEntity
  8
W-S-D v1_4_ANYTOOL_CUTTHROUGH_OUTSI
100
AcDbLine
 10
-97.52430035815896
 20
-24.71938459076549
 30
0.0
 11
-97.52387888888524
 21
-24.7214166022565
 31
0.0
  0
LINE
  5
601
330
70
100
AcDbEntity
  8
W-S-D v1_4_ANYTOOL_CUTTHROUGH_OUTSI
100
AcDbLine
 10
-97.3812929441323
 20
-26.12840093132139
 30
0.0
 11
-97.38960493359563
 21
-26.12434809581579
 31
0.0
  0
LINE
  5
602
330
70
100
AcDbEntity
  8
W-S-D v1_4_ANYTOOL_CUTTHROUGH_OUTSI
100
AcDbLine
 10
-97.31987750104615
 20
-26.14835056965639
 30
0.0
 11
-97.32892293858991
 21
-26.14642840834299
 31
0.0
  0
LINE
  5
603
330
70
100
AcDbEntity
  8
W-S-D v1_4_ANYTOOL_CUTTHROUGH_OUTSI
100
AcDbLine
 10
-97.51358605115306
 20
-24.74389840466279
 30
0.0
 11
-97.51232324156454
 21
-24.74554522553701
 31
0.0
  0
LINE
  5
604
330
70
100
AcDbEntity
  8
W-S-D v1_4_ANYTOOL_CUTTHROUGH_OUTSI
100
AcDbLine
 10
-97.34678516894202
 20
-26.1416435184237
 30
0.0
 11
-97.35558021048966
 21
-26.1387866164916
 31
0.0
  0
LINE
  5
605
330
70
100
AcDbEntity
  8
W-S-D v1_4_ANYTOOL_CUTTHROUGH_OUTSI
100
AcDbLine
 10
-97.32892293858991
 20
-26.14642840834299
 30
0.0
 11
-97.3378958033785
 21
-26.1441918167486
 31
0.0
  0
LINE
  5
606
330
70
100
AcDbEntity
  8
W-S-D v1_4_ANYTOOL_CUTTHROUGH_OUTSI
100
AcDbLine
 10
-97.4863638886752
 20
-26.04026786636739
 30
0.0
 11
-97.49153689021603
 21
-26.03260270495149
 31
0.0
  0
LINE
  5
607
330
70
100
AcDbEntity
  8
W-S-D v1_4_ANYTOOL_CUTTHROUGH_OUTSI
100
AcDbLine
 10
-97.41362251910834
 20
-26.11048581916359
 30
0.0
 11
-97.42128975557564
 21
-26.10531589368748
 31
0.0
  0
LINE
  5
608
330
70
100
AcDbEntity
  8
W-S-D v1_4_ANYTOOL_CUTTHROUGH_OUTSI
100
AcDbLine
 10
-97.50033824013824
 20
-24.7569584638104
 30
0.0
 11
-97.49863170520303
 21
-24.75813933025639
 31
0.0
  0
LINE
  5
609
330
70
100
AcDbEntity
  8
W-S-D v1_4_ANYTOOL_CUTTHROUGH_OUTSI
100
AcDbLine
 10
-97.46928592835308
 20
-26.06211621639829
 30
0.0
 11
-97.47523162973617
 21
-26.05503361239
 31
0.0
  0
LINE
  5
60A
330
70
100
AcDbEntity
  8
W-S-D v1_4_ANYTOOL_CUTTHROUGH_OUTSI
100
AcDbLine
 10
-97.01376423268493
 20
-24.7007909120909
 30
0.0
 11
-97.01405665478073
 21
-24.6987363570621
 31
0.0
  0
LINE
  5
60B
330
70
100
AcDbEntity
  8
W-S-D v1_4_ANYTOOL_CUTTHROUGH_OUTSI
100
AcDbLine
 10
-97.38960493359563
 20
-26.12434809581579
 30
0.0
 11
-97.39777045640245
 21
-26.12000771774838
 31
0.0
  0
LINE
  5
60C
330
70
100
AcDbEntity
  8
W-S-D v1_4_ANYTOOL_CUTTHROUGH_OUTSI
100
AcDbLine
 10
-97.48763099479717
 20
-24.7639259993232
 30
0.0
 11
-97.48569110590937
 21
-24.7646632497226
 31
0.0
  0
LINE
  5
60D
330
70
100
AcDbEntity
  8
W-S-D v1_4_ANYTOOL_CUTTHROUGH_OUTSI
100
AcDbLine
 10
-97.04537014629963
 20
-24.76131830214759
 30
0.0
 11
-97.04355047436592
 21
-24.7603205541323
 31
0.0
  0
LINE
  5
60E
330
70
100
AcDbEntity
  8
W-S-D v1_4_ANYTOOL_CUTTHROUGH_OUTSI
100
AcDbLine
 10
-97.01535735881932
 20
-24.69265050250209
 30
0.0
 11
-97.01593034374472
 21
-24.6906559109842
 31
0.0
  0
LINE
  5
60F
330
70
100
AcDbEntity
  8
W-S-D v1_4_ANYTOOL_CUTTHROUGH_OUTSI
100
AcDbLine
 10
-97.03324294640401
 20
-24.6478430895711
 30
0.0
 11
-97.03758660054054
 21
-24.6396793089998
 31
0.0
  0
LINE
  5
610
330
70
100
AcDbEntity
  8
W-S-D v1_4_ANYTOOL_CUTTHROUGH_OUTSI
100
AcDbLine
 10
-97.02506569806692
 20
-24.7438984046629
 30
0.0
 11
-97.02386059502556
 21
-24.7422088977207
 31
0.0
  0
LINE
  5
611
330
70
100
AcDbEntity
  8
W-S-D v1_4_ANYTOOL_CUTTHROUGH_OUTSI
100
AcDbLine
 10
-97.02918677603646
 20
-24.6561534521638
 30
0.0
 11
-97.03324294640401
 21
-24.6478430895711
 31
0.0
  0
LINE
  5
612
330
70
100
AcDbEntity
  8
W-S-D v1_4_ANYTOOL_CUTTHROUGH_OUTSI
100
AcDbLine
 10
-97.05228786054483
 20
-24.6161659068188
 30
0.0
 11
-97.05772515441182
 21
-24.6086859014794
 31
0.0
  0
LINE
  5
613
330
70
100
AcDbEntity
  8
W-S-D v1_4_ANYTOOL_CUTTHROUGH_OUTSI
100
AcDbLine
 10
-97.52514002657926
 20
-24.7132181968708
 30
0.0
 11
-97.52493130440882
 21
-24.7152829346516
 31
0.0
  0
LINE
  5
614
330
70
100
AcDbEntity
  8
W-S-D v1_4_ANYTOOL_CUTTHROUGH_OUTSI
100
AcDbLine
 10
-97.51322872048753
 20
-25.9918334961334
 30
0.0
 11
-97.51669546152392
 21
-25.98326049484669
 31
0.0
  0
LINE
  5
615
330
70
100
AcDbEntity
  8
W-S-D v1_4_ANYTOOL_CUTTHROUGH_OUTSI
100
AcDbLine
 10
-97.01593034374472
 20
-24.6906559109842
 30
0.0
 11
-97.01879077446001
 21
-24.6818620164773
 31
0.0
  0
LINE
  5
616
330
70
100
AcDbEntity
  8
W-S-D v1_4_ANYTOOL_CUTTHROUGH_OUTSI
100
AcDbLine
 10
-97.01400044594027
 20
-24.71733921926619
 30
0.0
 11
-97.01372044481091
 21
-24.71528293465169
 31
0.0
  0
LINE
  5
617
330
70
100
AcDbEntity
  8
W-S-D v1_4_ANYTOOL_CUTTHROUGH_OUTSI
100
AcDbLine
 10
-97.04221244907554
 20
-24.6316720516787
 30
0.0
 11
-97.04711485900386
 21
-24.6238310682347
 31
0.0
  0
LINE
  5
618
330
70
100
AcDbEntity
  8
W-S-D v1_4_ANYTOOL_CUTTHROUGH_OUTSI
100
AcDbLine
 10
-91.0043718948753
 20
-25.89054501906747
 30
0.0
 11
-91.00279685615273
 21
-25.88919373816747
 31
0.0
  0
LINE
  5
619
330
70
100
AcDbEntity
  8
W-S-D v1_4_ANYTOOL_CUTTHROUGH_OUTSI
100
AcDbLine
 10
-91.02382441516311
 20
-25.92627780251067
 30
0.0
 11
-91.02347347004245
 21
-25.92423243101128
 31
0.0
  0
LINE
  5
61A
330
70
100
AcDbEntity
  8
W-S-D v1_4_ANYTOOL_CUTTHROUGH_OUTSI
100
AcDbLine
 10
-90.76387528006694
 20
-26.14035979501566
 30
0.0
 11
-90.77312269291994
 21
-26.14035979501566
 31
0.0
  0
LINE
  5
61B
330
70
100
AcDbEntity
  8
W-S-D v1_4_ANYTOOL_CUTTHROUGH_OUTSI
100
AcDbLine
 10
-97.0144199536249
 20
-24.6966931436621
 30
0.0
 11
-97.01485369460034
 21
-24.6946637162023
 31
0.0
  0
LINE
  5
61C
330
70
100
AcDbEntity
  8
W-S-D v1_4_ANYTOOL_CUTTHROUGH_OUTSI
100
AcDbLine
 10
-90.91279563099183
 20
-24.53313120261317
 30
0.0
 11
-90.92046286745915
 21
-24.53830112808928
 31
0.0
  0
LINE
  5
61D
330
70
100
AcDbEntity
  8
W-S-D v1_4_ANYTOOL_CUTTHROUGH_OUTSI
100
AcDbLine
 10
-97.07330291677086
 20
-25.8882168865924
 30
0.0
 11
-97.07122796640724
 21
-25.8882527758178
 31
0.0
  0
LINE
  5
61E
330
70
100
AcDbEntity
  8
W-S-D v1_4_ANYTOOL_CUTTHROUGH_OUTSI
100
AcDbLine
 10
-97.05296064331044
 20
-25.89177052346368
 30
0.0
 11
-97.05102075442272
 21
-25.89250777386308
 31
0.0
  0
ARC
  5
61F
330
70
100
AcDbEntity
  8
W-S-D v1_4_ANYTOOL_CUTTHROUGH_OUTSI
100
AcDbCircle
 10
91.10699898650056
 20
-25.31540013518372
 30
0.0
 40
0.0600000000000728
210
0.0
220
0.0
230
-1.0
100
AcDbArc
 50
163.3770524843906
 51
196.6229475156061
  0
ARC
  5
620
330
70
100
AcDbEntity
  8
W-S-D v1_4_ANYTOOL_CUTTHROUGH_OUTSI
100
AcDbCircle
 10
-90.7684989865003
 20
-25.87540013518415
 30
0.0
 40
0.2049999999999014
100
AcDbArc
 50
195.3051943809466
 51
344.6948056190736
  0
LINE
  5
621
330
70
100
AcDbEntity
  8
W-S-D v1_4_ANYTOOL_CUTTHROUGH_OUTSI
100
AcDbLine
 10
-97.52149910655703
 20
-24.7293627305731
 30
0.0
 11
-97.52073424378215
 21
-24.7312918993017
 31
0.0
  0
LINE
  5
622
330
70
100
AcDbEntity
  8
W-S-D v1_4_ANYTOOL_CUTTHROUGH_OUTSI
100
AcDbLine
 10
-97.20075594584146
 20
-24.5122419564377
 30
0.0
 11
-97.20972881063005
 21
-24.51000536484329
 31
0.0
  0
LINE
  5
623
330
70
100
AcDbEntity
  8
W-S-D v1_4_ANYTOOL_CUTTHROUGH_OUTSI
100
AcDbLine
 10
-90.7546334976107
 20
-24.49076312300018
 30
0.0
 11
-90.76387528006694
 21
-24.49044047535178
 31
0.0
  0
LINE
  5
624
330
70
100
AcDbEntity
  8
W-S-D v1_4_ANYTOOL_CUTTHROUGH_OUTSI
100
AcDbLine
 10
-97.04722323441654
 20
-25.89418124864579
 30
0.0
 11
-97.04537014629963
 21
-25.89511547103881
 31
0.0
  0
LINE
  5
625
330
70
100
AcDbEntity
  8
W-S-D v1_4_ANYTOOL_CUTTHROUGH_OUTSI
100
AcDbLine
 10
-90.96452194433245
 20
-24.75540013518437
 30
0.0
 11
-90.57247602865436
 21
-24.75540013518447
 31
0.0
  0
LINE
  5
626
330
70
100
AcDbEntity
  8
W-S-D v1_4_ANYTOOL_CUTTHROUGH_OUTSI
100
AcDbLine
 10
-90.53420111683417
 20
-24.74160653219997
 30
0.0
 11
-90.53262607811152
 21
-24.74025525129997
 31
0.0
  0
LINE
  5
627
330
70
100
AcDbEntity
  8
W-S-D v1_4_ANYTOOL_CUTTHROUGH_OUTSI
100
AcDbLine
 10
-91.02451583271344
 20
-25.93454377256406
 30
0.0
 11
-91.02445033197831
 21
-25.93246954579198
 31
0.0
  0
LINE
  5
628
330
70
100
AcDbEntity
  8
W-S-D v1_4_ANYTOOL_CUTTHROUGH_OUTSI
100
AcDbLine
 10
-97.01485369460034
 20
-24.6946637162023
 30
0.0
 11
-97.01535735881932
 21
-24.69265050250209
 31
0.0
  0
LINE
  5
629
330
70
100
AcDbEntity
  8
W-S-D v1_4_ANYTOOL_CUTTHROUGH_OUTSI
100
AcDbLine
 10
-97.05492486781281
 20
-25.8911008002726
 30
0.0
 11
-97.05296064331044
 21
-25.89177052346368
 31
0.0
  0
LINE
  5
62A
330
70
100
AcDbEntity
  8
W-S-D v1_4_ANYTOOL_CUTTHROUGH_OUTSI
100
AcDbLine
 10
-97.50820401485196
 20
-24.7502101401141
 30
0.0
 11
-97.50672614891913
 21
-24.7516670612969
 31
0.0
  0
LINE
  5
62B
330
70
100
AcDbEntity
  8
W-S-D v1_4_ANYTOOL_CUTTHROUGH_OUTSI
100
AcDbLine
 10
-97.06502792028944
 20
-25.8887902559187
 30
0.0
 11
-97.06297774819425
 21
-25.88911197229709
 31
0.0
  0
LINE
  5
62C
330
70
100
AcDbEntity
  8
W-S-D v1_4_ANYTOOL_CUTTHROUGH_OUTSI
100
AcDbLine
 10
-91.04950650190186
 20
-25.33256446490197
 30
0.0
 11
-91.21849898650037
 21
-25.81540013518347
 31
0.0
  0
ARC
  5
62D
330
70
100
AcDbEntity
  8
W-S-D v1_4_ANYTOOL_CUTTHROUGH_OUTSI
100
AcDbCircle
 10
-90.37849898650033
 20
-24.81540013518376
 30
0.0
 40
0.0599999999999767
100
AcDbArc
 50
359.9999999999797
 51
90.00000000031212
  0
ARC
  5
62E
330
70
100
AcDbEntity
  8
W-S-D v1_4_ANYTOOL_CUTTHROUGH_OUTSI
100
AcDbCircle
 10
-90.76849898650037
 20
-24.75540013518467
 30
0.0
 40
0.2050000000002154
100
AcDbArc
 50
15.30519438132144
 51
164.6948056186536
  0
LINE
  5
62F
330
70
100
AcDbEntity
  8
W-S-D v1_4_ANYTOOL_CUTTHROUGH_OUTSI
100
AcDbLine
 10
-91.01990735566564
 20
-25.91232512247506
 30
0.0
 11
-91.01907623490683
 21
-25.91042355855746
 31
0.0
  0
LINE
  5
630
330
70
100
AcDbEntity
  8
W-S-D v1_4_ANYTOOL_CUTTHROUGH_OUTSI
100
AcDbLine
 10
-91.15849894452905
 20
-25.87540013518378
 30
0.0
 11
-91.03713859685624
 21
-25.87540013523278
 31
0.0
  0
LINE
  5
631
330
70
100
AcDbEntity
  8
W-S-D v1_4_ANYTOOL_CUTTHROUGH_OUTSI
100
AcDbLine
 10
-97.07122796640724
 20
-25.8882527758178
 30
0.0
 11
-97.06915549832224
 21
-25.8883604005595
 31
0.0
  0
LINE
  5
632
330
70
100
AcDbEntity
  8
W-S-D v1_4_ANYTOOL_CUTTHROUGH_OUTSI
100
AcDbLine
 10
-97.51100423613745
 20
-24.7471473902388
 30
0.0
 11
-97.5096306128079
 21
-24.7487029820865
 31
0.0
  0
LINE
  5
633
330
70
100
AcDbEntity
  8
W-S-D v1_4_ANYTOOL_CUTTHROUGH_OUTSI
100
AcDbLine
 10
-97.05102075442272
 20
-25.89250777386308
 30
0.0
 11
-97.04910752185323
 21
-25.89331166949259
 31
0.0
  0
LINE
  5
634
330
70
100
AcDbEntity
  8
W-S-D v1_4_ANYTOOL_CUTTHROUGH_OUTSI
100
AcDbLine
 10
-90.76387528006694
 20
-24.49044047535178
 30
0.0
 11
-90.77312269291994
 21
-24.49044047535178
 31
0.0
  0
LINE
  5
635
330
70
100
AcDbEntity
  8
W-S-D v1_4_ANYTOOL_CUTTHROUGH_OUTSI
100
AcDbLine
 10
-97.05891689809332
 20
-25.8899670585531
 30
0.0
 11
-97.0569110781132
 21
-25.8904994054847
 31
0.0
  0
LINE
  5
636
330
70
100
AcDbEntity
  8
W-S-D v1_4_ANYTOOL_CUTTHROUGH_OUTSI
100
AcDbLine
 10
-90.51499838263227
 20
-25.91818618131527
 30
0.0
 11
-90.51443746143815
 21
-25.92018419894838
 31
0.0
  0
LINE
  5
637
330
70
100
AcDbEntity
  8
W-S-D v1_4_ANYTOOL_CUTTHROUGH_OUTSI
100
AcDbLine
 10
-90.65653191697114
 20
-26.11558417991196
 30
0.0
 11
-90.66498025138484
 21
-26.11934453762197
 31
0.0
  0
LINE
  5
638
330
70
100
AcDbEntity
  8
W-S-D v1_4_ANYTOOL_CUTTHROUGH_OUTSI
100
AcDbLine
 10
-97.52534272082995
 20
-24.7090732492127
 30
0.0
 11
-97.52527722009482
 21
-24.7111474759848
 31
0.0
  0
LINE
  5
639
330
70
100
AcDbEntity
  8
W-S-D v1_4_ANYTOOL_CUTTHROUGH_OUTSI
100
AcDbLine
 10
-97.52387888888524
 20
-24.7214166022565
 30
0.0
 11
-97.52338739966525
 21
-24.72343282282849
 31
0.0
  0
LINE
  5
63A
330
70
100
AcDbEntity
  8
W-S-D v1_4_ANYTOOL_CUTTHROUGH_OUTSI
100
AcDbLine
 10
-91.01396426607783
 20
-25.90140812405628
 30
0.0
 11
-91.01275916303654
 21
-25.89971861711398
 31
0.0
  0
LINE
  5
63B
330
70
100
AcDbEntity
  8
W-S-D v1_4_ANYTOOL_CUTTHROUGH_OUTSI
100
AcDbLine
 10
-97.04537014629963
 20
-25.89511547103881
 30
0.0
 11
-97.04355047436592
 21
-25.89611321905409
 31
0.0
  0
ARC
  5
63C
330
70
100
AcDbEntity
  8
W-S-D v1_4_ANYTOOL_CUTTHROUGH_OUTSI
100
AcDbCircle
 10
-91.15849898650033
 20
-25.81540013518376
 30
0.0
 40
0.0600000000000364
100
AcDbArc
 50
179.9999999997218
 51
270.0000400796164
  0
LINE
  5
63D
330
70
100
AcDbEntity
  8
W-S-D v1_4_ANYTOOL_CUTTHROUGH_OUTSI
100
AcDbLine
 10
-97.06915549832224
 20
-25.8883604005595
 30
0.0
 11
-97.06708799182511
 21
-25.88853963206509
 31
0.0
  0
LINE
  5
63E
330
70
100
AcDbEntity
  8
W-S-D v1_4_ANYTOOL_CUTTHROUGH_OUTSI
100
AcDbLine
 10
-90.7915893734985
 20
-24.49140802540128
 30
0.0
 11
-90.80078615391011
 21
-24.49237439724228
 31
0.0
  0
LINE
  5
63F
330
70
100
AcDbEntity
  8
W-S-D v1_4_ANYTOOL_CUTTHROUGH_OUTSI
100
AcDbLine
 10
-90.53109871218426
 20
-25.89194996047988
 30
0.0
 11
-90.52962084625143
 21
-25.89340688166278
 31
0.0
  0
LINE
  5
640
330
70
100
AcDbEntity
  8
W-S-D v1_4_ANYTOOL_CUTTHROUGH_OUTSI
100
AcDbLine
 10
-90.31849898650035
 20
-25.81540013518378
 30
0.0
 11
-90.48749147109885
 21
-25.33256446490268
 31
0.0
  0
LINE
  5
641
330
70
100
AcDbEntity
  8
W-S-D v1_4_ANYTOOL_CUTTHROUGH_OUTSI
100
AcDbLine
 10
-90.53919315590038
 20
-25.88547769152047
 30
0.0
 11
-90.53748662096515
 21
-25.88665855796648
 31
0.0
  0
LINE
  5
642
330
70
100
AcDbEntity
  8
W-S-D v1_4_ANYTOOL_CUTTHROUGH_OUTSI
100
AcDbLine
 10
-90.80078615391011
 20
-24.49237439724228
 30
0.0
 11
-90.80994361747384
 21
-24.49366106174927
 31
0.0
  0
LINE
  5
643
330
70
100
AcDbEntity
  8
W-S-D v1_4_ANYTOOL_CUTTHROUGH_OUTSI
100
AcDbLine
 10
-97.50519878299179
 20
-24.75307200270929
 30
0.0
 11
-97.50362374426922
 21
-24.7544232836093
 31
0.0
  0
LINE
  5
644
330
70
100
AcDbEntity
  8
W-S-D v1_4_ANYTOOL_CUTTHROUGH_OUTSI
100
AcDbLine
 10
-91.01017734802097
 20
-25.89646963153807
 30
0.0
 11
-91.0088037246914
 21
-25.89491403969027
 31
0.0
  0
LINE
  5
645
330
70
100
AcDbEntity
  8
W-S-D v1_4_ANYTOOL_CUTTHROUGH_OUTSI
100
AcDbLine
 10
-91.00589926080264
 20
-25.89194996047988
 30
0.0
 11
-91.0043718948753
 21
-25.89054501906747
 31
0.0
  0
LINE
  5
646
330
70
100
AcDbEntity
  8
W-S-D v1_4_ANYTOOL_CUTTHROUGH_OUTSI
100
AcDbLine
 10
-97.52219679633725
 20
-24.7274082649123
 30
0.0
 11
-97.52149910655703
 21
-24.7293627305731
 31
0.0
  0
LINE
  5
647
330
70
100
AcDbEntity
  8
W-S-D v1_4_ANYTOOL_CUTTHROUGH_OUTSI
100
AcDbLine
 10
-97.01331529879412
 20
-24.70699799796779
 30
0.0
 11
-97.01339333283643
 21
-24.7049242048883
 31
0.0
  0
LINE
  5
648
330
70
100
AcDbEntity
  8
W-S-D v1_4_ANYTOOL_CUTTHROUGH_OUTSI
100
AcDbLine
 10
-97.05296064331044
 20
-24.76466324972271
 30
0.0
 11
-97.05102075442272
 21
-24.76392599932328
 31
0.0
  0
LINE
  5
649
330
70
100
AcDbEntity
  8
W-S-D v1_4_ANYTOOL_CUTTHROUGH_OUTSI
100
AcDbLine
 10
-97.01339333283643
 20
-24.7049242048883
 30
0.0
 11
-97.01354303716421
 21
-24.70285435086869
 31
0.0
  0
LINE
  5
64A
330
70
100
AcDbEntity
  8
W-S-D v1_4_ANYTOOL_CUTTHROUGH_OUTSI
100
AcDbLine
 10
-90.52188775208874
 20
-25.90313829589689
 30
0.0
 11
-90.52080231640372
 21
-25.90490706281816
 31
0.0
  0
LINE
  5
64B
330
70
100
AcDbEntity
  8
W-S-D v1_4_ANYTOOL_CUTTHROUGH_OUTSI
100
AcDbLine
 10
-90.58115328705353
 20
-24.56797924813808
 30
0.0
 11
-90.58780657917582
 21
-24.56155676042627
 31
0.0
  0
LINE
  5
64C
330
70
100
AcDbEntity
  8
W-S-D v1_4_ANYTOOL_CUTTHROUGH_OUTSI
100
AcDbLine
 10
-90.51709061732124
 20
-25.91232512247506
 30
0.0
 11
-90.51632575454622
 21
-25.91425429120379
 31
0.0
  0
LINE
  5
64D
330
70
100
AcDbEntity
  8
W-S-D v1_4_ANYTOOL_CUTTHROUGH_OUTSI
100
AcDbLine
 10
-90.89694356828594
 20
-24.52360930402838
 30
0.0
 11
-90.90495268108544
 21
-24.52823193927657
 31
0.0
  0
LINE
  5
64E
330
70
100
AcDbEntity
  8
W-S-D v1_4_ANYTOOL_CUTTHROUGH_OUTSI
100
AcDbLine
 10
-90.96452194433245
 20
-25.87540013518298
 30
0.0
 11
-90.57247602865436
 21
-25.87540013518298
 31
0.0
  0
LINE
  5
64F
330
70
100
AcDbEntity
  8
W-S-D v1_4_ANYTOOL_CUTTHROUGH_OUTSI
100
AcDbLine
 10
-97.06936582086683
 20
-26.06211621639829
 30
0.0
 11
-97.07555501833974
 21
-26.0689870590771
 31
0.0
  0
LINE
  5
650
330
70
100
AcDbEntity
  8
W-S-D v1_4_ANYTOOL_CUTTHROUGH_OUTSI
100
AcDbLine
 10
-97.49142851480335
 20
-24.7622525245404
 30
0.0
 11
-97.48954422736666
 21
-24.76312210369369
 31
0.0
  0
LINE
  5
651
330
70
100
AcDbEntity
  8
W-S-D v1_4_ANYTOOL_CUTTHROUGH_OUTSI
100
AcDbLine
 10
-97.04176639550272
 20
-24.75926047410799
 30
0.0
 11
-97.04002004401687
 21
-24.75813933025639
 31
0.0
  0
LINE
  5
652
330
70
100
AcDbEntity
  8
W-S-D v1_4_ANYTOOL_CUTTHROUGH_OUTSI
100
AcDbLine
 10
-90.64821992750776
 20
-26.11153134440638
 30
0.0
 11
-90.65653191697114
 21
-26.11558417991196
 31
0.0
  0
LINE
  5
653
330
70
100
AcDbEntity
  8
W-S-D v1_4_ANYTOOL_CUTTHROUGH_OUTSI
100
AcDbLine
 10
-90.62420234199512
 20
-24.53313120261317
 30
0.0
 11
-90.63204529190153
 21
-24.52823193927657
 31
0.0
  0
LINE
  5
654
330
70
100
AcDbEntity
  8
W-S-D v1_4_ANYTOOL_CUTTHROUGH_OUTSI
100
AcDbLine
 10
-97.06093992817573
 20
-25.8895043963285
 30
0.0
 11
-97.05891689809332
 21
-25.8899670585531
 31
0.0
  0
LINE
  5
655
330
70
100
AcDbEntity
  8
W-S-D v1_4_ANYTOOL_CUTTHROUGH_OUTSI
100
AcDbLine
 10
-90.51881812254645
 20
-25.90855187430618
 30
0.0
 11
-90.51792173808005
 21
-25.91042355855758
 31
0.0
  0
LINE
  5
656
330
70
100
AcDbEntity
  8
W-S-D v1_4_ANYTOOL_CUTTHROUGH_OUTSI
100
AcDbLine
 10
-90.56420103217295
 20
-24.75482676585818
 30
0.0
 11
-90.56215086007776
 21
-24.75450504947986
 31
0.0
  0
LINE
  5
657
330
70
100
AcDbEntity
  8
W-S-D v1_4_ANYTOOL_CUTTHROUGH_OUTSI
100
AcDbLine
 10
-90.52423880995041
 20
-25.89971861711398
 30
0.0
 11
-90.52303370690905
 21
-25.90140812405628
 31
0.0
  0
LINE
  5
658
330
70
100
AcDbEntity
  8
W-S-D v1_4_ANYTOOL_CUTTHROUGH_OUTSI
100
AcDbLine
 10
-90.77312269291994
 20
-24.49044047535178
 30
0.0
 11
-90.78236447537625
 21
-24.49076312300018
 31
0.0
  0
LINE
  5
659
330
70
100
AcDbEntity
  8
W-S-D v1_4_ANYTOOL_CUTTHROUGH_OUTSI
100
AcDbLine
 10
-90.52080231640372
 20
-24.72589320754928
 30
0.0
 11
-90.51977869836907
 21
-24.72408796153639
 31
0.0
  0
LINE
  5
65A
330
70
100
AcDbEntity
  8
W-S-D v1_4_ANYTOOL_CUTTHROUGH_OUTSI
100
AcDbLine
 10
-91.01721927461783
 20
-25.90671230883107
 30
0.0
 11
-91.01619565658316
 21
-25.90490706281816
 31
0.0
  0
LINE
  5
65B
330
70
100
AcDbEntity
  8
W-S-D v1_4_ANYTOOL_CUTTHROUGH_OUTSI
100
AcDbLine
 10
-90.64005440470117
 20
-26.10719096633896
 30
0.0
 11
-90.64821992750776
 21
-26.11153134440638
 31
0.0
  0
LINE
  5
65C
330
70
100
AcDbEntity
  8
W-S-D v1_4_ANYTOOL_CUTTHROUGH_OUTSI
100
AcDbLine
 10
-90.52682062496591
 20
-25.89646963153807
 30
0.0
 11
-90.52550161953886
 21
-25.89807179623988
 31
0.0
  0
LINE
  5
65D
330
70
100
AcDbEntity
  8
W-S-D v1_4_ANYTOOL_CUTTHROUGH_OUTSI
100
AcDbLine
 10
-90.97890796300999
 20
-24.75364996322379
 30
0.0
 11
-90.97688493292764
 21
-24.75411262544838
 31
0.0
  0
LINE
  5
65E
330
70
100
AcDbEntity
  8
W-S-D v1_4_ANYTOOL_CUTTHROUGH_OUTSI
100
AcDbLine
 10
-90.59467990471896
 20
-24.55537032037938
 30
0.0
 11
-90.60176489387151
 21
-24.54942746137208
 31
0.0
  0
LINE
  5
65F
330
70
100
AcDbEntity
  8
W-S-D v1_4_ANYTOOL_CUTTHROUGH_OUTSI
100
AcDbLine
 10
-90.64821992750776
 20
-24.51926892596097
 30
0.0
 11
-90.65653191697114
 21
-24.51521609045538
 31
0.0
  0
LINE
  5
660
330
70
100
AcDbEntity
  8
W-S-D v1_4_ANYTOOL_CUTTHROUGH_OUTSI
100
AcDbLine
 10
-90.59467990471896
 20
-26.07542994998798
 30
0.0
 11
-90.60176489387151
 21
-26.08137280899529
 31
0.0
  0
LINE
  5
661
330
70
100
AcDbEntity
  8
W-S-D v1_4_ANYTOOL_CUTTHROUGH_OUTSI
100
AcDbLine
 10
-91.00117602886561
 20
-25.88789773432747
 30
0.0
 11
-90.99951135202173
 21
-25.88665855796637
 31
0.0
  0
LINE
  5
662
330
70
100
AcDbEntity
  8
W-S-D v1_4_ANYTOOL_CUTTHROUGH_OUTSI
100
AcDbLine
 10
-90.58115328705353
 20
-26.06282102222927
 30
0.0
 11
-90.58780657917582
 21
-26.06924350994118
 31
0.0
  0
LINE
  5
663
330
70
100
AcDbEntity
  8
W-S-D v1_4_ANYTOOL_CUTTHROUGH_OUTSI
100
AcDbLine
 10
-90.96659689469614
 20
-24.75536424595898
 30
0.0
 11
-90.96452194433245
 21
-24.75540013518437
 31
0.0
  0
LINE
  5
664
330
70
100
AcDbEntity
  8
W-S-D v1_4_ANYTOOL_CUTTHROUGH_OUTSI
100
AcDbLine
 10
-90.5358219441212
 20
-25.88789773432747
 30
0.0
 11
-90.53420111683417
 21
-25.88919373816758
 31
0.0
  0
LINE
  5
665
330
70
100
AcDbEntity
  8
W-S-D v1_4_ANYTOOL_CUTTHROUGH_OUTSI
100
AcDbLine
 10
-90.56626110370862
 20
-24.75507738971177
 30
0.0
 11
-90.56420103217295
 21
-24.75482676585818
 31
0.0
  0
LINE
  5
666
330
70
100
AcDbEntity
  8
W-S-D v1_4_ANYTOOL_CUTTHROUGH_OUTSI
100
AcDbLine
 10
-90.88046605601581
 20
-24.51521609045538
 30
0.0
 11
-90.88877804547912
 21
-24.51926892596097
 31
0.0
  0
LINE
  5
667
330
70
100
AcDbEntity
  8
W-S-D v1_4_ANYTOOL_CUTTHROUGH_OUTSI
100
AcDbLine
 10
-90.96845904023657
 20
-24.58150080537848
 30
0.0
 11
-90.97440474161968
 21
-24.58858340938678
 31
0.0
  0
LINE
  5
668
330
70
100
AcDbEntity
  8
W-S-D v1_4_ANYTOOL_CUTTHROUGH_OUTSI
100
AcDbLine
 10
-90.95584468593342
 20
-24.56797924813808
 30
0.0
 11
-90.96226984276372
 21
-24.57462996269967
 31
0.0
  0
LINE
  5
669
330
70
100
AcDbEntity
  8
W-S-D v1_4_ANYTOOL_CUTTHROUGH_OUTSI
100
AcDbLine
 10
-90.53748662096515
 20
-24.74414171240108
 30
0.0
 11
-90.5358219441212
 21
-24.74290253604007
 31
0.0
  0
LINE
  5
66A
330
70
100
AcDbEntity
  8
W-S-D v1_4_ANYTOOL_CUTTHROUGH_OUTSI
100
AcDbLine
 10
-91.03713859680713
 20
-24.75540013518378
 30
0.0
 11
-91.15849894452907
 21
-24.75540013518378
 31
0.0
  0
LINE
  5
66B
330
70
100
AcDbEntity
  8
W-S-D v1_4_ANYTOOL_CUTTHROUGH_OUTSI
100
AcDbLine
 10
-90.51317355782378
 20
-25.92627780251067
 30
0.0
 11
-90.51289355669441
 21
-25.92833408712517
 31
0.0
  0
LINE
  5
66C
330
70
100
AcDbEntity
  8
W-S-D v1_4_ANYTOOL_CUTTHROUGH_OUTSI
100
AcDbLine
 10
-90.86344332997462
 20
-24.50799243190757
 30
0.0
 11
-90.87201772160204
 21
-24.51145573274537
 31
0.0
  0
LINE
  5
66D
330
70
100
AcDbEntity
  8
W-S-D v1_4_ANYTOOL_CUTTHROUGH_OUTSI
100
AcDbLine
 10
-90.55019386630624
 20
-24.75110924791386
 30
0.0
 11
-90.54828063373674
 21
-24.75030535228438
 31
0.0
  0
LINE
  5
66E
330
70
100
AcDbEntity
  8
W-S-D v1_4_ANYTOOL_CUTTHROUGH_OUTSI
100
AcDbLine
 10
-91.02199959035463
 20
-25.91818618131517
 30
0.0
 11
-91.02136990822074
 21
-25.91620875686448
 31
0.0
  0
LINE
  5
66F
330
70
100
AcDbEntity
  8
W-S-D v1_4_ANYTOOL_CUTTHROUGH_OUTSI
100
AcDbLine
 10
-90.56832861020572
 20
-24.75525662121747
 30
0.0
 11
-90.56626110370862
 21
-24.75507738971177
 31
0.0
  0
LINE
  5
670
330
70
100
AcDbEntity
  8
W-S-D v1_4_ANYTOOL_CUTTHROUGH_OUTSI
100
AcDbLine
 10
-90.64005440470117
 20
-24.52360930402838
 30
0.0
 11
-90.64821992750776
 21
-24.51926892596097
 31
0.0
  0
LINE
  5
671
330
70
100
AcDbEntity
  8
W-S-D v1_4_ANYTOOL_CUTTHROUGH_OUTSI
100
AcDbLine
 10
-90.57472813022325
 20
-26.05617030766767
 30
0.0
 11
-90.58115328705353
 21
-26.06282102222927
 31
0.0
  0
LINE
  5
672
330
70
100
AcDbEntity
  8
W-S-D v1_4_ANYTOOL_CUTTHROUGH_OUTSI
100
AcDbLine
 10
-90.88877804547912
 20
-24.51926892596097
 30
0.0
 11
-90.89694356828594
 21
-24.52360930402838
 31
0.0
  0
LINE
  5
673
330
70
100
AcDbEntity
  8
W-S-D v1_4_ANYTOOL_CUTTHROUGH_OUTSI
100
AcDbLine
 10
-90.96866936278116
 20
-24.75525662121738
 30
0.0
 11
-90.96659689469614
 21
-24.75536424595898
 31
0.0
  0
LINE
  5
674
330
70
100
AcDbEntity
  8
W-S-D v1_4_ANYTOOL_CUTTHROUGH_OUTSI
100
AcDbLine
 10
-90.51443746143815
 20
-25.92018419894838
 30
0.0
 11
-90.51394597221813
 21
-25.92220041952038
 31
0.0
  0
LINE
  5
675
330
70
100
AcDbEntity
  8
W-S-D v1_4_ANYTOOL_CUTTHROUGH_OUTSI
100
AcDbLine
 10
-90.84595828082553
 20
-24.50197350335308
 30
0.0
 11
-90.85475332237315
 21
-24.50483040528518
 31
0.0
  0
LINE
  5
676
330
70
100
AcDbEntity
  8
W-S-D v1_4_ANYTOOL_CUTTHROUGH_OUTSI
100
AcDbLine
 10
-90.57472813022325
 20
-24.57462996269967
 30
0.0
 11
-90.58115328705353
 21
-24.56797924813808
 31
0.0
  0
LINE
  5
677
330
70
100
AcDbEntity
  8
W-S-D v1_4_ANYTOOL_CUTTHROUGH_OUTSI
100
AcDbLine
 10
-90.82809605047341
 20
-24.49718861343387
 30
0.0
 11
-90.83706891526201
 21
-24.49942520502828
 31
0.0
  0
LINE
  5
678
330
70
100
AcDbEntity
  8
W-S-D v1_4_ANYTOOL_CUTTHROUGH_OUTSI
100
AcDbLine
 10
-90.54272358624942
 20
-25.88329646764466
 30
0.0
 11
-90.54093950738623
 21
-25.88435654766898
 31
0.0
  0
LINE
  5
679
330
70
100
AcDbEntity
  8
W-S-D v1_4_ANYTOOL_CUTTHROUGH_OUTSI
100
AcDbLine
 10
-90.61653510552782
 20
-26.09249914227806
 30
0.0
 11
-90.62420234199512
 21
-26.09766906775417
 31
0.0
  0
LINE
  5
67A
330
70
100
AcDbEntity
  8
W-S-D v1_4_ANYTOOL_CUTTHROUGH_OUTSI
100
AcDbLine
 10
-90.7546334976107
 20
-26.14003714736716
 30
0.0
 11
-90.76387528006694
 21
-26.14035979501566
 31
0.0
  0
LINE
  5
67B
330
70
100
AcDbEntity
  8
W-S-D v1_4_ANYTOOL_CUTTHROUGH_OUTSI
100
AcDbLine
 10
-90.80994361747384
 20
-24.49366106174927
 30
0.0
 11
-90.81905061292966
 21
-24.49526645212038
 31
0.0
  0
LINE
  5
67C
330
70
100
AcDbEntity
  8
W-S-D v1_4_ANYTOOL_CUTTHROUGH_OUTSI
100
AcDbLine
 10
-90.53748662096515
 20
-25.88665855796648
 30
0.0
 11
-90.5358219441212
 21
-25.88789773432747
 31
0.0
  0
LINE
  5
67D
330
70
100
AcDbEntity
  8
W-S-D v1_4_ANYTOOL_CUTTHROUGH_OUTSI
100
AcDbLine
 10
-90.68224465061373
 20
-24.50483040528518
 30
0.0
 11
-90.69103969216143
 21
-24.50197350335308
 31
0.0
  0
LINE
  5
67E
330
70
100
AcDbEntity
  8
W-S-D v1_4_ANYTOOL_CUTTHROUGH_OUTSI
100
AcDbLine
 10
-90.51352450294436
 20
-25.92423243101128
 30
0.0
 11
-90.51317355782378
 21
-25.92627780251067
 31
0.0
  0
LINE
  5
67F
330
70
100
AcDbEntity
  8
W-S-D v1_4_ANYTOOL_CUTTHROUGH_OUTSI
100
AcDbLine
 10
-90.52080231640372
 20
-25.90490706281816
 30
0.0
 11
-90.51977869836907
 21
-25.90671230883107
 31
0.0
  0
LINE
  5
680
330
70
100
AcDbEntity
  8
W-S-D v1_4_ANYTOOL_CUTTHROUGH_OUTSI
100
AcDbLine
 10
-90.52682062496591
 20
-24.73433063882938
 30
0.0
 11
-90.52550161953886
 21
-24.73272847412767
 31
0.0
  0
LINE
  5
681
330
70
100
AcDbEntity
  8
W-S-D v1_4_ANYTOOL_CUTTHROUGH_OUTSI
100
AcDbLine
 10
-90.58780657917582
 20
-26.06924350994118
 30
0.0
 11
-90.59467990471896
 21
-26.07542994998798
 31
0.0
  0
LINE
  5
682
330
70
100
AcDbEntity
  8
W-S-D v1_4_ANYTOOL_CUTTHROUGH_OUTSI
100
AcDbLine
 10
-90.53262607811152
 20
-24.74025525129997
 30
0.0
 11
-90.53109871218426
 21
-24.73885030988757
 31
0.0
  0
LINE
  5
683
330
70
100
AcDbEntity
  8
W-S-D v1_4_ANYTOOL_CUTTHROUGH_OUTSI
100
AcDbLine
 10
-90.70890192251354
 20
-24.49718861343387
 30
0.0
 11
-90.71794736005731
 21
-24.49526645212038
 31
0.0
  0
LINE
  5
684
330
70
100
AcDbEntity
  8
W-S-D v1_4_ANYTOOL_CUTTHROUGH_OUTSI
100
AcDbLine
 10
-90.61653510552782
 20
-24.53830112808928
 30
0.0
 11
-90.62420234199512
 21
-24.53313120261317
 31
0.0
  0
LINE
  5
685
330
70
100
AcDbEntity
  8
W-S-D v1_4_ANYTOOL_CUTTHROUGH_OUTSI
100
AcDbLine
 10
-90.67355464301234
 20
-26.12280783845978
 30
0.0
 11
-90.68224465061373
 21
-26.12596986508217
 31
0.0
  0
LINE
  5
686
330
70
100
AcDbEntity
  8
W-S-D v1_4_ANYTOOL_CUTTHROUGH_OUTSI
100
AcDbLine
 10
-90.54828063373674
 20
-24.75030535228438
 30
0.0
 11
-90.54639634630005
 21
-24.74943577313107
 31
0.0
  0
LINE
  5
687
330
70
100
AcDbEntity
  8
W-S-D v1_4_ANYTOOL_CUTTHROUGH_OUTSI
100
AcDbLine
 10
-90.97484711290913
 20
-24.75450504947978
 30
0.0
 11
-90.97279694081393
 21
-24.75482676585818
 31
0.0
  0
LINE
  5
688
330
70
100
AcDbEntity
  8
W-S-D v1_4_ANYTOOL_CUTTHROUGH_OUTSI
100
AcDbLine
 10
-90.51632575454622
 20
-25.91425429120379
 30
0.0
 11
-90.51562806476615
 21
-25.91620875686448
 31
0.0
  0
LINE
  5
689
330
70
100
AcDbEntity
  8
W-S-D v1_4_ANYTOOL_CUTTHROUGH_OUTSI
100
AcDbLine
 10
-90.62420234199512
 20
-26.09766906775417
 30
0.0
 11
-90.63204529190153
 21
-26.10256833109078
 31
0.0
  0
LINE
  5
68A
330
70
100
AcDbEntity
  8
W-S-D v1_4_ANYTOOL_CUTTHROUGH_OUTSI
100
AcDbLine
 10
-90.57040107829076
 20
-24.75536424595907
 30
0.0
 11
-90.56832861020572
 21
-24.75525662121747
 31
0.0
  0
LINE
  5
68B
330
70
100
AcDbEntity
  8
W-S-D v1_4_ANYTOOL_CUTTHROUGH_OUTSI
100
AcDbLine
 10
-90.51562806476615
 20
-25.91620875686448
 30
0.0
 11
-90.51499838263227
 21
-25.91818618131527
 31
0.0
  0
LINE
  5
68C
330
70
100
AcDbEntity
  8
W-S-D v1_4_ANYTOOL_CUTTHROUGH_OUTSI
100
AcDbLine
 10
-90.69103969216143
 20
-26.12882676701428
 30
0.0
 11
-90.69992905772496
 21
-26.13137506533919
 31
0.0
  0
LINE
  5
68D
330
70
100
AcDbEntity
  8
W-S-D v1_4_ANYTOOL_CUTTHROUGH_OUTSI
100
AcDbLine
 10
-91.02136990822074
 20
-25.91620875686448
 30
0.0
 11
-91.02067221844054
 21
-25.91425429120379
 31
0.0
  0
LINE
  5
68E
330
70
100
AcDbEntity
  8
W-S-D v1_4_ANYTOOL_CUTTHROUGH_OUTSI
100
AcDbLine
 10
-90.55689826629533
 20
-24.59586915006998
 30
0.0
 11
-90.56259323136744
 21
-24.58858340938678
 31
0.0
  0
LINE
  5
68F
330
70
100
AcDbEntity
  8
W-S-D v1_4_ANYTOOL_CUTTHROUGH_OUTSI
100
AcDbLine
 10
-90.67355464301234
 20
-24.50799243190757
 30
0.0
 11
-90.68224465061373
 21
-24.50483040528518
 31
0.0
  0
LINE
  5
690
330
70
100
AcDbEntity
  8
W-S-D v1_4_ANYTOOL_CUTTHROUGH_OUTSI
100
AcDbLine
 10
-90.55809000997681
 20
-24.75364996322379
 30
0.0
 11
-90.55608418999669
 21
-24.75311761629228
 31
0.0
  0
LINE
  5
691
330
70
100
AcDbEntity
  8
W-S-D v1_4_ANYTOOL_CUTTHROUGH_OUTSI
100
AcDbLine
 10
-91.01275916303654
 20
-25.89971861711398
 30
0.0
 11
-91.01149635344803
 21
-25.89807179623988
 31
0.0
  0
LINE
  5
692
330
70
100
AcDbEntity
  8
W-S-D v1_4_ANYTOOL_CUTTHROUGH_OUTSI
100
AcDbLine
 10
-90.51562806476615
 20
-24.71459151350308
 30
0.0
 11
-90.51499838263227
 21
-24.71261408905228
 31
0.0
  0
LINE
  5
693
330
70
100
AcDbEntity
  8
W-S-D v1_4_ANYTOOL_CUTTHROUGH_OUTSI
100
AcDbLine
 10
-90.58780657917582
 20
-24.56155676042627
 30
0.0
 11
-90.59467990471896
 21
-24.55537032037938
 31
0.0
  0
LINE
  5
694
330
70
100
AcDbEntity
  8
W-S-D v1_4_ANYTOOL_CUTTHROUGH_OUTSI
100
AcDbLine
 10
-90.52550161953886
 20
-25.89807179623988
 30
0.0
 11
-90.52423880995041
 21
-25.89971861711398
 31
0.0
  0
LINE
  5
695
330
70
100
AcDbEntity
  8
W-S-D v1_4_ANYTOOL_CUTTHROUGH_OUTSI
100
AcDbLine
 10
-90.51254764100852
 20
-25.93246954579207
 30
0.0
 11
-90.51248214027344
 21
-25.93454377256406
 31
0.0
  0
LINE
  5
696
330
70
100
AcDbEntity
  8
W-S-D v1_4_ANYTOOL_CUTTHROUGH_OUTSI
100
AcDbLine
 10
-90.51632575454622
 20
-24.71654597916368
 30
0.0
 11
-90.51562806476615
 21
-24.71459151350308
 31
0.0
  0
LINE
  5
697
330
70
100
AcDbEntity
  8
W-S-D v1_4_ANYTOOL_CUTTHROUGH_OUTSI
100
AcDbLine
 10
-90.72705435551304
 20
-26.13713920861807
 30
0.0
 11
-90.73621181907672
 21
-26.13842587312507
 31
0.0
  0
LINE
  5
698
330
70
100
AcDbEntity
  8
W-S-D v1_4_ANYTOOL_CUTTHROUGH_OUTSI
100
AcDbLine
 10
-90.51792173808005
 20
-25.91042355855758
 30
0.0
 11
-90.51709061732124
 21
-25.91232512247506
 31
0.0
  0
LINE
  5
699
330
70
100
AcDbEntity
  8
W-S-D v1_4_ANYTOOL_CUTTHROUGH_OUTSI
100
AcDbLine
 10
-90.56259323136744
 20
-24.58858340938678
 30
0.0
 11
-90.56853893275032
 21
-24.58150080537848
 31
0.0
  0
LINE
  5
69A
330
70
100
AcDbEntity
  8
W-S-D v1_4_ANYTOOL_CUTTHROUGH_OUTSI
100
AcDbLine
 10
-90.54093950738623
 20
-25.88435654766898
 30
0.0
 11
-90.53919315590038
 21
-25.88547769152047
 31
0.0
  0
LINE
  5
69B
330
70
100
AcDbEntity
  8
W-S-D v1_4_ANYTOOL_CUTTHROUGH_OUTSI
100
AcDbLine
 10
-90.52303370690905
 20
-25.90140812405628
 30
0.0
 11
-90.52188775208874
 21
-25.90313829589689
 31
0.0
  0
ARC
  5
69C
330
70
100
AcDbEntity
  8
W-S-D v1_4_ANYTOOL_CUTTHROUGH_OUTSI
100
AcDbCircle
 10
-91.1584989865004
 20
-24.81540013518374
 30
0.0
 40
0.0599999999999786
100
AcDbArc
 50
89.99995992031568
 51
180.0000000002239
  0
LINE
  5
69D
330
70
100
AcDbEntity
  8
W-S-D v1_4_ANYTOOL_CUTTHROUGH_OUTSI
100
AcDbLine
 10
-90.51499838263227
 20
-24.71261408905228
 30
0.0
 11
-90.51443746143815
 21
-24.71061607141918
 31
0.0
  0
LINE
  5
69E
330
70
100
AcDbEntity
  8
W-S-D v1_4_ANYTOOL_CUTTHROUGH_OUTSI
100
AcDbLine
 10
-90.53420111683417
 20
-25.88919373816758
 30
0.0
 11
-90.53262607811152
 21
-25.89054501906747
 31
0.0
  0
LINE
  5
69F
330
70
100
AcDbEntity
  8
W-S-D v1_4_ANYTOOL_CUTTHROUGH_OUTSI
100
AcDbLine
 10
-90.72705435551304
 20
-24.49366106174927
 30
0.0
 11
-90.73621181907672
 21
-24.49237439724228
 31
0.0
  0
LINE
  5
6A0
330
70
100
AcDbEntity
  8
W-S-D v1_4_ANYTOOL_CUTTHROUGH_OUTSI
100
AcDbLine
 10
-90.51268483452405
 20
-24.70040144546138
 30
0.0
 11
-90.51254764100852
 21
-24.69833072457547
 31
0.0
  0
LINE
  5
6A1
330
70
100
AcDbEntity
  8
W-S-D v1_4_ANYTOOL_CUTTHROUGH_OUTSI
100
AcDbLine
 10
-90.65653191697114
 20
-24.51521609045538
 30
0.0
 11
-90.66498025138484
 21
-24.51145573274548
 31
0.0
  0
LINE
  5
6A2
330
70
100
AcDbEntity
  8
W-S-D v1_4_ANYTOOL_CUTTHROUGH_OUTSI
100
AcDbLine
 10
-90.74540859948845
 20
-24.49140802540128
 30
0.0
 11
-90.7546334976107
 21
-24.49076312300018
 31
0.0
  0
LINE
  5
6A3
330
70
100
AcDbEntity
  8
W-S-D v1_4_ANYTOOL_CUTTHROUGH_OUTSI
100
AcDbLine
 10
-90.97688493292764
 20
-24.75411262544838
 30
0.0
 11
-90.97484711290913
 21
-24.75450504947978
 31
0.0
  0
LINE
  5
6A4
330
70
100
AcDbEntity
  8
W-S-D v1_4_ANYTOOL_CUTTHROUGH_OUTSI
100
AcDbLine
 10
-90.70890192251354
 20
-26.13361165693357
 30
0.0
 11
-90.71794736005731
 21
-26.13553381824696
 31
0.0
  0
LINE
  5
6A5
330
70
100
AcDbEntity
  8
W-S-D v1_4_ANYTOOL_CUTTHROUGH_OUTSI
100
AcDbLine
 10
-91.02305200076875
 20
-25.92220041952027
 30
0.0
 11
-91.02256051154874
 21
-25.92018419894838
 31
0.0
  0
LINE
  5
6A6
330
70
100
AcDbEntity
  8
W-S-D v1_4_ANYTOOL_CUTTHROUGH_OUTSI
100
AcDbLine
 10
-90.69992905772496
 20
-26.13137506533919
 30
0.0
 11
-90.70890192251354
 21
-26.13361165693357
 31
0.0
  0
LINE
  5
6A7
330
70
100
AcDbEntity
  8
W-S-D v1_4_ANYTOOL_CUTTHROUGH_OUTSI
100
AcDbLine
 10
-90.56259323136744
 20
-26.04221686098057
 30
0.0
 11
-90.56853893275032
 21
-26.04929946498887
 31
0.0
  0
LINE
  5
6A8
330
70
100
AcDbEntity
  8
W-S-D v1_4_ANYTOOL_CUTTHROUGH_OUTSI
100
AcDbLine
 10
-90.55689826629533
 20
-26.03493112029738
 30
0.0
 11
-90.56259323136744
 21
-26.04221686098057
 31
0.0
  0
LINE
  5
6A9
330
70
100
AcDbEntity
  8
W-S-D v1_4_ANYTOOL_CUTTHROUGH_OUTSI
100
AcDbLine
 10
-90.55146097242833
 20
-26.02745111495797
 30
0.0
 11
-90.55689826629533
 21
-26.03493112029738
 31
0.0
  0
LINE
  5
6AA
330
70
100
AcDbEntity
  8
W-S-D v1_4_ANYTOOL_CUTTHROUGH_OUTSI
100
AcDbLine
 10
-90.51268483452405
 20
-25.93039882490608
 30
0.0
 11
-90.51254764100852
 21
-25.93246954579207
 31
0.0
  0
LINE
  5
6AB
330
70
100
AcDbEntity
  8
W-S-D v1_4_ANYTOOL_CUTTHROUGH_OUTSI
100
AcDbLine
 10
-90.73621181907672
 20
-26.13842587312507
 30
0.0
 11
-90.74540859948845
 21
-26.13939224496608
 31
0.0
  0
LINE
  5
6AC
330
70
100
AcDbEntity
  8
W-S-D v1_4_ANYTOOL_CUTTHROUGH_OUTSI
100
AcDbLine
 10
-90.53109871218426
 20
-24.73885030988757
 30
0.0
 11
-90.52962084625143
 21
-24.73739338870477
 31
0.0
  0
LINE
  5
6AD
330
70
100
AcDbEntity
  8
W-S-D v1_4_ANYTOOL_CUTTHROUGH_OUTSI
100
AcDbLine
 10
-90.51394597221813
 20
-25.92220041952038
 30
0.0
 11
-90.51352450294436
 21
-25.92423243101128
 31
0.0
  0
LINE
  5
6AE
330
70
100
AcDbEntity
  8
W-S-D v1_4_ANYTOOL_CUTTHROUGH_OUTSI
100
AcDbLine
 10
-90.71794736005731
 20
-24.49526645212038
 30
0.0
 11
-90.72705435551304
 21
-24.49366106174927
 31
0.0
  0
LINE
  5
6AF
330
70
100
AcDbEntity
  8
W-S-D v1_4_ANYTOOL_CUTTHROUGH_OUTSI
100
AcDbLine
 10
-90.51289355669441
 20
-24.70246618324227
 30
0.0
 11
-90.51268483452405
 21
-24.70040144546138
 31
0.0
  0
LINE
  5
6B0
330
70
100
AcDbEntity
  8
W-S-D v1_4_ANYTOOL_CUTTHROUGH_OUTSI
100
AcDbLine
 10
-90.98091378299011
 20
-24.75311761629217
 30
0.0
 11
-90.97890796300999
 21
-24.75364996322379
 31
0.0
  0
LINE
  5
6B1
330
70
100
AcDbEntity
  8
W-S-D v1_4_ANYTOOL_CUTTHROUGH_OUTSI
100
AcDbLine
 10
-90.52819424829541
 20
-25.89491403969027
 30
0.0
 11
-90.52682062496591
 21
-25.89646963153807
 31
0.0
  0
ARC
  5
6B2
330
70
100
AcDbEntity
  8
W-S-D v1_4_ANYTOOL_CUTTHROUGH_OUTSI
100
AcDbCircle
 10
90.42999898650069
 20
-25.31540013518371
 30
0.0
 40
0.0599999999997664
210
0.0
220
0.0
230
-1.0
100
AcDbArc
 50
343.3770524835904
 51
16.62294751628419
  0
LINE
  5
6B3
330
70
100
AcDbEntity
  8
W-S-D v1_4_ANYTOOL_CUTTHROUGH_OUTSI
100
AcDbLine
 10
-90.52303370690905
 20
-24.72939214631128
 30
0.0
 11
-90.52188775208874
 21
-24.72766197447067
 31
0.0
  0
LINE
  5
6B4
330
70
100
AcDbEntity
  8
W-S-D v1_4_ANYTOOL_CUTTHROUGH_OUTSI
100
AcDbLine
 10
-90.99605846560066
 20
-25.88435654766886
 30
0.0
 11
-90.99427438673746
 21
-25.88329646764466
 31
0.0
  0
LINE
  5
6B5
330
70
100
AcDbEntity
  8
W-S-D v1_4_ANYTOOL_CUTTHROUGH_OUTSI
100
AcDbLine
 10
-90.51709061732124
 20
-24.71847514789237
 30
0.0
 11
-90.51632575454622
 21
-24.71654597916368
 31
0.0
  0
LINE
  5
6B6
330
70
100
AcDbEntity
  8
W-S-D v1_4_ANYTOOL_CUTTHROUGH_OUTSI
100
AcDbLine
 10
-90.60176489387151
 20
-26.08137280899529
 30
0.0
 11
-90.60905291907483
 21
-26.08706485020308
 31
0.0
  0
LINE
  5
6B7
330
70
100
AcDbEntity
  8
W-S-D v1_4_ANYTOOL_CUTTHROUGH_OUTSI
100
AcDbLine
 10
-90.48749147109889
 20
-25.29823580546486
 30
0.0
 11
-90.31849898650035
 21
-24.81540013518378
 31
0.0
  0
LINE
  5
6B8
330
70
100
AcDbEntity
  8
W-S-D v1_4_ANYTOOL_CUTTHROUGH_OUTSI
100
AcDbLine
 10
-90.60905291907483
 20
-26.08706485020308
 30
0.0
 11
-90.61653510552782
 21
-26.09249914227806
 31
0.0
  0
LINE
  5
6B9
330
70
100
AcDbEntity
  8
W-S-D v1_4_ANYTOOL_CUTTHROUGH_OUTSI
100
AcDbLine
 10
-90.78236447537625
 20
-24.49076312300018
 30
0.0
 11
-90.7915893734985
 21
-24.49140802540128
 31
0.0
  0
LINE
  5
6BA
330
70
100
AcDbEntity
  8
W-S-D v1_4_ANYTOOL_CUTTHROUGH_OUTSI
100
AcDbLine
 10
-90.51352450294436
 20
-24.70656783935618
 30
0.0
 11
-90.51317355782378
 21
-24.70452246785676
 31
0.0
  0
LINE
  5
6BB
330
70
100
AcDbEntity
  8
W-S-D v1_4_ANYTOOL_CUTTHROUGH_OUTSI
100
AcDbLine
 10
-90.99951135202173
 20
-25.88665855796637
 30
0.0
 11
-90.99780481708652
 21
-25.88547769152047
 31
0.0
  0
LINE
  5
6BC
330
70
100
AcDbEntity
  8
W-S-D v1_4_ANYTOOL_CUTTHROUGH_OUTSI
100
AcDbLine
 10
-91.21849898650038
 20
-24.81540013518398
 30
0.0
 11
-91.04950650190186
 21
-25.29823580546547
 31
0.0
  0
LINE
  5
6BD
330
70
100
AcDbEntity
  8
W-S-D v1_4_ANYTOOL_CUTTHROUGH_OUTSI
100
AcDbLine
 10
-91.01619565658316
 20
-25.90490706281816
 30
0.0
 11
-91.01511022089814
 21
-25.90313829589689
 31
0.0
  0
LINE
  5
6BE
330
70
100
AcDbEntity
  8
W-S-D v1_4_ANYTOOL_CUTTHROUGH_OUTSI
100
AcDbLine
 10
-90.94919139381113
 20
-24.56155676042627
 30
0.0
 11
-90.95584468593342
 21
-24.56797924813808
 31
0.0
  0
LINE
  5
6BF
330
70
100
AcDbEntity
  8
W-S-D v1_4_ANYTOOL_CUTTHROUGH_OUTSI
100
AcDbLine
 10
-90.66498025138484
 20
-24.51145573274548
 30
0.0
 11
-90.67355464301234
 21
-24.50799243190757
 31
0.0
  0
LINE
  5
6C0
330
70
100
AcDbEntity
  8
W-S-D v1_4_ANYTOOL_CUTTHROUGH_OUTSI
100
AcDbLine
 10
-90.54628797088737
 20
-26.01978595354207
 30
0.0
 11
-90.55146097242833
 21
-26.02745111495797
 31
0.0
  0
LINE
  5
6C1
330
70
100
AcDbEntity
  8
W-S-D v1_4_ANYTOOL_CUTTHROUGH_OUTSI
100
AcDbLine
 10
-90.52188775208874
 20
-24.72766197447067
 30
0.0
 11
-90.52080231640372
 21
-24.72589320754928
 31
0.0
  0
LINE
  5
6C2
330
70
100
AcDbEntity
  8
W-S-D v1_4_ANYTOOL_CUTTHROUGH_OUTSI
100
AcDbLine
 10
-90.96866936278116
 20
-25.87554364914997
 30
0.0
 11
-90.96659689469614
 21
-25.87543602440838
 31
0.0
  0
LINE
  5
6C3
330
70
100
AcDbEntity
  8
W-S-D v1_4_ANYTOOL_CUTTHROUGH_OUTSI
100
AcDbLine
 10
-90.87201772160204
 20
-24.51145573274537
 30
0.0
 11
-90.88046605601581
 21
-24.51521609045538
 31
0.0
  0
LINE
  5
6C4
330
70
100
AcDbEntity
  8
W-S-D v1_4_ANYTOOL_CUTTHROUGH_OUTSI
100
AcDbLine
 10
-90.51289355669441
 20
-25.92833408712517
 30
0.0
 11
-90.51268483452405
 21
-25.93039882490608
 31
0.0
  0
LINE
  5
6C5
330
70
100
AcDbEntity
  8
W-S-D v1_4_ANYTOOL_CUTTHROUGH_OUTSI
100
AcDbLine
 10
-90.93523307911544
 20
-24.54942746137208
 30
0.0
 11
-90.94231806826794
 21
-24.55537032037938
 31
0.0
  0
LINE
  5
6C6
330
70
100
AcDbEntity
  8
W-S-D v1_4_ANYTOOL_CUTTHROUGH_OUTSI
100
AcDbLine
 10
-90.54639634630005
 20
-24.74943577313107
 30
0.0
 11
-90.54454325818312
 21
-24.74850155073817
 31
0.0
  0
LINE
  5
6C7
330
70
100
AcDbEntity
  8
W-S-D v1_4_ANYTOOL_CUTTHROUGH_OUTSI
100
AcDbLine
 10
-90.63204529190153
 20
-24.52823193927657
 30
0.0
 11
-90.64005440470117
 21
-24.52360930402838
 31
0.0
  0
LINE
  5
6C8
330
70
100
AcDbEntity
  8
W-S-D v1_4_ANYTOOL_CUTTHROUGH_OUTSI
100
AcDbLine
 10
-90.97279694081393
 20
-25.87597350450927
 30
0.0
 11
-90.97073686927819
 21
-25.87572288065567
 31
0.0
  0
LINE
  5
6C9
330
70
100
AcDbEntity
  8
W-S-D v1_4_ANYTOOL_CUTTHROUGH_OUTSI
100
AcDbLine
 10
-90.53262607811152
 20
-25.89054501906747
 30
0.0
 11
-90.53109871218426
 21
-25.89194996047988
 31
0.0
  0
LINE
  5
6CA
330
70
100
AcDbEntity
  8
W-S-D v1_4_ANYTOOL_CUTTHROUGH_OUTSI
100
AcDbLine
 10
-90.51254764100852
 20
-24.69833072457547
 30
0.0
 11
-90.51248214027344
 21
-24.69625649780338
 31
0.0
  0
LINE
  5
6CB
330
70
100
AcDbEntity
  8
W-S-D v1_4_ANYTOOL_CUTTHROUGH_OUTSI
100
AcDbLine
 10
-90.74540859948845
 20
-26.13939224496608
 30
0.0
 11
-90.7546334976107
 21
-26.14003714736716
 31
0.0
  0
LINE
  5
6CC
330
70
100
AcDbEntity
  8
W-S-D v1_4_ANYTOOL_CUTTHROUGH_OUTSI
100
AcDbLine
 10
-90.52819424829541
 20
-24.73588623067718
 30
0.0
 11
-90.52682062496591
 21
-24.73433063882938
 31
0.0
  0
LINE
  5
6CD
330
70
100
AcDbEntity
  8
W-S-D v1_4_ANYTOOL_CUTTHROUGH_OUTSI
100
AcDbLine
 10
-90.97279694081393
 20
-24.75482676585818
 30
0.0
 11
-90.97073686927819
 21
-24.75507738971177
 31
0.0
  0
LINE
  5
6CE
330
70
100
AcDbEntity
  8
W-S-D v1_4_ANYTOOL_CUTTHROUGH_OUTSI
100
AcDbLine
 10
-90.60905291907483
 20
-24.54373542016427
 30
0.0
 11
-90.61653510552782
 21
-24.53830112808928
 31
0.0
  0
LINE
  5
6CF
330
70
100
AcDbEntity
  8
W-S-D v1_4_ANYTOOL_CUTTHROUGH_OUTSI
100
AcDbLine
 10
-90.52550161953886
 20
-24.73272847412767
 30
0.0
 11
-90.52423880995041
 21
-24.73108165325348
 31
0.0
  0
LINE
  5
6D0
330
70
100
AcDbEntity
  8
W-S-D v1_4_ANYTOOL_CUTTHROUGH_OUTSI
100
AcDbLine
 10
-90.81905061292966
 20
-24.49526645212038
 30
0.0
 11
-90.82809605047341
 21
-24.49718861343387
 31
0.0
  0
LINE
  5
6D1
330
70
100
AcDbEntity
  8
W-S-D v1_4_ANYTOOL_CUTTHROUGH_OUTSI
100
AcDbLine
 10
-90.51394597221813
 20
-24.70859985084717
 30
0.0
 11
-90.51352450294436
 21
-24.70656783935618
 31
0.0
  0
LINE
  5
6D2
330
70
100
AcDbEntity
  8
W-S-D v1_4_ANYTOOL_CUTTHROUGH_OUTSI
100
AcDbLine
 10
-90.51977869836907
 20
-25.90671230883107
 30
0.0
 11
-90.51881812254645
 21
-25.90855187430618
 31
0.0
  0
LINE
  5
6D3
330
70
100
AcDbEntity
  8
W-S-D v1_4_ANYTOOL_CUTTHROUGH_OUTSI
100
AcDbLine
 10
-90.56853893275032
 20
-24.58150080537848
 30
0.0
 11
-90.57472813022325
 21
-24.57462996269967
 31
0.0
  0
LINE
  5
6D4
330
70
100
AcDbEntity
  8
W-S-D v1_4_ANYTOOL_CUTTHROUGH_OUTSI
100
AcDbLine
 10
-90.97440474161968
 20
-24.58858340938678
 30
0.0
 11
-90.98009970669156
 21
-24.59586915006998
 31
0.0
  0
LINE
  5
6D5
330
70
100
AcDbEntity
  8
W-S-D v1_4_ANYTOOL_CUTTHROUGH_OUTSI
100
AcDbLine
 10
-90.68224465061373
 20
-26.12596986508217
 30
0.0
 11
-90.69103969216143
 21
-26.12882676701428
 31
0.0
  0
LINE
  5
6D6
330
70
100
AcDbEntity
  8
W-S-D v1_4_ANYTOOL_CUTTHROUGH_OUTSI
100
AcDbLine
 10
-90.52962084625143
 20
-25.89340688166278
 30
0.0
 11
-90.52819424829541
 21
-25.89491403969027
 31
0.0
  0
LINE
  5
6D7
330
70
100
AcDbEntity
  8
W-S-D v1_4_ANYTOOL_CUTTHROUGH_OUTSI
100
AcDbLine
 10
-91.01817985044045
 20
-25.90855187430618
 30
0.0
 11
-91.01721927461783
 21
-25.90671230883107
 31
0.0
  0
LINE
  5
6D8
330
70
100
AcDbEntity
  8
W-S-D v1_4_ANYTOOL_CUTTHROUGH_OUTSI
100
AcDbLine
 10
-90.56215086007776
 20
-25.87629522088768
 30
0.0
 11
-90.56011304005924
 21
-25.87668764491907
 31
0.0
  0
LINE
  5
6D9
330
70
100
AcDbEntity
  8
W-S-D v1_4_ANYTOOL_CUTTHROUGH_OUTSI
100
AcDbLine
 10
-90.51293734456843
 20
-25.94282610968607
 30
0.0
 11
-90.51322976666424
 21
-25.94488066471477
 31
0.0
  0
LINE
  5
6DA
330
70
100
AcDbEntity
  8
W-S-D v1_4_ANYTOOL_CUTTHROUGH_OUTSI
100
AcDbLine
 10
-91.02199959035463
 20
-24.71261408905217
 30
0.0
 11
-91.02136990822074
 21
-24.71459151350288
 31
0.0
  0
LINE
  5
6DB
330
70
100
AcDbEntity
  8
W-S-D v1_4_ANYTOOL_CUTTHROUGH_OUTSI
100
AcDbLine
 10
-90.97484711290913
 20
-25.87629522088758
 30
0.0
 11
-90.97279694081393
 21
-25.87597350450927
 31
0.0
  0
LINE
  5
6DC
330
70
100
AcDbEntity
  8
W-S-D v1_4_ANYTOOL_CUTTHROUGH_OUTSI
100
AcDbLine
 10
-90.92046286745915
 20
-24.53830112808928
 30
0.0
 11
-90.92794505391212
 21
-24.54373542016427
 31
0.0
  0
LINE
  5
6DD
330
70
100
AcDbEntity
  8
W-S-D v1_4_ANYTOOL_CUTTHROUGH_OUTSI
100
AcDbLine
 10
-90.98486421779288
 20
-25.87895377205418
 30
0.0
 11
-90.98289999329058
 21
-25.87828404886309
 31
0.0
  0
LINE
  5
6DE
330
70
100
AcDbEntity
  8
W-S-D v1_4_ANYTOOL_CUTTHROUGH_OUTSI
100
AcDbLine
 10
-90.54138556095903
 20
-26.01194497009807
 30
0.0
 11
-90.54628797088737
 21
-26.01978595354207
 31
0.0
  0
LINE
  5
6DF
330
70
100
AcDbEntity
  8
W-S-D v1_4_ANYTOOL_CUTTHROUGH_OUTSI
100
AcDbLine
 10
-91.0088037246914
 20
-25.89491403969027
 30
0.0
 11
-91.00737712673547
 21
-25.89340688166267
 31
0.0
  0
LINE
  5
6E0
330
70
100
AcDbEntity
  8
W-S-D v1_4_ANYTOOL_CUTTHROUGH_OUTSI
100
AcDbLine
 10
-90.53675971242403
 20
-26.00393771277698
 30
0.0
 11
-90.54138556095903
 21
-26.01194497009807
 31
0.0
  0
LINE
  5
6E1
330
70
100
AcDbEntity
  8
W-S-D v1_4_ANYTOOL_CUTTHROUGH_OUTSI
100
AcDbLine
 10
-90.98289999329058
 20
-25.87828404886309
 30
0.0
 11
-90.98091378299011
 21
-25.87768265407519
 31
0.0
  0
LINE
  5
6E2
330
70
100
AcDbEntity
  8
W-S-D v1_4_ANYTOOL_CUTTHROUGH_OUTSI
100
AcDbLine
 10
-90.98680410668066
 20
-25.87969102245358
 30
0.0
 11
-90.98486421779288
 21
-25.87895377205418
 31
0.0
  0
LINE
  5
6E3
330
70
100
AcDbEntity
  8
W-S-D v1_4_ANYTOOL_CUTTHROUGH_OUTSI
100
AcDbLine
 10
-90.90495268108544
 20
-24.52823193927657
 30
0.0
 11
-90.91279563099183
 21
-24.53313120261317
 31
0.0
  0
ARC
  5
6E4
330
70
100
AcDbEntity
  8
W-S-D v1_4_ANYTOOL_CUTTHROUGH_OUTSI
100
AcDbCircle
 10
91.00531879165377
 20
-25.90721994033706
 30
0.0
 40
0.0449999999999791
210
0.0
220
0.0
230
-1.0
100
AcDbArc
 50
44.99999991159483
 51
209.6948056188224
  0
LINE
  5
6E5
330
70
100
AcDbEntity
  8
W-S-D v1_4_ANYTOOL_CUTTHROUGH_OUTSI
100
AcDbLine
 10
-90.52459614061584
 20
-25.97901674472398
 30
0.0
 11
-90.52835988791995
 21
-25.98746356961298
 31
0.0
  0
LINE
  5
6E6
330
70
100
AcDbEntity
  8
W-S-D v1_4_ANYTOOL_CUTTHROUGH_OUTSI
100
AcDbLine
 10
-90.85475332237315
 20
-24.50483040528518
 30
0.0
 11
-90.86344332997462
 21
-24.50799243190757
 31
0.0
  0
LINE
  5
6E7
330
70
100
AcDbEntity
  8
W-S-D v1_4_ANYTOOL_CUTTHROUGH_OUTSI
100
AcDbLine
 10
-90.55608418999669
 20
-25.87768265407528
 30
0.0
 11
-90.55409797969632
 21
-25.87828404886318
 31
0.0
  0
LINE
  5
6E8
330
70
100
AcDbEntity
  8
W-S-D v1_4_ANYTOOL_CUTTHROUGH_OUTSI
100
AcDbLine
 10
-90.51443746143815
 20
-24.71061607141918
 30
0.0
 11
-90.51394597221813
 21
-24.70859985084717
 31
0.0
  0
LINE
  5
6E9
330
70
100
AcDbEntity
  8
W-S-D v1_4_ANYTOOL_CUTTHROUGH_OUTSI
100
AcDbLine
 10
-90.69103969216143
 20
-24.50197350335308
 30
0.0
 11
-90.69992905772496
 21
-24.49942520502828
 31
0.0
  0
LINE
  5
6EA
330
70
100
AcDbEntity
  8
W-S-D v1_4_ANYTOOL_CUTTHROUGH_OUTSI
100
AcDbLine
 10
-90.54272358624942
 20
-24.74750380272288
 30
0.0
 11
-90.54093950738623
 21
-24.74644372269857
 31
0.0
  0
LINE
  5
6EB
330
70
100
AcDbEntity
  8
W-S-D v1_4_ANYTOOL_CUTTHROUGH_OUTSI
100
AcDbLine
 10
-91.01149635344803
 20
-25.89807179623988
 30
0.0
 11
-91.01017734802097
 21
-25.89646963153807
 31
0.0
  0
ARC
  5
6EC
330
70
100
AcDbEntity
  8
W-S-D v1_4_ANYTOOL_CUTTHROUGH_OUTSI
100
AcDbCircle
 10
90.53167918134679
 20
-25.90721994033714
 30
0.0
 40
0.0449999999999448
210
0.0
220
0.0
230
-1.0
100
AcDbArc
 50
330.3051943813902
 51
135.0000000885683
  0
LINE
  5
6ED
330
70
100
AcDbEntity
  8
W-S-D v1_4_ANYTOOL_CUTTHROUGH_OUTSI
100
AcDbLine
 10
-90.57247602865436
 20
-24.75540013518447
 30
0.0
 11
-90.57040107829076
 21
-24.75536424595907
 31
0.0
  0
LINE
  5
6EE
330
70
100
AcDbEntity
  8
W-S-D v1_4_ANYTOOL_CUTTHROUGH_OUTSI
100
AcDbLine
 10
-90.97688493292764
 20
-25.87668764491897
 30
0.0
 11
-90.97484711290913
 21
-25.87629522088758
 31
0.0
  0
LINE
  5
6EF
330
70
100
AcDbEntity
  8
W-S-D v1_4_ANYTOOL_CUTTHROUGH_OUTSI
100
AcDbLine
 10
-91.02410441629233
 20
-25.92833408712517
 30
0.0
 11
-91.02382441516311
 21
-25.92627780251067
 31
0.0
  0
LINE
  5
6F0
330
70
100
AcDbEntity
  8
W-S-D v1_4_ANYTOOL_CUTTHROUGH_OUTSI
100
AcDbLine
 10
-90.97073686927819
 20
-24.75507738971177
 30
0.0
 11
-90.96866936278116
 21
-24.75525662121738
 31
0.0
  0
LINE
  5
6F1
330
70
100
AcDbEntity
  8
W-S-D v1_4_ANYTOOL_CUTTHROUGH_OUTSI
100
AcDbLine
 10
-90.99427438673746
 20
-25.88329646764466
 30
0.0
 11
-90.99245471480376
 21
-25.88229871962928
 31
0.0
  0
LINE
  5
6F2
330
70
100
AcDbEntity
  8
W-S-D v1_4_ANYTOOL_CUTTHROUGH_OUTSI
100
AcDbLine
 10
-90.56011304005924
 20
-24.75411262544847
 30
0.0
 11
-90.55809000997681
 21
-24.75364996322379
 31
0.0
  0
LINE
  5
6F3
330
70
100
AcDbEntity
  8
W-S-D v1_4_ANYTOOL_CUTTHROUGH_OUTSI
100
AcDbLine
 10
-90.37849898650065
 20
-24.75540013518378
 30
0.0
 11
-90.49985937619336
 21
-24.75540013518367
 31
0.0
  0
LINE
  5
6F4
330
70
100
AcDbEntity
  8
W-S-D v1_4_ANYTOOL_CUTTHROUGH_OUTSI
100
AcDbLine
 10
-90.51248214027344
 20
-24.69625649780338
 30
0.0
 11
-90.51248841067764
 21
-24.69418124655837
 31
0.0
  0
LINE
  5
6F5
330
70
100
AcDbEntity
  8
W-S-D v1_4_ANYTOOL_CUTTHROUGH_OUTSI
100
AcDbLine
 10
-90.51248214027344
 20
-25.93454377256406
 30
0.0
 11
-90.51248841067764
 21
-25.93661902380917
 31
0.0
  0
LINE
  5
6F6
330
70
100
AcDbEntity
  8
W-S-D v1_4_ANYTOOL_CUTTHROUGH_OUTSI
100
AcDbLine
 10
-91.02443152826694
 20
-24.69210745347877
 30
0.0
 11
-91.02450956230926
 21
-24.69418124655828
 31
0.0
  0
LINE
  5
6F7
330
70
100
AcDbEntity
  8
W-S-D v1_4_ANYTOOL_CUTTHROUGH_OUTSI
100
AcDbLine
 10
-90.71794736005731
 20
-26.13553381824696
 30
0.0
 11
-90.72705435551304
 21
-26.13713920861807
 31
0.0
  0
LINE
  5
6F8
330
70
100
AcDbEntity
  8
W-S-D v1_4_ANYTOOL_CUTTHROUGH_OUTSI
100
AcDbLine
 10
-90.98486421779288
 20
-24.75184649831318
 30
0.0
 11
-90.98289999329058
 21
-24.75251622150427
 31
0.0
  0
LINE
  5
6F9
330
70
100
AcDbEntity
  8
W-S-D v1_4_ANYTOOL_CUTTHROUGH_OUTSI
100
AcDbLine
 10
-90.52835988791995
 20
-25.98746356961298
 30
0.0
 11
-90.5324160582875
 21
-25.99577393220567
 31
0.0
  0
LINE
  5
6FA
330
70
100
AcDbEntity
  8
W-S-D v1_4_ANYTOOL_CUTTHROUGH_OUTSI
100
AcDbLine
 10
-90.51510345562821
 20
-25.95296111079277
 30
0.0
 11
-90.5179638863435
 21
-25.96175500529948
 31
0.0
  0
LINE
  5
6FB
330
70
100
AcDbEntity
  8
W-S-D v1_4_ANYTOOL_CUTTHROUGH_OUTSI
100
AcDbLine
 10
-90.96226984276372
 20
-24.57462996269967
 30
0.0
 11
-90.96845904023657
 21
-24.58150080537848
 31
0.0
  0
LINE
  5
6FC
330
70
100
AcDbEntity
  8
W-S-D v1_4_ANYTOOL_CUTTHROUGH_OUTSI
100
AcDbLine
 10
-90.83706891526201
 20
-24.49942520502828
 30
0.0
 11
-90.84595828082553
 21
-24.50197350335308
 31
0.0
  0
LINE
  5
6FD
330
70
100
AcDbEntity
  8
W-S-D v1_4_ANYTOOL_CUTTHROUGH_OUTSI
100
AcDbLine
 10
-90.51359306550841
 20
-25.94692387811487
 30
0.0
 11
-90.51402680648383
 21
-25.94895330557458
 31
0.0
  0
LINE
  5
6FE
330
70
100
AcDbEntity
  8
W-S-D v1_4_ANYTOOL_CUTTHROUGH_OUTSI
100
AcDbLine
 10
-90.5324160582875
 20
-25.99577393220567
 30
0.0
 11
-90.53675971242403
 21
-26.00393771277698
 31
0.0
  0
LINE
  5
6FF
330
70
100
AcDbEntity
  8
W-S-D v1_4_ANYTOOL_CUTTHROUGH_OUTSI
100
AcDbLine
 10
-91.01586857340743
 20
-24.66035652693007
 30
0.0
 11
-91.01903408664346
 21
-24.66904526506788
 31
0.0
  0
LINE
  5
700
330
70
100
AcDbEntity
  8
W-S-D v1_4_ANYTOOL_CUTTHROUGH_OUTSI
100
AcDbLine
 10
-90.92794505391212
 20
-24.54373542016427
 30
0.0
 11
-90.93523307911544
 21
-24.54942746137208
 31
0.0
  0
LINE
  5
701
330
70
100
AcDbEntity
  8
W-S-D v1_4_ANYTOOL_CUTTHROUGH_OUTSI
100
AcDbLine
 10
-90.51322976666424
 20
-25.94488066471477
 30
0.0
 11
-90.51359306550841
 21
-25.94692387811487
 31
0.0
  0
LINE
  5
702
330
70
100
AcDbEntity
  8
W-S-D v1_4_ANYTOOL_CUTTHROUGH_OUTSI
100
AcDbLine
 10
-91.02376820632265
 20
-24.68591960565259
 30
0.0
 11
-91.02406062841854
 21
-24.68797416068138
 31
0.0
  0
LINE
  5
703
330
70
100
AcDbEntity
  8
W-S-D v1_4_ANYTOOL_CUTTHROUGH_OUTSI
100
AcDbLine
 10
-90.63204529190153
 20
-26.10256833109078
 30
0.0
 11
-90.64005440470117
 21
-26.10719096633896
 31
0.0
  0
LINE
  5
704
330
70
100
AcDbEntity
  8
W-S-D v1_4_ANYTOOL_CUTTHROUGH_OUTSI
100
AcDbLine
 10
-91.01907623490683
 20
-25.91042355855746
 30
0.0
 11
-91.01817985044045
 21
-25.90855187430618
 31
0.0
  0
LINE
  5
705
330
70
100
AcDbEntity
  8
W-S-D v1_4_ANYTOOL_CUTTHROUGH_OUTSI
100
AcDbLine
 10
-90.51248841067764
 20
-25.93661902380917
 30
0.0
 11
-90.51256644471994
 21
-25.93869281688867
 31
0.0
  0
ARC
  5
706
330
70
100
AcDbEntity
  8
W-S-D v1_4_ANYTOOL_CUTTHROUGH_OUTSI
100
AcDbCircle
 10
90.53167918134693
 20
-24.72358033003043
 30
0.0
 40
0.0450000000000173
210
0.0
220
0.0
230
-1.0
100
AcDbArc
 50
224.9999999996961
 51
29.69480561885162
  0
LINE
  5
707
330
70
100
AcDbEntity
  8
W-S-D v1_4_ANYTOOL_CUTTHROUGH_OUTSI
100
AcDbLine
 10
-90.60176489387151
 20
-24.54942746137208
 30
0.0
 11
-90.60905291907483
 21
-24.54373542016427
 31
0.0
  0
LINE
  5
708
330
70
100
AcDbEntity
  8
W-S-D v1_4_ANYTOOL_CUTTHROUGH_OUTSI
100
AcDbLine
 10
-90.94231806826794
 20
-24.55537032037938
 30
0.0
 11
-90.94919139381113
 21
-24.56155676042627
 31
0.0
  0
LINE
  5
709
330
70
100
AcDbEntity
  8
W-S-D v1_4_ANYTOOL_CUTTHROUGH_OUTSI
100
AcDbLine
 10
-90.51453047070282
 20
-25.95096651927478
 30
0.0
 11
-90.51510345562821
 21
-25.95296111079277
 31
0.0
  0
LINE
  5
70A
330
70
100
AcDbEntity
  8
W-S-D v1_4_ANYTOOL_CUTTHROUGH_OUTSI
100
AcDbLine
 10
-90.5179638863435
 20
-25.96175500529948
 30
0.0
 11
-90.52112939957945
 21
-25.97044374343727
 31
0.0
  0
ARC
  5
70B
330
70
100
AcDbEntity
  8
W-S-D v1_4_ANYTOOL_CUTTHROUGH_OUTSI
100
AcDbCircle
 10
91.00531879165364
 20
-24.72358033003048
 30
0.0
 40
0.0449999999999906
210
0.0
220
0.0
230
-1.0
100
AcDbArc
 50
150.3051943809195
 51
315.0000000001727
  0
LINE
  5
70C
330
70
100
AcDbEntity
  8
W-S-D v1_4_ANYTOOL_CUTTHROUGH_OUTSI
100
AcDbLine
 10
-90.66498025138484
 20
-26.11934453762197
 30
0.0
 11
-90.67355464301234
 21
-26.12280783845978
 31
0.0
  0
LINE
  5
70D
330
70
100
AcDbEntity
  8
W-S-D v1_4_ANYTOOL_CUTTHROUGH_OUTSI
100
AcDbLine
 10
-91.02431313846276
 20
-25.93039882490608
 30
0.0
 11
-91.02410441629233
 21
-25.92833408712517
 31
0.0
  0
LINE
  5
70E
330
70
100
AcDbEntity
  8
W-S-D v1_4_ANYTOOL_CUTTHROUGH_OUTSI
100
AcDbLine
 10
-90.51256644471994
 20
-25.93869281688867
 30
0.0
 11
-90.5127161490477
 21
-25.94076267090829
 31
0.0
  0
LINE
  5
70F
330
70
100
AcDbEntity
  8
W-S-D v1_4_ANYTOOL_CUTTHROUGH_OUTSI
100
AcDbLine
 10
-90.97073686927819
 20
-25.87572288065567
 30
0.0
 11
-90.96866936278116
 21
-25.87554364914997
 31
0.0
  0
LINE
  5
710
330
70
100
AcDbEntity
  8
W-S-D v1_4_ANYTOOL_CUTTHROUGH_OUTSI
100
AcDbLine
 10
-91.02256051154874
 20
-25.92018419894838
 30
0.0
 11
-91.02199959035463
 21
-25.91818618131517
 31
0.0
  0
LINE
  5
711
330
70
100
AcDbEntity
  8
W-S-D v1_4_ANYTOOL_CUTTHROUGH_OUTSI
100
AcDbLine
 10
-90.52112939957945
 20
-25.97044374343727
 30
0.0
 11
-90.52459614061584
 21
-25.97901674472398
 31
0.0
  0
LINE
  5
712
330
70
100
AcDbEntity
  8
W-S-D v1_4_ANYTOOL_CUTTHROUGH_OUTSI
100
AcDbLine
 10
-90.56215086007776
 20
-24.75450504947986
 30
0.0
 11
-90.56011304005924
 21
-24.75411262544847
 31
0.0
  0
LINE
  5
713
330
70
100
AcDbEntity
  8
W-S-D v1_4_ANYTOOL_CUTTHROUGH_OUTSI
100
AcDbLine
 10
-90.51402680648383
 20
-25.94895330557458
 30
0.0
 11
-90.51453047070282
 21
-25.95096651927478
 31
0.0
  0
LINE
  5
714
330
70
100
AcDbEntity
  8
W-S-D v1_4_ANYTOOL_CUTTHROUGH_OUTSI
100
AcDbLine
 10
-90.5127161490477
 20
-25.94076267090829
 30
0.0
 11
-90.51293734456843
 21
-25.94282610968607
 31
0.0
  0
LINE
  5
715
330
70
100
AcDbEntity
  8
W-S-D v1_4_ANYTOOL_CUTTHROUGH_OUTSI
100
AcDbLine
 10
-91.01396426607783
 20
-24.72939214631108
 30
0.0
 11
-91.01275916303654
 21
-24.73108165325337
 31
0.0
  0
LINE
  5
716
330
70
100
AcDbEntity
  8
W-S-D v1_4_ANYTOOL_CUTTHROUGH_OUTSI
100
AcDbLine
 10
-90.98091378299011
 20
-25.87768265407519
 30
0.0
 11
-90.97890796300999
 21
-25.87715030714367
 31
0.0
  0
LINE
  5
717
330
70
100
AcDbEntity
  8
W-S-D v1_4_ANYTOOL_CUTTHROUGH_OUTSI
100
AcDbLine
 10
-91.00458191469945
 20
-24.63502633816168
 30
0.0
 11
-91.008638085067
 21
-24.64333670075438
 31
0.0
  0
LINE
  5
718
330
70
100
AcDbEntity
  8
W-S-D v1_4_ANYTOOL_CUTTHROUGH_OUTSI
100
AcDbLine
 10
-91.00023826056284
 20
-24.62686255759038
 30
0.0
 11
-91.00458191469945
 21
-24.63502633816168
 31
0.0
  0
LINE
  5
719
330
70
100
AcDbEntity
  8
W-S-D v1_4_ANYTOOL_CUTTHROUGH_OUTSI
100
AcDbLine
 10
-91.0234049074784
 20
-24.68387639225257
 30
0.0
 11
-91.02376820632265
 21
-24.68591960565259
 31
0.0
  0
LINE
  5
71A
330
70
100
AcDbEntity
  8
W-S-D v1_4_ANYTOOL_CUTTHROUGH_OUTSI
100
AcDbLine
 10
-90.99245471480376
 20
-25.88229871962928
 30
0.0
 11
-90.99060162668685
 21
-25.88136449723638
 31
0.0
  0
LINE
  5
71B
330
70
100
AcDbEntity
  8
W-S-D v1_4_ANYTOOL_CUTTHROUGH_OUTSI
100
AcDbLine
 10
-90.99071000209951
 20
-24.61101431682528
 30
0.0
 11
-90.99561241202785
 21
-24.61885530026928
 31
0.0
  0
LINE
  5
71C
330
70
100
AcDbEntity
  8
W-S-D v1_4_ANYTOOL_CUTTHROUGH_OUTSI
100
AcDbLine
 10
-90.96659689469614
 20
-25.87543602440838
 30
0.0
 11
-90.96452194433245
 21
-25.87540013518298
 31
0.0
  0
LINE
  5
71D
330
70
100
AcDbEntity
  8
W-S-D v1_4_ANYTOOL_CUTTHROUGH_OUTSI
100
AcDbLine
 10
-91.02189451735862
 20
-24.67783915957467
 30
0.0
 11
-91.02246750228406
 21
-24.67983375109258
 31
0.0
  0
LINE
  5
71E
330
70
100
AcDbEntity
  8
W-S-D v1_4_ANYTOOL_CUTTHROUGH_OUTSI
100
AcDbLine
 10
-90.98871733925015
 20
-25.88049491808308
 30
0.0
 11
-90.98680410668066
 21
-25.87969102245358
 31
0.0
  0
LINE
  5
71F
330
70
100
AcDbEntity
  8
W-S-D v1_4_ANYTOOL_CUTTHROUGH_OUTSI
100
AcDbLine
 10
-91.02347347004245
 20
-25.92423243101128
 30
0.0
 11
-91.02305200076875
 21
-25.92220041952027
 31
0.0
  0
LINE
  5
720
330
70
100
AcDbEntity
  8
W-S-D v1_4_ANYTOOL_CUTTHROUGH_OUTSI
100
AcDbLine
 10
-91.00737712673547
 20
-25.89340688166267
 30
0.0
 11
-91.00589926080264
 21
-25.89194996047988
 31
0.0
  0
LINE
  5
721
330
70
100
AcDbEntity
  8
W-S-D v1_4_ANYTOOL_CUTTHROUGH_OUTSI
100
AcDbLine
 10
-90.99060162668685
 20
-25.88136449723638
 30
0.0
 11
-90.98871733925015
 21
-25.88049491808308
 31
0.0
  0
LINE
  5
722
330
70
100
AcDbEntity
  8
W-S-D v1_4_ANYTOOL_CUTTHROUGH_OUTSI
100
AcDbLine
 10
-90.99780481708652
 20
-25.88547769152047
 30
0.0
 11
-90.99605846560066
 21
-25.88435654766886
 31
0.0
  0
LINE
  5
723
330
70
100
AcDbEntity
  8
W-S-D v1_4_ANYTOOL_CUTTHROUGH_OUTSI
100
AcDbLine
 10
-91.01240183237104
 20
-24.65178352564337
 30
0.0
 11
-91.01586857340743
 21
-24.66035652693007
 31
0.0
  0
LINE
  5
724
330
70
100
AcDbEntity
  8
W-S-D v1_4_ANYTOOL_CUTTHROUGH_OUTSI
100
AcDbLine
 10
-90.56626110370862
 20
-25.87572288065567
 30
0.0
 11
-90.56420103217295
 21
-25.87597350450927
 31
0.0
  0
LINE
  5
725
330
70
100
AcDbEntity
  8
W-S-D v1_4_ANYTOOL_CUTTHROUGH_OUTSI
100
AcDbLine
 10
-90.73621181907672
 20
-24.49237439724228
 30
0.0
 11
-90.74540859948845
 21
-24.49140802540128
 31
0.0
  0
LINE
  5
726
330
70
100
AcDbEntity
  8
W-S-D v1_4_ANYTOOL_CUTTHROUGH_OUTSI
100
AcDbLine
 10
-90.49985937614424
 20
-25.87540013523297
 30
0.0
 11
-90.37849898650065
 21
-25.87540013518378
 31
0.0
  0
LINE
  5
727
330
70
100
AcDbEntity
  8
W-S-D v1_4_ANYTOOL_CUTTHROUGH_OUTSI
100
AcDbLine
 10
-90.98009970669156
 20
-24.59586915006998
 30
0.0
 11
-90.98553700055871
 21
-24.60334915540938
 31
0.0
  0
LINE
  5
728
330
70
100
AcDbEntity
  8
W-S-D v1_4_ANYTOOL_CUTTHROUGH_OUTSI
100
AcDbLine
 10
-90.97440474161968
 20
-26.04221686098057
 30
0.0
 11
-90.98009970669156
 21
-26.03493112029738
 31
0.0
  0
LINE
  5
729
330
70
100
AcDbEntity
  8
W-S-D v1_4_ANYTOOL_CUTTHROUGH_OUTSI
100
AcDbLine
 10
-90.94231806826794
 20
-26.07542994998798
 30
0.0
 11
-90.94919139381113
 21
-26.06924350994118
 31
0.0
  0
LINE
  5
72A
330
70
100
AcDbEntity
  8
W-S-D v1_4_ANYTOOL_CUTTHROUGH_OUTSI
100
AcDbLine
 10
-90.80994361747384
 20
-26.13713920861807
 30
0.0
 11
-90.81905061292966
 21
-26.13553381824696
 31
0.0
  0
LINE
  5
72B
330
70
100
AcDbEntity
  8
W-S-D v1_4_ANYTOOL_CUTTHROUGH_OUTSI
100
AcDbLine
 10
-91.02246750228406
 20
-24.67983375109258
 30
0.0
 11
-91.02297116650312
 21
-24.68184696479277
 31
0.0
  0
LINE
  5
72C
330
70
100
AcDbEntity
  8
W-S-D v1_4_ANYTOOL_CUTTHROUGH_OUTSI
100
AcDbLine
 10
-91.02297116650312
 20
-24.68184696479277
 30
0.0
 11
-91.0234049074784
 21
-24.68387639225257
 31
0.0
  0
LINE
  5
72D
330
70
100
AcDbEntity
  8
W-S-D v1_4_ANYTOOL_CUTTHROUGH_OUTSI
100
AcDbLine
 10
-90.98553700055871
 20
-24.60334915540938
 30
0.0
 11
-90.99071000209951
 21
-24.61101431682528
 31
0.0
  0
LINE
  5
72E
330
70
100
AcDbEntity
  8
W-S-D v1_4_ANYTOOL_CUTTHROUGH_OUTSI
100
AcDbLine
 10
-90.85475332237315
 20
-26.12596986508217
 30
0.0
 11
-90.86344332997462
 21
-26.12280783845978
 31
0.0
  0
LINE
  5
72F
330
70
100
AcDbEntity
  8
W-S-D v1_4_ANYTOOL_CUTTHROUGH_OUTSI
100
AcDbLine
 10
-91.02189451735862
 20
-25.95296111079268
 30
0.0
 11
-91.02246750228406
 21
-25.95096651927478
 31
0.0
  0
LINE
  5
730
330
70
100
AcDbEntity
  8
W-S-D v1_4_ANYTOOL_CUTTHROUGH_OUTSI
100
AcDbLine
 10
-91.02067221844054
 20
-25.91425429120379
 30
0.0
 11
-91.01990735566564
 21
-25.91232512247506
 31
0.0
  0
LINE
  5
731
330
70
100
AcDbEntity
  8
W-S-D v1_4_ANYTOOL_CUTTHROUGH_OUTSI
100
AcDbLine
 10
-91.01903408664346
 20
-24.66904526506788
 30
0.0
 11
-91.02189451735862
 21
-24.67783915957467
 31
0.0
  0
LINE
  5
732
330
70
100
AcDbEntity
  8
W-S-D v1_4_ANYTOOL_CUTTHROUGH_OUTSI
100
AcDbLine
 10
-90.97890796300999
 20
-25.87715030714367
 30
0.0
 11
-90.97688493292764
 21
-25.87668764491897
 31
0.0
  0
ARC
  5
733
330
70
100
AcDbEntity
  8
W-S-D v1_4_ANYTOOL_CUTTHROUGH_OUTSI
100
AcDbCircle
 10
-90.37849898650035
 20
-25.81540013518377
 30
0.0
 40
0.0600000000000094
100
AcDbArc
 50
269.999999999715
 51
359.9999999999933
  0
ENDSEC
  0
SECTION
  2
OBJECTS
  0
DICTIONARY
  5
C
330
0
100
AcDbDictionary
281
     1
  3
ACAD_COLOR
350
63
  3
ACAD_DETAILVIEWSTYLE
350
6A
  3
ACAD_GROUP
350
D
  3
ACAD_LAYOUT
350
62
  3
ACAD_MATERIAL
350
10
  3
ACAD_MLEADERSTYLE
350
66
  3
ACAD_MLINESTYLE
350
5F
  3
ACAD_PLOTSETTINGS
350
61
  3
ACAD_PLOTSTYLENAME
350
E
  3
ACAD_SCALELIST
350
42
  3
ACAD_SECTIONVIEWSTYLE
350
68
  3
ACAD_TABLESTYLE
350
64
  3
ACAD_VISUALSTYLE
350
29
  3
ACDB_RECOMPOSE_DATA
350
73C
  3
AcDbVariableDictionary
350
734
  0
DICTIONARY
  5
63
102
{ACAD_REACTORS
330
C
102
}
330
C
100
AcDbDictionary
281
     1
  0
DICTIONARY
  5
6A
102
{ACAD_REACTORS
330
C
102
}
330
C
100
AcDbDictionary
281
     1
  3
Imperial24
350
6B
  0
DICTIONARY
  5
D
102
{ACAD_REACTORS
330
C
102
}
330
C
100
AcDbDictionary
281
     1
  0
DICTIONARY
  5
62
102
{ACAD_REACTORS
330
C
102
}
330
C
100
AcDbDictionary
281
     1
  3
Layout1
350
6F
  3
Layout2
350
77
  3
Model
350
73
  0
DICTIONARY
  5
10
102
{ACAD_REACTORS
330
C
102
}
330
C
100
AcDbDictionary
281
     1
  3
ByBlock
350
19
  3
ByLayer
350
11
  3
Global
350
21
  0
DICTIONARY
  5
66
102
{ACAD_REACTORS
330
C
102
}
330
C
100
AcDbDictionary
281
     1
  3
Standard
350
67
  0
DICTIONARY
  5
5F
102
{ACAD_REACTORS
330
C
102
}
330
C
100
AcDbDictionary
281
     1
  3
Standard
350
60
  0
DICTIONARY
  5
61
102
{ACAD_REACTORS
330
C
102
}
330
C
100
AcDbDictionary
281
     1
  0
ACDBDICTIONARYWDFLT
  5
E
102
{ACAD_REACTORS
330
C
102
}
330
C
100
AcDbDictionary
281
     1
  3
Normal
350
F
100
AcDbDictionaryWithDefault
340
F
  0
DICTIONARY
  5
42
102
{ACAD_REACTORS
330
C
102
}
330
C
100
AcDbDictionary
281
     1
  3
A0
350
43
  3
A1
350
44
  3
A2
350
45
  3
A3
350
46
  3
A4
350
47
  3
A5
350
48
  3
A6
350
49
  3
A7
350
4A
  3
A8
350
4B
  3
A9
350
4C
  3
B0
350
4D
  3
B1
350
4E
  3
B2
350
4F
  3
B3
350
50
  3
B4
350
51
  3
B5
350
52
  3
B6
350
53
  0
DICTIONARY
  5
68
102
{ACAD_REACTORS
330
C
102
}
330
C
100
AcDbDictionary
281
     1
  3
Imperial24
350
69
  0
DICTIONARY
  5
64
102
{ACAD_REACTORS
330
C
102
}
330
C
100
AcDbDictionary
281
     1
  3
Standard
350
65
  0
DICTIONARY
  5
29
102
{ACAD_REACTORS
330
C
102
}
330
C
100
AcDbDictionary
281
     1
  3
2dWireframe
350
2F
  3
Basic
350
2E
  3
Brighten
350
35
  3
ColorChange
350
39
  3
Conceptual
350
32
  3
Dim
350
34
  3
EdgeColorOff
350
41
  3
Facepattern
350
38
  3
Flat
350
2A
  3
FlatWithEdges
350
2B
  3
Gouraud
350
2C
  3
GouraudWithEdges
350
2D
  3
Hidden
350
31
  3
JitterOff
350
3F
  3
Linepattern
350
37
  3
OverhangOff
350
40
  3
Realistic
350
33
  3
Shaded
350
3E
  3
Shaded with edges
350
3D
  3
Shades of Gray
350
3A
  3
Sketchy
350
3B
  3
Thicken
350
36
  3
Wireframe
350
30
  3
X-Ray
350
3C
  0
XRECORD
  5
73C
102
{ACAD_REACTORS
330
C
102
}
330
C
100
AcDbXrecord
280
     1
 90
        1
330
65
  0
DICTIONARY
  5
734
102
{ACAD_REACTORS
330
C
102
}
330
C
100
AcDbDictionary
281
     1
  3
CANNOSCALE
350
739
  3
CMLEADERSTYLE
350
736
  3
CTABLESTYLE
350
735
  3
CVIEWDETAILSTYLE
350
737
  3
CVIEWSECTIONSTYLE
350
738
  0
ACDBDETAILVIEWSTYLE
  5
6B
102
{ACAD_XDICTIONARY
360
73F
102
}
102
{ACAD_REACTORS
330
6A
102
}
330
6A
100
AcDbModelDocViewStyle
 70
     0
  3
Imperial24
290
     0
100
AcDbDetailViewStyle
 70
     0
 71
     0
 90
        3
 71
     1
340
55
 62
   256
 40
0.24
340
0
 62
   256
 40
0.24
300

 40
0.36
280
     3
 71
     2
340
5D
 90
       25
 62
   256
 71
     3
340
55
 62
   256
 40
0.24
 90
        1
 40
0.75
 90
        1
300
%<\AcVar ViewType \f "%tc1">% %<\AcVar ViewDetailId>%\PSCALE %<\AcVar ViewScale \f "%sn">%
 71
     4
340
5D
 90
       25
 62
   256
340
5D
 90
       25
 62
   256
280
     0
  0
LAYOUT
  5
6F
102
{ACAD_REACTORS
330
62
102
}
330
62
100
AcDbPlotSettings
  1

  2

  4

  6

 40
0.0
 41
0.0
 42
0.0
 43
0.0
 44
0.0
 45
0.0
 46
0.0
 47
0.0
 48
0.0
 49
0.0
140
0.0
141
0.0
142
1.0
143
1.0
 70
   688
 72
     0
 73
     0
 74
     5
  7

 75
    16
147
1.0
 76
     0
 77
     2
 78
   300
148
0.0
149
0.0
100
AcDbLayout
  1
Layout1
 70
     1
 71
     1
 10
0.0
 20
0.0
 11
12.0
 21
9.0
 12
0.0
 22
0.0
 32
0.0
 14
0.0
 24
0.0
 34
0.0
 15
0.0
 25
0.0
 35
0.0
146
0.0
 13
0.0
 23
0.0
 33
0.0
 16
1.0
 26
0.0
 36
0.0
 17
0.0
 27
1.0
 37
0.0
 76
     0
330
6C
  0
LAYOUT
  5
77
102
{ACAD_REACTORS
330
62
102
}
330
62
100
AcDbPlotSettings
  1

  2

  4

  6

 40
0.0
 41
0.0
 42
0.0
 43
0.0
 44
0.0
 45
0.0
 46
0.0
 47
0.0
 48
0.0
 49
0.0
140
0.0
141
0.0
142
1.0
143
1.0
 70
   688
 72
     0
 73
     0
 74
     5
  7

 75
    16
147
1.0
 76
     0
 77
     2
 78
   300
148
0.0
149
0.0
100
AcDbLayout
  1
Layout2
 70
     1
 71
     2
 10
0.0
 20
0.0
 11
12.0
 21
9.0
 12
0.0
 22
0.0
 32
0.0
 14
0.0
 24
0.0
 34
0.0
 15
0.0
 25
0.0
 35
0.0
146
0.0
 13
0.0
 23
0.0
 33
0.0
 16
1.0
 26
0.0
 36
0.0
 17
0.0
 27
1.0
 37
0.0
 76
     0
330
74
  0
LAYOUT
  5
73
102
{ACAD_REACTORS
330
62
102
}
330
62
100
AcDbPlotSettings
  1

  2

  4

  6

 40
0.0
 41
0.0
 42
0.0
 43
0.0
 44
0.0
 45
0.0
 46
0.0
 47
0.0
 48
0.0
 49
0.0
140
0.0
141
0.0
142
1.0
143
1.0
 70
  1712
 72
     0
 73
     0
 74
     0
  7

 75
     0
147
1.0
 76
     0
 77
     2
 78
   300
148
0.0
149
0.0
100
AcDbLayout
  1
Model
 70
     1
 71
     0
 10
0.0
 20
0.0
 11
12.0
 21
9.0
 12
0.0
 22
0.0
 32
0.0
 14
0.0
 24
0.0
 34
0.0
 15
0.0
 25
0.0
 35
0.0
146
0.0
 13
0.0
 23
0.0
 33
0.0
 16
1.0
 26
0.0
 36
0.0
 17
0.0
 27
1.0
 37
0.0
 76
     0
330
70
  0
MATERIAL
  5
19
102
{ACAD_XDICTIONARY
360
1A
102
}
102
{ACAD_REACTORS
330
10
102
}
330
10
100
AcDbMaterial
  1
ByBlock
 72
     0
 43
0.0208333333333333
 43
0.0
 43
0.0
 43
0.0
 43
0.0
 43
0.0208333333333333
 43
0.0
 43
0.0
 43
0.0
 43
0.0
 43
1.0
 43
0.0
 43
0.0
 43
0.0
 43
0.0
 43
1.0
 77
     0
 47
0.0208333333333333
 47
0.0
 47
0.0
 47
0.0
 47
0.0
 47
0.0208333333333333
 47
0.0
 47
0.0
 47
0.0
 47
0.0
 47
1.0
 47
0.0
 47
0.0
 47
0.0
 47
0.0
 47
1.0
171
     0
 49
0.0208333333333333
 49
0.0
 49
0.0
 49
0.0
 49
0.0
 49
0.0208333333333333
 49
0.0
 49
0.0
 49
0.0
 49
0.0
 49
1.0
 49
0.0
 49
0.0
 49
0.0
 49
0.0
 49
1.0
175
     0
142
0.0208333333333333
142
0.0
142
0.0
142
0.0
142
0.0
142
0.0208333333333333
142
0.0
142
0.0
142
0.0
142
0.0
142
1.0
142
0.0
142
0.0
142
0.0
142
0.0
142
1.0
179
     0
144
0.0208333333333333
144
0.0
144
0.0
144
0.0
144
0.0
144
0.0208333333333333
144
0.0
144
0.0
144
0.0
144
0.0
144
1.0
144
0.0
144
0.0
144
0.0
144
0.0
144
1.0
147
0.0208333333333333
147
0.0
147
0.0
147
0.0
147
0.0
147
0.0208333333333333
147
0.0
147
0.0
147
0.0
147
0.0
147
1.0
147
0.0
147
0.0
147
0.0
147
0.0
147
1.0
  0
MATERIAL
  5
11
102
{ACAD_XDICTIONARY
360
12
102
}
102
{ACAD_REACTORS
330
10
102
}
330
10
100
AcDbMaterial
  1
ByLayer
 72
     0
 43
0.0208333333333333
 43
0.0
 43
0.0
 43
0.0
 43
0.0
 43
0.0208333333333333
 43
0.0
 43
0.0
 43
0.0
 43
0.0
 43
1.0
 43
0.0
 43
0.0
 43
0.0
 43
0.0
 43
1.0
 77
     0
 47
0.0208333333333333
 47
0.0
 47
0.0
 47
0.0
 47
0.0
 47
0.0208333333333333
 47
0.0
 47
0.0
 47
0.0
 47
0.0
 47
1.0
 47
0.0
 47
0.0
 47
0.0
 47
0.0
 47
1.0
171
     0
 49
0.0208333333333333
 49
0.0
 49
0.0
 49
0.0
 49
0.0
 49
0.0208333333333333
 49
0.0
 49
0.0
 49
0.0
 49
0.0
 49
1.0
 49
0.0
 49
0.0
 49
0.0
 49
0.0
 49
1.0
175
     0
142
0.0208333333333333
142
0.0
142
0.0
142
0.0
142
0.0
142
0.0208333333333333
142
0.0
142
0.0
142
0.0
142
0.0
142
1.0
142
0.0
142
0.0
142
0.0
142
0.0
142
1.0
179
     0
144
0.0208333333333333
144
0.0
144
0.0
144
0.0
144
0.0
144
0.0208333333333333
144
0.0
144
0.0
144
0.0
144
0.0
144
1.0
144
0.0
144
0.0
144
0.0
144
0.0
144
1.0
147
0.0208333333333333
147
0.0
147
0.0
147
0.0
147
0.0
147
0.0208333333333333
147
0.0
147
0.0
147
0.0
147
0.0
147
1.0
147
0.0
147
0.0
147
0.0
147
0.0
147
1.0
  0
MATERIAL
  5
21
102
{ACAD_XDICTIONARY
360
22
102
}
102
{ACAD_REACTORS
330
10
102
}
330
10
100
AcDbMaterial
  1
Global
 72
     0
 43
0.0208333333333333
 43
0.0
 43
0.0
 43
0.0
 43
0.0
 43
0.0208333333333333
 43
0.0
 43
0.0
 43
0.0
 43
0.0
 43
1.0
 43
0.0
 43
0.0
 43
0.0
 43
0.0
 43
1.0
 77
     0
 47
0.0208333333333333
 47
0.0
 47
0.0
 47
0.0
 47
0.0
 47
0.0208333333333333
 47
0.0
 47
0.0
 47
0.0
 47
0.0
 47
1.0
 47
0.0
 47
0.0
 47
0.0
 47
0.0
 47
1.0
171
     0
 49
0.0208333333333333
 49
0.0
 49
0.0
 49
0.0
 49
0.0
 49
0.0208333333333333
 49
0.0
 49
0.0
 49
0.0
 49
0.0
 49
1.0
 49
0.0
 49
0.0
 49
0.0
 49
0.0
 49
1.0
175
     0
142
0.0208333333333333
142
0.0
142
0.0
142
0.0
142
0.0
142
0.0208333333333333
142
0.0
142
0.0
142
0.0
142
0.0
142
1.0
142
0.0
142
0.0
142
0.0
142
0.0
142
1.0
179
     0
144
0.0208333333333333
144
0.0
144
0.0
144
0.0
144
0.0
144
0.0208333333333333
144
0.0
144
0.0
144
0.0
144
0.0
144
1.0
144
0.0
144
0.0
144
0.0
144
0.0
144
1.0
147
0.0208333333333333
147
0.0
147
0.0
147
0.0
147
0.0
147
0.0208333333333333
147
0.0
147
0.0
147
0.0
147
0.0
147
1.0
147
0.0
147
0.0
147
0.0
147
0.0
147
1.0
  0
MLEADERSTYLE
  5
67
102
{ACAD_REACTORS
330
66
102
}
330
66
100
AcDbMLeaderStyle
179
     2
170
     2
171
     1
172
     0
 90
        2
 40
0.0
 41
0.0
173
     1
 91
-1056964608
340
5B
 92
       -2
290
     1
 42
0.09
291
     1
 43
0.36
  3
Standard
 44
0.18
300

342
55
174
     1
178
     6
175
     1
176
     0
 93
-1056964608
 45
0.18
292
     0
297
     0
 46
0.18
 94
-1056964608
 47
1.0
 49
1.0
140
1.0
293
     1
141
0.0
294
     1
177
     0
142
1.0
295
     0
296
     0
143
0.125
271
     0
272
     9
273
     9
298
     1
  0
MLINESTYLE
  5
60
102
{ACAD_REACTORS
330
5F
102
}
330
5F
100
AcDbMlineStyle
  2
STANDARD
 70
     0
  3

 62
   256
 51
90.0
 52
90.0
 71
     2
 49
0.5
 62
   256
  6
BYLAYER
 49
-0.5
 62
   256
  6
BYLAYER
  0
ACDBPLACEHOLDER
  5
F
102
{ACAD_REACTORS
330
E
102
}
330
E
  0
SCALE
  5
43
102
{ACAD_REACTORS
330
42
102
}
330
42
100
AcDbScale
 70
     0
300
1:1
140
1.0
141
1.0
290
     1
  0
SCALE
  5
44
102
{ACAD_REACTORS
330
42
102
}
330
42
100
AcDbScale
 70
     0
300
1/128" = 1'-0"
140
0.0078125
141
12.0
290
     0
  0
SCALE
  5
45
102
{ACAD_REACTORS
330
42
102
}
330
42
100
AcDbScale
 70
     0
300
1/64" = 1'-0"
140
0.015625
141
12.0
290
     0
  0
SCALE
  5
46
102
{ACAD_REACTORS
330
42
102
}
330
42
100
AcDbScale
 70
     0
300
1/32" = 1'-0"
140
0.03125
141
12.0
290
     0
  0
SCALE
  5
47
102
{ACAD_REACTORS
330
42
102
}
330
42
100
AcDbScale
 70
     0
300
1/16" = 1'-0"
140
0.0625
141
12.0
290
     0
  0
SCALE
  5
48
102
{ACAD_REACTORS
330
42
102
}
330
42
100
AcDbScale
 70
     0
300
3/32" = 1'-0"
140
0.09375
141
12.0
290
     0
  0
SCALE
  5
49
102
{ACAD_REACTORS
330
42
102
}
330
42
100
AcDbScale
 70
     0
300
1/8" = 1'-0"
140
0.125
141
12.0
290
     0
  0
SCALE
  5
4A
102
{ACAD_REACTORS
330
42
102
}
330
42
100
AcDbScale
 70
     0
300
3/16" = 1'-0"
140
0.1875
141
12.0
290
     0
  0
SCALE
  5
4B
102
{ACAD_REACTORS
330
42
102
}
330
42
100
AcDbScale
 70
     0
300
1/4" = 1'-0"
140
0.25
141
12.0
290
     0
  0
SCALE
  5
4C
102
{ACAD_REACTORS
330
42
102
}
330
42
100
AcDbScale
 70
     0
300
3/8" = 1'-0"
140
0.375
141
12.0
290
     0
  0
SCALE
  5
4D
102
{ACAD_REACTORS
330
42
102
}
330
42
100
AcDbScale
 70
     0
300
1/2" = 1'-0"
140
0.5
141
12.0
290
     0
  0
SCALE
  5
4E
102
{ACAD_REACTORS
330
42
102
}
330
42
100
AcDbScale
 70
     0
300
3/4" = 1'-0"
140
0.75
141
12.0
290
     0
  0
SCALE
  5
4F
102
{ACAD_REACTORS
330
42
102
}
330
42
100
AcDbScale
 70
     0
300
1" = 1'-0"
140
1.0
141
12.0
290
     0
  0
SCALE
  5
50
102
{ACAD_REACTORS
330
42
102
}
330
42
100
AcDbScale
 70
     0
300
1-1/2" = 1'-0"
140
1.5
141
12.0
290
     0
  0
SCALE
  5
51
102
{ACAD_REACTORS
330
42
102
}
330
42
100
AcDbScale
 70
     0
300
3" = 1'-0"
140
3.0
141
12.0
290
     0
  0
SCALE
  5
52
102
{ACAD_REACTORS
330
42
102
}
330
42
100
AcDbScale
 70
     0
300
6" = 1'-0"
140
6.0
141
12.0
290
     0
  0
SCALE
  5
53
102
{ACAD_REACTORS
330
42
102
}
330
42
100
AcDbScale
 70
     0
300
1'-0" = 1'-0"
140
12.0
141
12.0
290
     0
  0
ACDBSECTIONVIEWSTYLE
  5
69
102
{ACAD_XDICTIONARY
360
73D
102
}
102
{ACAD_REACTORS
330
68
102
}
330
68
100
AcDbModelDocViewStyle
 70
     0
  3
Imperial24
290
     0
100
AcDbSectionViewStyle
 70
     0
 71
     0
 90
       78
 71
     1
340
55
 62
   256
 40
0.24
340
0
340
0
 62
   256
 40
0.24
300
I, O, Q, S, X, Z
 40
0.48
 90
        3
 40
0.18
 90
        1
 71
     2
340
5D
 90
       25
 62
   256
340
5D
 90
       50
 62
   256
 40
0.24
 40
0.0
 40
0.24
 71
     3
340
55
 62
   256
 40
0.24
 90
        1
 40
0.75
 90
        1
300
%<\AcVar ViewType \f "%tc1">% %<\AcVar ViewSectionStartId>%-%<\AcVar ViewSectionEndId>%\PSCALE %<\AcVar ViewScale \f "%sn">%
 71
     4
 62
   256
 62
   257
300
ANSI31
 40
1.0
 90
        0
290
     0
290
     0
 90
        6
 40
0.0
 40
1.570796326794896
 40
0.2617993877991494
 40
1.308996938995747
 40
-0.2617993877991494
 40
1.832595714594046
  0
TABLESTYLE
  5
65
102
{ACAD_XDICTIONARY
360
73A
102
}
102
{ACAD_REACTORS
330
64
102
}
330
64
100
AcDbTableStyle
280
     0
  3
Standard
 70
     0
 71
     0
 40
0.06
 41
0.06
280
     0
281
     0
  7
Standard
140
0.18
170
     2
 62
     0
 63
     7
283
     0
 90
      512
 91
        0
  1

274
    -2
284
     1
 64
     0
275
    -2
285
     1
 65
     0
276
    -2
286
     1
 66
     0
277
    -2
287
     1
 67
     0
278
    -2
288
     1
 68
     0
279
    -2
289
     1
 69
     0
  7
Standard
140
0.25
170
     5
 62
     0
 63
     7
283
     0
 90
      512
 91
        0
  1

274
    -2
284
     1
 64
     0
275
    -2
285
     1
 65
     0
276
    -2
286
     1
 66
     0
277
    -2
287
     1
 67
     0
278
    -2
288
     1
 68
     0
279
    -2
289
     1
 69
     0
  7
Standard
140
0.18
170
     5
 62
     0
 63
     7
283
     0
 90
      512
 91
        0
  1

274
    -2
284
     1
 64
     0
275
    -2
285
     1
 65
     0
276
    -2
286
     1
 66
     0
277
    -2
287
     1
 67
     0
278
    -2
288
     1
 68
     0
279
    -2
289
     1
 69
     0
  0
VISUALSTYLE
  5
2F
102
{ACAD_REACTORS
330
29
102
}
330
29
100
AcDbVisualStyle
  2
2dWireframe
 70
     4
177
     3
291
     0
 70
    58
 90
        0
176
     1
 90
        2
176
     1
 90
        0
176
     1
 90
        0
176
     1
 40
0.6
176
     1
 40
30.0
176
     1
 62
     7
420
 16777215
176
     1
 90
        1
176
     1
 90
        4
176
     1
 62
     7
176
     1
 62
   257
176
     1
 90
        1
176
     1
 90
        1
176
     1
 40
1.0
176
     1
 90
        0
176
     1
 62
   257
176
     1
 40
1.0
176
     1
 90
        1
176
     1
 90
        6
176
     1
 90
        2
176
     1
 62
     7
176
     1
 90
        5
176
     1
 90
        0
176
     1
 90
        0
176
     1
290
     0
176
     1
 90
        1
176
     1
 40
0.0
176
     1
 90
        0
176
     1
290
     1
176
     1
290
     1
176
     1
290
     0
176
     1
290
     0
176
     1
290
     0
176
     1
290
     0
176
     1
290
     0
176
     1
290
     0
176
     1
290
     0
176
     1
 90
       50
176
     1
 40
0.0
176
     1
 40
1.0
176
     1
 90
        0
176
     1
 62
    18
420
        0
176
     1
 90
       50
176
     1
 90
        3
176
     1
 62
     5
420
      255
176
     1
290
     0
176
     1
 90
       50
176
     1
 90
       50
176
     1
 90
       50
176
     1
290
     0
176
     1
 90
       50
176
     1
 62
   256
176
     0
 40
1.0
176
     0
 90
        2
176
     1
  1
strokes_ogs.tif
176
     1
290
     0
176
     1
 40
1.0
176
     1
 40
1.0
176
     1
1001
ACAD
1000
AcDbSavedByObjectVersion
1070
     0
  0
VISUALSTYLE
  5
2E
102
{ACAD_REACTORS
330
29
102
}
330
29
100
AcDbVisualStyle
  2
Basic
 70
     7
177
     3
291
     1
 70
    58
 90
        1
176
     1
 90
        0
176
     1
 90
        1
176
     1
 90
        0
176
     1
 40
0.6
176
     1
 40
30.0
176
     1
 62
     7
420
 16777215
176
     1
 90
        0
176
     1
 90
        4
176
     1
 62
     7
176
     1
 62
   257
176
     1
 90
        1
176
     1
 90
        1
176
     1
 40
1.0
176
     1
 90
        8
176
     1
 62
     7
176
     1
 40
1.0
176
     1
 90
        1
176
     1
 90
        6
176
     1
 90
        2
176
     1
 62
     7
176
     1
 90
        5
176
     1
 90
        0
176
     1
 90
        0
176
     1
290
     0
176
     1
 90
        1
176
     1
 40
0.0
176
     1
 90
        0
176
     1
290
     0
176
     1
290
     1
176
     1
290
     1
176
     1
290
     0
176
     1
290
     0
176
     1
290
     0
176
     1
290
     0
176
     1
290
     0
176
     1
290
     0
176
     1
 90
       50
176
     1
 40
0.0
176
     1
 40
1.0
176
     1
 90
        0
176
     1
 62
    18
420
        0
176
     1
 90
       50
176
     1
 90
        3
176
     1
 62
     5
420
      255
176
     1
290
     0
176
     1
 90
       50
176
     1
 90
       50
176
     1
 90
       50
176
     1
290
     0
176
     1
 90
       50
176
     1
 62
   256
176
     0
 40
1.0
176
     0
 90
        2
176
     1
  1
strokes_ogs.tif
176
     1
290
     0
176
     1
 40
1.0
176
     1
 40
1.0
176
     1
1001
ACAD
1000
AcDbSavedByObjectVersion
1070
     0
  0
VISUALSTYLE
  5
35
102
{ACAD_REACTORS
330
29
102
}
330
29
100
AcDbVisualStyle
  2
Brighten
 70
    12
177
     3
291
     1
 70
    58
 90
        2
176
     1
 90
        2
176
     1
 90
        0
176
     1
 90
        0
176
     1
 40
0.6
176
     1
 40
30.0
176
     1
 62
     7
420
 16777215
176
     1
 90
        1
176
     1
 90
        4
176
     1
 62
     7
176
     1
 62
   257
176
     1
 90
        1
176
     1
 90
        1
176
     1
 40
1.0
176
     1
 90
        8
176
     1
 62
     7
176
     1
 40
1.0
176
     1
 90
        1
176
     1
 90
        6
176
     1
 90
        2
176
     1
 62
     7
176
     1
 90
        5
176
     1
 90
        0
176
     1
 90
        0
176
     1
290
     0
176
     1
 90
        1
176
     1
 40
50.0
176
     1
 90
        0
176
     1
290
     0
176
     1
290
     1
176
     1
290
     1
176
     1
290
     0
176
     1
290
     0
176
     1
290
     0
176
     1
290
     0
176
     1
290
     0
176
     1
290
     0
176
     1
 90
       50
176
     1
 40
0.0
176
     1
 40
1.0
176
     1
 90
        0
176
     1
 62
    18
420
        0
176
     1
 90
       50
176
     1
 90
        3
176
     1
 62
     5
420
      255
176
     1
290
     0
176
     1
 90
       50
176
     1
 90
       50
176
     1
 90
       50
176
     1
290
     0
176
     1
 90
       50
176
     1
 62
   256
176
     0
 40
1.0
176
     0
 90
        2
176
     1
  1
strokes_ogs.tif
176
     1
290
     0
176
     1
 40
1.0
176
     1
 40
1.0
176
     1
1001
ACAD
1000
AcDbSavedByObjectVersion
1070
     0
  0
VISUALSTYLE
  5
39
102
{ACAD_REACTORS
330
29
102
}
330
29
100
AcDbVisualStyle
  2
ColorChange
 70
    16
177
     3
291
     1
 70
    58
 90
        2
176
     1
 90
        2
176
     1
 90
        3
176
     1
 90
        0
176
     1
 40
0.6
176
     1
 40
30.0
176
     1
 62
     8
420
  8421504
176
     1
 90
        1
176
     1
 90
        4
176
     1
 62
     7
176
     1
 62
   257
176
     1
 90
        1
176
     1
 90
        1
176
     1
 40
1.0
176
     1
 90
        8
176
     1
 62
     8
420
  8421504
176
     1
 40
1.0
176
     1
 90
        1
176
     1
 90
        6
176
     1
 90
        2
176
     1
 62
     7
176
     1
 90
        5
176
     1
 90
        0
176
     1
 90
        0
176
     1
290
     0
176
     1
 90
        1
176
     1
 40
0.0
176
     1
 90
        0
176
     1
290
     0
176
     1
290
     1
176
     1
290
     1
176
     1
290
     0
176
     1
290
     0
176
     1
290
     0
176
     1
290
     0
176
     1
290
     0
176
     1
290
     0
176
     1
 90
       50
176
     1
 40
0.0
176
     1
 40
1.0
176
     1
 90
        0
176
     1
 62
    18
420
        0
176
     1
 90
       50
176
     1
 90
        3
176
     1
 62
     5
420
      255
176
     1
290
     0
176
     1
 90
       50
176
     1
 90
       50
176
     1
 90
       50
176
     1
290
     0
176
     1
 90
       50
176
     1
 62
   256
176
     0
 40
1.0
176
     0
 90
        2
176
     1
  1
strokes_ogs.tif
176
     1
290
     0
176
     1
 40
1.0
176
     1
 40
1.0
176
     1
1001
ACAD
1000
AcDbSavedByObjectVersion
1070
     0
  0
VISUALSTYLE
  5
32
102
{ACAD_REACTORS
330
29
102
}
330
29
100
AcDbVisualStyle
  2
Conceptual
 70
     9
177
     3
291
     0
 70
    58
 90
        3
176
     1
 90
        2
176
     1
 90
        0
176
     1
 90
        0
176
     1
 40
0.6
176
     1
 40
30.0
176
     1
 62
     7
420
 16777215
176
     1
 90
        2
176
     1
 90
        2
176
     1
 62
     7
176
     1
 62
   257
176
     1
 90
        1
176
     1
 90
        1
176
     1
 40
179.0
176
     1
 90
        8
176
     1
 62
     7
176
     1
 40
1.0
176
     1
 90
        1
176
     1
 90
        6
176
     1
 90
        2
176
     1
 62
     7
176
     1
 90
        3
176
     1
 90
        0
176
     1
 90
        0
176
     1
290
     0
176
     1
 90
        1
176
     1
 40
0.0
176
     1
 90
        0
176
     1
290
     0
176
     1
290
     1
176
     1
290
     1
176
     1
290
     0
176
     1
290
     0
176
     1
290
     0
176
     1
290
     0
176
     1
290
     0
176
     1
290
     0
176
     1
 90
       50
176
     1
 40
0.0
176
     1
 40
1.0
176
     1
 90
        0
176
     1
 62
    18
420
        0
176
     1
 90
       50
176
     1
 90
        3
176
     1
 62
     5
420
      255
176
     1
290
     0
176
     1
 90
       50
176
     1
 90
       50
176
     1
 90
       50
176
     1
290
     0
176
     1
 90
       50
176
     1
 62
   256
176
     0
 40
1.0
176
     0
 90
        2
176
     1
  1
strokes_ogs.tif
176
     1
290
     0
176
     1
 40
1.0
176
     1
 40
1.0
176
     1
1001
ACAD
1000
AcDbSavedByObjectVersion
1070
     0
  0
VISUALSTYLE
  5
34
102
{ACAD_REACTORS
330
29
102
}
330
29
100
AcDbVisualStyle
  2
Dim
 70
    11
177
     3
291
     1
 70
    58
 90
        2
176
     1
 90
        2
176
     1
 90
        0
176
     1
 90
        0
176
     1
 40
0.6
176
     1
 40
30.0
176
     1
 62
     7
420
 16777215
176
     1
 90
        1
176
     1
 90
        4
176
     1
 62
     7
176
     1
 62
   257
176
     1
 90
        1
176
     1
 90
        1
176
     1
 40
1.0
176
     1
 90
        8
176
     1
 62
     7
176
     1
 40
1.0
176
     1
 90
        1
176
     1
 90
        6
176
     1
 90
        2
176
     1
 62
     7
176
     1
 90
        5
176
     1
 90
        0
176
     1
 90
        0
176
     1
290
     0
176
     1
 90
        1
176
     1
 40
-50.0
176
     1
 90
        0
176
     1
290
     0
176
     1
290
     1
176
     1
290
     1
176
     1
290
     0
176
     1
290
     0
176
     1
290
     0
176
     1
290
     0
176
     1
290
     0
176
     1
290
     0
176
     1
 90
       50
176
     1
 40
0.0
176
     1
 40
1.0
176
     1
 90
        0
176
     1
 62
    18
420
        0
176
     1
 90
       50
176
     1
 90
        3
176
     1
 62
     5
420
      255
176
     1
290
     0
176
     1
 90
       50
176
     1
 90
       50
176
     1
 90
       50
176
     1
290
     0
176
     1
 90
       50
176
     1
 62
   256
176
     0
 40
1.0
176
     0
 90
        2
176
     1
  1
strokes_ogs.tif
176
     1
290
     0
176
     1
 40
1.0
176
     1
 40
1.0
176
     1
1001
ACAD
1000
AcDbSavedByObjectVersion
1070
     0
  0
VISUALSTYLE
  5
41
102
{ACAD_REACTORS
330
29
102
}
330
29
100
AcDbVisualStyle
  2
EdgeColorOff
 70
    22
177
     3
291
     1
 70
    58
 90
        2
176
     0
 90
        2
176
     0
 90
        0
176
     0
 90
        0
176
     0
 40
0.6
176
     0
 40
30.0
176
     0
 62
     7
420
 16777215
176
     0
 90
        1
176
     0
 90
        4
176
     0
 62
     7
176
     0
 62
   257
176
     0
 90
        1
176
     0
 90
        1
176
     0
 40
1.0
176
     0
 90
        8
176
     2
 62
     7
176
     0
 40
1.0
176
     0
 90
        1
176
     0
 90
        6
176
     0
 90
        2
176
     0
 62
     7
176
     0
 90
        5
176
     0
 90
        0
176
     0
 90
        0
176
     0
290
     0
176
     0
 90
        1
176
     0
 40
0.0
176
     0
 90
        0
176
     0
290
     0
176
     0
290
     1
176
     0
290
     1
176
     0
290
     0
176
     0
290
     0
176
     0
290
     0
176
     0
290
     0
176
     0
290
     0
176
     0
290
     0
176
     0
 90
       50
176
     0
 40
0.0
176
     0
 40
1.0
176
     0
 90
        0
176
     0
 62
    18
420
        0
176
     0
 90
       50
176
     0
 90
        3
176
     0
 62
     5
420
      255
176
     0
290
     0
176
     0
 90
       50
176
     0
 90
       50
176
     0
 90
       50
176
     0
290
     0
176
     0
 90
       50
176
     0
 62
   256
176
     0
 40
1.0
176
     0
 90
        2
176
     0
  1
strokes_ogs.tif
176
     0
290
     0
176
     0
 40
1.0
176
     0
 40
1.0
176
     0
1001
ACAD
1000
AcDbSavedByObjectVersion
1070
     0
  0
VISUALSTYLE
  5
38
102
{ACAD_REACTORS
330
29
102
}
330
29
100
AcDbVisualStyle
  2
Facepattern
 70
    15
177
     3
291
     1
 70
    58
 90
        2
176
     1
 90
        2
176
     1
 90
        0
176
     1
 90
        0
176
     1
 40
0.6
176
     1
 40
30.0
176
     1
 62
     7
420
 16777215
176
     1
 90
        1
176
     1
 90
        4
176
     1
 62
     7
176
     1
 62
   257
176
     1
 90
        1
176
     1
 90
        1
176
     1
 40
1.0
176
     1
 90
        8
176
     1
 62
     7
176
     1
 40
1.0
176
     1
 90
        1
176
     1
 90
        6
176
     1
 90
        2
176
     1
 62
     7
176
     1
 90
        5
176
     1
 90
        0
176
     1
 90
        0
176
     1
290
     0
176
     1
 90
        1
176
     1
 40
0.0
176
     1
 90
        0
176
     1
290
     0
176
     1
290
     1
176
     1
290
     1
176
     1
290
     0
176
     1
290
     0
176
     1
290
     0
176
     1
290
     0
176
     1
290
     0
176
     1
290
     0
176
     1
 90
       50
176
     1
 40
0.0
176
     1
 40
1.0
176
     1
 90
        0
176
     1
 62
    18
420
        0
176
     1
 90
       50
176
     1
 90
        3
176
     1
 62
     5
420
      255
176
     1
290
     0
176
     1
 90
       50
176
     1
 90
       50
176
     1
 90
       50
176
     1
290
     0
176
     1
 90
       50
176
     1
 62
   256
176
     0
 40
1.0
176
     0
 90
        2
176
     1
  1
strokes_ogs.tif
176
     1
290
     0
176
     1
 40
1.0
176
     1
 40
1.0
176
     1
1001
ACAD
1000
AcDbSavedByObjectVersion
1070
     0
  0
VISUALSTYLE
  5
2A
102
{ACAD_REACTORS
330
29
102
}
330
29
100
AcDbVisualStyle
  2
Flat
 70
     0
177
     3
291
     1
 70
    58
 90
        2
176
     1
 90
        1
176
     1
 90
        1
176
     1
 90
        2
176
     1
 40
0.6
176
     1
 40
30.0
176
     1
 62
     7
420
 16777215
176
     1
 90
        0
176
     1
 90
        0
176
     1
 62
     7
176
     1
 62
   257
176
     1
 90
        1
176
     1
 90
        1
176
     1
 40
1.0
176
     1
 90
        8
176
     1
 62
     7
176
     1
 40
1.0
176
     1
 90
        1
176
     1
 90
        6
176
     1
 90
        2
176
     1
 62
     7
176
     1
 90
        5
176
     1
 90
        0
176
     1
 90
        0
176
     1
290
     0
176
     1
 90
       13
176
     1
 40
0.0
176
     1
 90
        0
176
     1
290
     0
176
     1
290
     1
176
     1
290
     1
176
     1
290
     0
176
     1
290
     0
176
     1
290
     0
176
     1
290
     0
176
     1
290
     0
176
     1
290
     0
176
     1
 90
       50
176
     1
 40
0.0
176
     1
 40
1.0
176
     1
 90
        0
176
     1
 62
    18
420
        0
176
     1
 90
       50
176
     1
 90
        3
176
     1
 62
     5
420
      255
176
     1
290
     0
176
     1
 90
       50
176
     1
 90
       50
176
     1
 90
       50
176
     1
290
     0
176
     1
 90
       50
176
     1
 62
   256
176
     0
 40
1.0
176
     0
 90
        2
176
     1
  1
strokes_ogs.tif
176
     1
290
     0
176
     1
 40
1.0
176
     1
 40
1.0
176
     1
1001
ACAD
1000
AcDbSavedByObjectVersion
1070
     0
  0
VISUALSTYLE
  5
2B
102
{ACAD_REACTORS
330
29
102
}
330
29
100
AcDbVisualStyle
  2
FlatWithEdges
 70
     1
177
     3
291
     1
 70
    58
 90
        2
176
     1
 90
        1
176
     1
 90
        1
176
     1
 90
        2
176
     1
 40
0.6
176
     1
 40
30.0
176
     1
 62
     7
420
 16777215
176
     1
 90
        1
176
     1
 90
        0
176
     1
 62
     7
176
     1
 62
   257
176
     1
 90
        1
176
     1
 90
        1
176
     1
 40
1.0
176
     1
 90
        0
176
     1
 62
   257
176
     1
 40
1.0
176
     1
 90
        1
176
     1
 90
        6
176
     1
 90
        2
176
     1
 62
     7
176
     1
 90
        5
176
     1
 90
        0
176
     1
 90
        0
176
     1
290
     0
176
     1
 90
       13
176
     1
 40
0.0
176
     1
 90
        0
176
     1
290
     0
176
     1
290
     1
176
     1
290
     1
176
     1
290
     0
176
     1
290
     0
176
     1
290
     0
176
     1
290
     0
176
     1
290
     0
176
     1
290
     0
176
     1
 90
       50
176
     1
 40
0.0
176
     1
 40
1.0
176
     1
 90
        0
176
     1
 62
    18
420
        0
176
     1
 90
       50
176
     1
 90
        3
176
     1
 62
     5
420
      255
176
     1
290
     0
176
     1
 90
       50
176
     1
 90
       50
176
     1
 90
       50
176
     1
290
     0
176
     1
 90
       50
176
     1
 62
   256
176
     0
 40
1.0
176
     0
 90
        2
176
     1
  1
strokes_ogs.tif
176
     1
290
     0
176
     1
 40
1.0
176
     1
 40
1.0
176
     1
1001
ACAD
1000
AcDbSavedByObjectVersion
1070
     0
  0
VISUALSTYLE
  5
2C
102
{ACAD_REACTORS
330
29
102
}
330
29
100
AcDbVisualStyle
  2
Gouraud
 70
     2
177
     3
291
     1
 70
    58
 90
        2
176
     1
 90
        2
176
     1
 90
        1
176
     1
 90
        2
176
     1
 40
0.6
176
     1
 40
30.0
176
     1
 62
     7
420
 16777215
176
     1
 90
        0
176
     1
 90
        0
176
     1
 62
     7
176
     1
 62
   257
176
     1
 90
        1
176
     1
 90
        1
176
     1
 40
1.0
176
     1
 90
        0
176
     1
 62
     7
176
     1
 40
1.0
176
     1
 90
        1
176
     1
 90
        6
176
     1
 90
        2
176
     1
 62
     7
176
     1
 90
        5
176
     1
 90
        0
176
     1
 90
        0
176
     1
290
     0
176
     1
 90
       13
176
     1
 40
0.0
176
     1
 90
        0
176
     1
290
     0
176
     1
290
     1
176
     1
290
     1
176
     1
290
     0
176
     1
290
     0
176
     1
290
     0
176
     1
290
     0
176
     1
290
     0
176
     1
290
     0
176
     1
 90
       50
176
     1
 40
0.0
176
     1
 40
1.0
176
     1
 90
        0
176
     1
 62
    18
420
        0
176
     1
 90
       50
176
     1
 90
        3
176
     1
 62
     5
420
      255
176
     1
290
     0
176
     1
 90
       50
176
     1
 90
       50
176
     1
 90
       50
176
     1
290
     0
176
     1
 90
       50
176
     1
 62
   256
176
     0
 40
1.0
176
     0
 90
        2
176
     1
  1
strokes_ogs.tif
176
     1
290
     0
176
     1
 40
1.0
176
     1
 40
1.0
176
     1
1001
ACAD
1000
AcDbSavedByObjectVersion
1070
     0
  0
VISUALSTYLE
  5
2D
102
{ACAD_REACTORS
330
29
102
}
330
29
100
AcDbVisualStyle
  2
GouraudWithEdges
 70
     3
177
     3
291
     1
 70
    58
 90
        2
176
     1
 90
        2
176
     1
 90
        1
176
     1
 90
        2
176
     1
 40
0.6
176
     1
 40
30.0
176
     1
 62
     7
420
 16777215
176
     1
 90
        1
176
     1
 90
        0
176
     1
 62
     7
176
     1
 62
   257
176
     1
 90
        1
176
     1
 90
        1
176
     1
 40
1.0
176
     1
 90
        0
176
     1
 62
   257
176
     1
 40
1.0
176
     1
 90
        1
176
     1
 90
        6
176
     1
 90
        2
176
     1
 62
     7
176
     1
 90
        5
176
     1
 90
        0
176
     1
 90
        0
176
     1
290
     0
176
     1
 90
       13
176
     1
 40
0.0
176
     1
 90
        0
176
     1
290
     0
176
     1
290
     1
176
     1
290
     1
176
     1
290
     0
176
     1
290
     0
176
     1
290
     0
176
     1
290
     0
176
     1
290
     0
176
     1
290
     0
176
     1
 90
       50
176
     1
 40
0.0
176
     1
 40
1.0
176
     1
 90
        0
176
     1
 62
    18
420
        0
176
     1
 90
       50
176
     1
 90
        3
176
     1
 62
     5
420
      255
176
     1
290
     0
176
     1
 90
       50
176
     1
 90
       50
176
     1
 90
       50
176
     1
290
     0
176
     1
 90
       50
176
     1
 62
   256
176
     0
 40
1.0
176
     0
 90
        2
176
     1
  1
strokes_ogs.tif
176
     1
290
     0
176
     1
 40
1.0
176
     1
 40
1.0
176
     1
1001
ACAD
1000
AcDbSavedByObjectVersion
1070
     0
  0
VISUALSTYLE
  5
31
102
{ACAD_REACTORS
330
29
102
}
330
29
100
AcDbVisualStyle
  2
Hidden
 70
     6
177
     3
291
     0
 70
    58
 90
        1
176
     1
 90
        2
176
     1
 90
        2
176
     1
 90
        0
176
     1
 40
0.6
176
     1
 40
30.0
176
     1
 62
     7
420
 16777215
176
     1
 90
        2
176
     1
 90
        2
176
     1
 62
     7
176
     1
 62
   257
176
     1
 90
        2
176
     1
 90
        1
176
     1
 40
40.0
176
     1
 90
        0
176
     1
 62
   257
176
     1
 40
1.0
176
     1
 90
        1
176
     1
 90
        6
176
     1
 90
        2
176
     1
 62
     7
176
     1
 90
        3
176
     1
 90
        0
176
     1
 90
        0
176
     1
290
     0
176
     1
 90
        1
176
     1
 40
0.0
176
     1
 90
        0
176
     1
290
     0
176
     1
290
     1
176
     1
290
     1
176
     1
290
     0
176
     1
290
     0
176
     1
290
     0
176
     1
290
     0
176
     1
290
     0
176
     1
290
     0
176
     1
 90
       50
176
     1
 40
0.0
176
     1
 40
1.0
176
     1
 90
        0
176
     1
 62
    18
420
        0
176
     1
 90
       50
176
     1
 90
        3
176
     1
 62
     5
420
      255
176
     1
290
     0
176
     1
 90
       50
176
     1
 90
       50
176
     1
 90
       50
176
     1
290
     0
176
     1
 90
       50
176
     1
 62
   256
176
     0
 40
1.0
176
     0
 90
        2
176
     1
  1
strokes_ogs.tif
176
     1
290
     0
176
     1
 40
1.0
176
     1
 40
1.0
176
     1
1001
ACAD
1000
AcDbSavedByObjectVersion
1070
     0
  0
VISUALSTYLE
  5
3F
102
{ACAD_REACTORS
330
29
102
}
330
29
100
AcDbVisualStyle
  2
JitterOff
 70
    20
177
     3
291
     1
 70
    58
 90
        2
176
     0
 90
        2
176
     0
 90
        0
176
     0
 90
        0
176
     0
 40
0.6
176
     0
 40
30.0
176
     0
 62
     7
420
 16777215
176
     0
 90
        1
176
     0
 90
        4
176
     0
 62
     7
176
     0
 62
   257
176
     0
 90
        1
176
     0
 90
        1
176
     0
 40
1.0
176
     0
 90
       10
176
     2
 62
     7
176
     0
 40
1.0
176
     0
 90
        1
176
     0
 90
        6
176
     0
 90
        2
176
     0
 62
     7
176
     0
 90
        5
176
     0
 90
        0
176
     0
 90
        0
176
     0
290
     0
176
     0
 90
        1
176
     0
 40
0.0
176
     0
 90
        0
176
     0
290
     0
176
     0
290
     1
176
     0
290
     1
176
     0
290
     0
176
     0
290
     0
176
     0
290
     0
176
     0
290
     0
176
     0
290
     0
176
     0
290
     0
176
     0
 90
       50
176
     0
 40
0.0
176
     0
 40
1.0
176
     0
 90
        0
176
     0
 62
    18
420
        0
176
     0
 90
       50
176
     0
 90
        3
176
     0
 62
     5
420
      255
176
     0
290
     0
176
     0
 90
       50
176
     0
 90
       50
176
     0
 90
       50
176
     0
290
     0
176
     0
 90
       50
176
     0
 62
   256
176
     0
 40
1.0
176
     0
 90
        2
176
     0
  1
strokes_ogs.tif
176
     0
290
     0
176
     0
 40
1.0
176
     0
 40
1.0
176
     0
1001
ACAD
1000
AcDbSavedByObjectVersion
1070
     0
  0
VISUALSTYLE
  5
37
102
{ACAD_REACTORS
330
29
102
}
330
29
100
AcDbVisualStyle
  2
Linepattern
 70
    14
177
     3
291
     1
 70
    58
 90
        2
176
     1
 90
        2
176
     1
 90
        0
176
     1
 90
        0
176
     1
 40
0.6
176
     1
 40
30.0
176
     1
 62
     7
420
 16777215
176
     1
 90
        1
176
     1
 90
        4
176
     1
 62
     7
176
     1
 62
   257
176
     1
 90
        7
176
     1
 90
        7
176
     1
 40
1.0
176
     1
 90
        8
176
     1
 62
     7
176
     1
 40
1.0
176
     1
 90
        1
176
     1
 90
        6
176
     1
 90
        2
176
     1
 62
     7
176
     1
 90
        5
176
     1
 90
        0
176
     1
 90
        0
176
     1
290
     0
176
     1
 90
        1
176
     1
 40
0.0
176
     1
 90
        0
176
     1
290
     0
176
     1
290
     1
176
     1
290
     1
176
     1
290
     0
176
     1
290
     0
176
     1
290
     0
176
     1
290
     0
176
     1
290
     0
176
     1
290
     0
176
     1
 90
       50
176
     1
 40
0.0
176
     1
 40
1.0
176
     1
 90
        0
176
     1
 62
    18
420
        0
176
     1
 90
       50
176
     1
 90
        3
176
     1
 62
     5
420
      255
176
     1
290
     0
176
     1
 90
       50
176
     1
 90
       50
176
     1
 90
       50
176
     1
290
     0
176
     1
 90
       50
176
     1
 62
   256
176
     0
 40
1.0
176
     0
 90
        2
176
     1
  1
strokes_ogs.tif
176
     1
290
     0
176
     1
 40
1.0
176
     1
 40
1.0
176
     1
1001
ACAD
1000
AcDbSavedByObjectVersion
1070
     0
  0
VISUALSTYLE
  5
40
102
{ACAD_REACTORS
330
29
102
}
330
29
100
AcDbVisualStyle
  2
OverhangOff
 70
    21
177
     3
291
     1
 70
    58
 90
        2
176
     0
 90
        2
176
     0
 90
        0
176
     0
 90
        0
176
     0
 40
0.6
176
     0
 40
30.0
176
     0
 62
     7
420
 16777215
176
     0
 90
        1
176
     0
 90
        4
176
     0
 62
     7
176
     0
 62
   257
176
     0
 90
        1
176
     0
 90
        1
176
     0
 40
1.0
176
     0
 90
        9
176
     2
 62
     7
176
     0
 40
1.0
176
     0
 90
        1
176
     0
 90
        6
176
     0
 90
        2
176
     0
 62
     7
176
     0
 90
        5
176
     0
 90
        0
176
     0
 90
        0
176
     0
290
     0
176
     0
 90
        1
176
     0
 40
0.0
176
     0
 90
        0
176
     0
290
     0
176
     0
290
     1
176
     0
290
     1
176
     0
290
     0
176
     0
290
     0
176
     0
290
     0
176
     0
290
     0
176
     0
290
     0
176
     0
290
     0
176
     0
 90
       50
176
     0
 40
0.0
176
     0
 40
1.0
176
     0
 90
        0
176
     0
 62
    18
420
        0
176
     0
 90
       50
176
     0
 90
        3
176
     0
 62
     5
420
      255
176
     0
290
     0
176
     0
 90
       50
176
     0
 90
       50
176
     0
 90
       50
176
     0
290
     0
176
     0
 90
       50
176
     0
 62
   256
176
     0
 40
1.0
176
     0
 90
        2
176
     0
  1
strokes_ogs.tif
176
     0
290
     0
176
     0
 40
1.0
176
     0
 40
1.0
176
     0
1001
ACAD
1000
AcDbSavedByObjectVersion
1070
     0
  0
VISUALSTYLE
  5
33
102
{ACAD_REACTORS
330
29
102
}
330
29
100
AcDbVisualStyle
  2
Realistic
 70
     8
177
     3
291
     0
 70
    58
 90
        2
176
     1
 90
        3
176
     1
 90
        0
176
     1
 90
        2
176
     1
 40
0.6
176
     1
 40
30.0
176
     1
 62
     7
420
 16777215
176
     1
 90
        0
176
     1
 90
        0
176
     1
 62
     7
176
     1
 62
   257
176
     1
 90
        1
176
     1
 90
        1
176
     1
 40
1.0
176
     1
 90
        8
176
     1
 62
   257
176
     1
 40
1.0
176
     1
 90
        1
176
     1
 90
        6
176
     1
 90
        2
176
     1
 62
     7
176
     1
 90
        3
176
     1
 90
        0
176
     1
 90
        0
176
     1
290
     0
176
     1
 90
       13
176
     1
 40
0.0
176
     1
 90
        0
176
     1
290
     0
176
     1
290
     1
176
     1
290
     1
176
     1
290
     0
176
     1
290
     0
176
     1
290
     0
176
     1
290
     0
176
     1
290
     0
176
     1
290
     0
176
     1
 90
       50
176
     1
 40
0.0
176
     1
 40
1.0
176
     1
 90
        0
176
     1
 62
    18
420
        0
176
     1
 90
       50
176
     1
 90
        3
176
     1
 62
     5
420
      255
176
     1
290
     0
176
     1
 90
       50
176
     1
 90
       50
176
     1
 90
       50
176
     1
290
     0
176
     1
 90
       50
176
     1
 62
   256
176
     0
 40
1.0
176
     0
 90
        2
176
     1
  1
strokes_ogs.tif
176
     1
290
     0
176
     1
 40
1.0
176
     1
 40
1.0
176
     1
1001
ACAD
1000
AcDbSavedByObjectVersion
1070
     0
  0
VISUALSTYLE
  5
3E
102
{ACAD_REACTORS
330
29
102
}
330
29
100
AcDbVisualStyle
  2
Shaded
 70
    27
177
     3
291
     0
 70
    58
 90
        2
176
     1
 90
        2
176
     1
 90
        1
176
     1
 90
        2
176
     1
 40
0.6
176
     1
 40
30.0
176
     1
 62
     7
420
 16777215
176
     1
 90
        0
176
     1
 90
        4
176
     1
 62
     7
176
     1
 62
   257
176
     1
 90
        1
176
     1
 90
        1
176
     1
 40
1.0
176
     1
 90
        8
176
     1
 62
   257
176
     1
 40
1.0
176
     1
 90
        1
176
     1
 90
        6
176
     1
 90
        2
176
     1
 62
     8
420
  7895160
176
     1
 90
        3
176
     1
 90
        0
176
     1
 90
        0
176
     1
290
     0
176
     1
 90
        5
176
     1
 40
0.0
176
     1
 90
        0
176
     1
290
     0
176
     1
290
     1
176
     1
290
     1
176
     1
290
     0
176
     1
290
     0
176
     1
290
     0
176
     1
290
     0
176
     1
290
     0
176
     1
290
     0
176
     1
 90
       50
176
     1
 40
0.0
176
     1
 40
1.0
176
     1
 90
        0
176
     1
 62
    18
420
        0
176
     1
 90
       50
176
     1
 90
        3
176
     1
 62
     5
420
      255
176
     1
290
     0
176
     1
 90
       50
176
     1
 90
       50
176
     1
 90
       50
176
     1
290
     0
176
     1
 90
       50
176
     1
 62
   256
176
     0
 40
1.0
176
     0
 90
        2
176
     1
  1
strokes_ogs.tif
176
     1
290
     0
176
     1
 40
1.0
176
     1
 40
1.0
176
     1
1001
ACAD
1000
AcDbSavedByObjectVersion
1070
     0
  0
VISUALSTYLE
  5
3D
102
{ACAD_REACTORS
330
29
102
}
330
29
100
AcDbVisualStyle
  2
Shaded with edges
 70
    26
177
     3
291
     0
 70
    58
 90
        2
176
     1
 90
        2
176
     1
 90
        1
176
     1
 90
        2
176
     1
 40
0.6
176
     1
 40
30.0
176
     1
 62
     7
420
 16777215
176
     1
 90
        1
176
     1
 90
        2
176
     1
 62
     7
176
     1
 62
   257
176
     1
 90
        2
176
     1
 90
        1
176
     1
 40
1.0
176
     1
 90
        8
176
     1
 62
   257
176
     1
 40
1.0
176
     1
 90
        1
176
     1
 90
        6
176
     1
 90
        2
176
     1
 62
     7
176
     1
 90
        3
176
     1
 90
        0
176
     1
 90
        0
176
     1
290
     0
176
     1
 90
        5
176
     1
 40
0.0
176
     1
 90
        0
176
     1
290
     0
176
     1
290
     1
176
     1
290
     1
176
     1
290
     0
176
     1
290
     0
176
     1
290
     0
176
     1
290
     0
176
     1
290
     0
176
     1
290
     0
176
     1
 90
       50
176
     1
 40
0.0
176
     1
 40
1.0
176
     1
 90
        0
176
     1
 62
    18
420
        0
176
     1
 90
       50
176
     1
 90
        3
176
     1
 62
     5
420
      255
176
     1
290
     0
176
     1
 90
       50
176
     1
 90
       50
176
     1
 90
       50
176
     1
290
     0
176
     1
 90
       50
176
     1
 62
   256
176
     0
 40
1.0
176
     0
 90
        2
176
     1
  1
strokes_ogs.tif
176
     1
290
     0
176
     1
 40
1.0
176
     1
 40
1.0
176
     1
1001
ACAD
1000
AcDbSavedByObjectVersion
1070
     0
  0
VISUALSTYLE
  5
3A
102
{ACAD_REACTORS
330
29
102
}
330
29
100
AcDbVisualStyle
  2
Shades of Gray
 70
    23
177
     3
291
     0
 70
    58
 90
        2
176
     1
 90
        2
176
     1
 90
        3
176
     1
 90
        0
176
     1
 40
0.6
176
     1
 40
30.0
176
     1
 62
     7
420
 16777215
176
     1
 90
        2
176
     1
 90
        2
176
     1
 62
     7
176
     1
 62
     7
176
     1
 90
        1
176
     1
 90
        1
176
     1
 40
40.0
176
     1
 90
        8
176
     1
 62
     7
176
     1
 40
1.0
176
     1
 90
        1
176
     1
 90
        6
176
     1
 90
        2
176
     1
 62
     7
176
     1
 90
        3
176
     1
 90
        0
176
     1
 90
        0
176
     1
290
     0
176
     1
 90
        1
176
     1
 40
0.0
176
     1
 90
        0
176
     1
290
     0
176
     1
290
     1
176
     1
290
     1
176
     1
290
     0
176
     1
290
     0
176
     1
290
     0
176
     1
290
     0
176
     1
290
     0
176
     1
290
     0
176
     1
 90
       50
176
     1
 40
0.0
176
     1
 40
1.0
176
     1
 90
        0
176
     1
 62
    18
420
        0
176
     1
 90
       50
176
     1
 90
        3
176
     1
 62
     5
420
      255
176
     1
290
     0
176
     1
 90
       50
176
     1
 90
       50
176
     1
 90
       50
176
     1
290
     0
176
     1
 90
       50
176
     1
 62
   256
176
     0
 40
1.0
176
     0
 90
        2
176
     1
  1
strokes_ogs.tif
176
     1
290
     0
176
     1
 40
1.0
176
     1
 40
1.0
176
     1
1001
ACAD
1000
AcDbSavedByObjectVersion
1070
     0
  0
VISUALSTYLE
  5
3B
102
{ACAD_REACTORS
330
29
102
}
330
29
100
AcDbVisualStyle
  2
Sketchy
 70
    24
177
     3
291
     0
 70
    58
 90
        1
176
     1
 90
        2
176
     1
 90
        2
176
     1
 90
        0
176
     1
 40
0.6
176
     1
 40
30.0
176
     1
 62
     7
420
 16777215
176
     1
 90
        2
176
     1
 90
        2
176
     1
 62
     7
176
     1
 62
     7
176
     1
 90
        1
176
     1
 90
        1
176
     1
 40
40.0
176
     1
 90
       11
176
     1
 62
     7
176
     1
 40
1.0
176
     1
 90
        1
176
     1
 90
        6
176
     1
 90
        2
176
     1
 62
     7
176
     1
 90
        6
176
     1
 90
        0
176
     1
 90
        0
176
     1
290
     0
176
     1
 90
        1
176
     1
 40
0.0
176
     1
 90
        0
176
     1
290
     0
176
     1
290
     1
176
     1
290
     1
176
     1
290
     0
176
     1
290
     0
176
     1
290
     0
176
     1
290
     0
176
     1
290
     0
176
     1
290
     0
176
     1
 90
       50
176
     1
 40
0.0
176
     1
 40
1.0
176
     1
 90
        0
176
     1
 62
    18
420
        0
176
     1
 90
       50
176
     1
 90
        3
176
     1
 62
     5
420
      255
176
     1
290
     0
176
     1
 90
       50
176
     1
 90
       50
176
     1
 90
       50
176
     1
290
     0
176
     1
 90
       50
176
     1
 62
   256
176
     0
 40
1.0
176
     0
 90
        2
176
     1
  1
strokes_ogs.tif
176
     1
290
     0
176
     1
 40
1.0
176
     1
 40
1.0
176
     1
1001
ACAD
1000
AcDbSavedByObjectVersion
1070
     0
  0
VISUALSTYLE
  5
36
102
{ACAD_REACTORS
330
29
102
}
330
29
100
AcDbVisualStyle
  2
Thicken
 70
    13
177
     3
291
     1
 70
    58
 90
        2
176
     1
 90
        2
176
     1
 90
        0
176
     1
 90
        0
176
     1
 40
0.6
176
     1
 40
30.0
176
     1
 62
     7
420
 16777215
176
     1
 90
        1
176
     1
 90
        4
176
     1
 62
     7
176
     1
 62
   257
176
     1
 90
        1
176
     1
 90
        1
176
     1
 40
1.0
176
     1
 90
       12
176
     1
 62
     7
176
     1
 40
1.0
176
     1
 90
        1
176
     1
 90
        6
176
     1
 90
        2
176
     1
 62
     7
176
     1
 90
        5
176
     1
 90
        0
176
     1
 90
        0
176
     1
290
     0
176
     1
 90
        1
176
     1
 40
0.0
176
     1
 90
        0
176
     1
290
     0
176
     1
290
     1
176
     1
290
     1
176
     1
290
     0
176
     1
290
     0
176
     1
290
     0
176
     1
290
     0
176
     1
290
     0
176
     1
290
     0
176
     1
 90
       50
176
     1
 40
0.0
176
     1
 40
1.0
176
     1
 90
        0
176
     1
 62
    18
420
        0
176
     1
 90
       50
176
     1
 90
        3
176
     1
 62
     5
420
      255
176
     1
290
     0
176
     1
 90
       50
176
     1
 90
       50
176
     1
 90
       50
176
     1
290
     0
176
     1
 90
       50
176
     1
 62
   256
176
     0
 40
1.0
176
     0
 90
        2
176
     1
  1
strokes_ogs.tif
176
     1
290
     0
176
     1
 40
1.0
176
     1
 40
1.0
176
     1
1001
ACAD
1000
AcDbSavedByObjectVersion
1070
     0
  0
VISUALSTYLE
  5
30
102
{ACAD_REACTORS
330
29
102
}
330
29
100
AcDbVisualStyle
  2
Wireframe
 70
     5
177
     3
291
     0
 70
    58
 90
        0
176
     1
 90
        2
176
     1
 90
        0
176
     1
 90
        0
176
     1
 40
0.6
176
     1
 40
30.0
176
     1
 62
     7
420
 16777215
176
     1
 90
        1
176
     1
 90
        4
176
     1
 62
     7
176
     1
 62
   257
176
     1
 90
        1
176
     1
 90
        1
176
     1
 40
1.0
176
     1
 90
        0
176
     1
 62
   257
176
     1
 40
1.0
176
     1
 90
        1
176
     1
 90
        6
176
     1
 90
        2
176
     1
 62
     7
176
     1
 90
        3
176
     1
 90
        0
176
     1
 90
        0
176
     1
290
     0
176
     1
 90
        1
176
     1
 40
0.0
176
     1
 90
        0
176
     1
290
     0
176
     1
290
     1
176
     1
290
     1
176
     1
290
     0
176
     1
290
     0
176
     1
290
     0
176
     1
290
     0
176
     1
290
     0
176
     1
290
     0
176
     1
 90
       50
176
     1
 40
0.0
176
     1
 40
1.0
176
     1
 90
        0
176
     1
 62
    18
420
        0
176
     1
 90
       50
176
     1
 90
        3
176
     1
 62
     5
420
      255
176
     1
290
     0
176
     1
 90
       50
176
     1
 90
       50
176
     1
 90
       50
176
     1
290
     0
176
     1
 90
       50
176
     1
 62
   256
176
     0
 40
1.0
176
     0
 90
        2
176
     1
  1
strokes_ogs.tif
176
     1
290
     0
176
     1
 40
1.0
176
     1
 40
1.0
176
     1
1001
ACAD
1000
AcDbSavedByObjectVersion
1070
     0
  0
VISUALSTYLE
  5
3C
102
{ACAD_REACTORS
330
29
102
}
330
29
100
AcDbVisualStyle
  2
X-Ray
 70
    25
177
     3
291
     0
 70
    58
 90
        2
176
     1
 90
        2
176
     1
 90
        1
176
     1
 90
        1
176
     1
 40
0.5
176
     1
 40
30.0
176
     1
 62
     7
420
 16777215
176
     1
 90
        1
176
     1
 90
        0
176
     1
 62
     7
176
     1
 62
   257
176
     1
 90
        1
176
     1
 90
        1
176
     1
 40
1.0
176
     1
 90
        8
176
     1
 62
     7
176
     1
 40
1.0
176
     1
 90
        1
176
     1
 90
        6
176
     1
 90
        2
176
     1
 62
     7
176
     1
 90
        3
176
     1
 90
        0
176
     1
 90
        0
176
     1
290
     0
176
     1
 90
       13
176
     1
 40
0.0
176
     1
 90
        0
176
     1
290
     0
176
     1
290
     1
176
     1
290
     1
176
     1
290
     0
176
     1
290
     0
176
     1
290
     0
176
     1
290
     0
176
     1
290
     0
176
     1
290
     0
176
     1
 90
       50
176
     1
 40
0.0
176
     1
 40
1.0
176
     1
 90
        0
176
     1
 62
    18
420
        0
176
     1
 90
       50
176
     1
 90
        3
176
     1
 62
     5
420
      255
176
     1
290
     0
176
     1
 90
       50
176
     1
 90
       50
176
     1
 90
       50
176
     1
290
     0
176
     1
 90
       50
176
     1
 62
   256
176
     0
 40
1.0
176
     0
 90
        2
176
     1
  1
strokes_ogs.tif
176
     1
290
     0
176
     1
 40
1.0
176
     1
 40
1.0
176
     1
1001
ACAD
1000
AcDbSavedByObjectVersion
1070
     0
  0
DICTIONARYVAR
  5
739
102
{ACAD_REACTORS
330
734
102
}
330
734
100
DictionaryVariables
280
     0
  1
1:1
  0
DICTIONARYVAR
  5
736
102
{ACAD_REACTORS
330
734
102
}
330
734
100
DictionaryVariables
280
     0
  1
STANDARD
  0
DICTIONARYVAR
  5
735
102
{ACAD_REACTORS
330
734
102
}
330
734
100
DictionaryVariables
280
     0
  1
STANDARD
  0
DICTIONARYVAR
  5
737
102
{ACAD_REACTORS
330
734
102
}
330
734
100
DictionaryVariables
280
     0
  1
Imperial24
  0
DICTIONARYVAR
  5
738
102
{ACAD_REACTORS
330
734
102
}
330
734
100
DictionaryVariables
280
     0
  1
Imperial24
  0
DICTIONARY
  5
73F
330
6B
100
AcDbDictionary
280
     1
281
     1
  3
ACAD_XREC_ROUNDTRIP
360
740
  0
DICTIONARY
  5
1A
330
19
100
AcDbDictionary
280
     1
281
     1
  3
BUMPTILE
360
1C
  3
DIFFUSETILE
360
1B
  3
OPACITYTILE
360
1F
  3
REFLECTIONTILE
360
1E
  3
REFRACTIONTILE
360
20
  3
SPECULARTILE
360
1D
  0
DICTIONARY
  5
12
330
11
100
AcDbDictionary
280
     1
281
     1
  3
BUMPTILE
360
14
  3
DIFFUSETILE
360
13
  3
OPACITYTILE
360
17
  3
REFLECTIONTILE
360
16
  3
REFRACTIONTILE
360
18
  3
SPECULARTILE
360
15
  0
DICTIONARY
  5
22
330
21
100
AcDbDictionary
280
     1
281
     1
  3
BUMPTILE
360
24
  3
DIFFUSETILE
360
23
  3
OPACITYTILE
360
27
  3
REFLECTIONTILE
360
26
  3
REFRACTIONTILE
360
28
  3
SPECULARTILE
360
25
  0
DICTIONARY
  5
73D
330
69
100
AcDbDictionary
280
     1
281
     1
  3
ACAD_XREC_ROUNDTRIP
360
73E
  0
DICTIONARY
  5
73A
330
65
100
AcDbDictionary
280
     1
281
     1
  3
ACAD_ROUNDTRIP_2008_TABLESTYLE_CELLSTYLEMAP
360
73B
  0
XRECORD
  5
740
102
{ACAD_REACTORS
330
73F
102
}
330
73F
100
AcDbXrecord
280
     1
102
DISPLAYNAME
  1
Imperial24
102
FLAGS
 90
        0
  0
XRECORD
  5
1C
102
{ACAD_REACTORS
330
1A
102
}
330
1A
100
AcDbXrecord
280
     1
270
     1
271
     1
  0
XRECORD
  5
1B
102
{ACAD_REACTORS
330
1A
102
}
330
1A
100
AcDbXrecord
280
     1
270
     1
271
     1
  0
XRECORD
  5
1F
102
{ACAD_REACTORS
330
1A
102
}
330
1A
100
AcDbXrecord
280
     1
270
     1
271
     1
  0
XRECORD
  5
1E
102
{ACAD_REACTORS
330
1A
102
}
330
1A
100
AcDbXrecord
280
     1
270
     1
271
     1
  0
XRECORD
  5
20
102
{ACAD_REACTORS
330
1A
102
}
330
1A
100
AcDbXrecord
280
     1
270
     1
271
     1
  0
XRECORD
  5
1D
102
{ACAD_REACTORS
330
1A
102
}
330
1A
100
AcDbXrecord
280
     1
270
     1
271
     1
  0
XRECORD
  5
14
102
{ACAD_REACTORS
330
12
102
}
330
12
100
AcDbXrecord
280
     1
270
     1
271
     1
  0
XRECORD
  5
13
102
{ACAD_REACTORS
330
12
102
}
330
12
100
AcDbXrecord
280
     1
270
     1
271
     1
  0
XRECORD
  5
17
102
{ACAD_REACTORS
330
12
102
}
330
12
100
AcDbXrecord
280
     1
270
     1
271
     1
  0
XRECORD
  5
16
102
{ACAD_REACTORS
330
12
102
}
330
12
100
AcDbXrecord
280
     1
270
     1
271
     1
  0
XRECORD
  5
18
102
{ACAD_REACTORS
330
12
102
}
330
12
100
AcDbXrecord
280
     1
270
     1
271
     1
  0
XRECORD
  5
15
102
{ACAD_REACTORS
330
12
102
}
330
12
100
AcDbXrecord
280
     1
270
     1
271
     1
  0
XRECORD
  5
24
102
{ACAD_REACTORS
330
22
102
}
330
22
100
AcDbXrecord
280
     1
270
     1
271
     1
  0
XRECORD
  5
23
102
{ACAD_REACTORS
330
22
102
}
330
22
100
AcDbXrecord
280
     1
270
     1
271
     1
  0
XRECORD
  5
27
102
{ACAD_REACTORS
330
22
102
}
330
22
100
AcDbXrecord
280
     1
270
     1
271
     1
  0
XRECORD
  5
26
102
{ACAD_REACTORS
330
22
102
}
330
22
100
AcDbXrecord
280
     1
270
     1
271
     1
  0
XRECORD
  5
28
102
{ACAD_REACTORS
330
22
102
}
330
22
100
AcDbXrecord
280
     1
270
     1
271
     1
  0
XRECORD
  5
25
102
{ACAD_REACTORS
330
22
102
}
330
22
100
AcDbXrecord
280
     1
270
     1
271
     1
  0
XRECORD
  5
73E
102
{ACAD_REACTORS
330
73D
102
}
330
73D
100
AcDbXrecord
280
     1
102
DISPLAYNAME
  1
Imperial24
102
FLAGS
 90
        0
  0
CELLSTYLEMAP
  5
73B
102
{ACAD_REACTORS
330
73A
102
}
330
73A
100
AcDbCellStyleMap
 90
        3
300
CELLSTYLE
  1
TABLEFORMAT_BEGIN
 90
        5
170
     1
 91
        0
 92
    32768
 62
   257
 93
        1
300
CONTENTFORMAT
  1
CONTENTFORMAT_BEGIN
 90
        0
 91
        0
 92
      512
 93
        0
300

 40
0.0
140
1.0
 94
        5
 62
     0
340
55
144
0.25
309
CONTENTFORMAT_END
171
     0
 94
        0
309
TABLEFORMAT_END
  1
CELLSTYLE_BEGIN
 90
        1
 91
        1
300
_TITLE
309
CELLSTYLE_END
300
CELLSTYLE
  1
TABLEFORMAT_BEGIN
 90
        5
170
     1
 91
        0
 92
        0
 62
   257
 93
        1
300
CONTENTFORMAT
  1
CONTENTFORMAT_BEGIN
 90
        0
 91
        0
 92
      512
 93
        0
300

 40
0.0
140
1.0
 94
        5
 62
     0
340
55
144
0.18
309
CONTENTFORMAT_END
171
     0
 94
        0
309
TABLEFORMAT_END
  1
CELLSTYLE_BEGIN
 90
        2
 91
        1
300
_HEADER
309
CELLSTYLE_END
300
CELLSTYLE
  1
TABLEFORMAT_BEGIN
 90
        5
170
     1
 91
        0
 92
        0
 62
   257
 93
        1
300
CONTENTFORMAT
  1
CONTENTFORMAT_BEGIN
 90
        0
 91
        0
 92
      512
 93
        0
300

 40
0.0
140
1.0
 94
        2
 62
     0
340
55
144
0.18
309
CONTENTFORMAT_END
171
     0
 94
        0
309
TABLEFORMAT_END
  1
CELLSTYLE_BEGIN
 90
        3
 91
        2
300
_DATA
309
CELLSTYLE_END
  0
ENDSEC
  0
EOF
